date,part_id,sex,time,weather,irrad_a,irrad_b,distance_m,treatment,colour,lightness,order,side,detected
5/5/2017,p2,f,13.1,ps,NA,NA,4,GL,G,low,1,right,0
5/5/2017,p2,f,13.1,ps,NA,NA,5,YL,Y,low,2,right,0
5/5/2017,p2,f,13.1,ps,NA,NA,3,BL,B,low,3,right,1
5/5/2017,p2,f,13.1,ps,NA,NA,4,YL,Y,low,4,right,0
5/5/2017,p2,f,13.1,ps,NA,NA,2,B,B,high,5,right,0
5/5/2017,p2,f,13.1,ps,NA,NA,5,G,G,high,6,right,1
5/5/2017,p2,f,13.1,ps,NA,NA,3,Y,Y,high,7,right,0
5/5/2017,p2,f,13.1,ps,NA,NA,5,GL,G,low,8,right,0
5/5/2017,p2,f,13.1,ps,NA,NA,5,C,C,high,9,right,0
5/5/2017,p2,f,13.1,ps,NA,NA,2,Y,Y,high,10,right,1
5/5/2017,p2,f,13.1,ps,NA,NA,3,G,G,high,11,right,1
5/5/2017,p2,f,13.1,ps,NA,NA,2,BL,B,low,12,right,1
5/5/2017,p2,f,13.1,ps,NA,NA,3,YL,Y,low,13,right,1
5/5/2017,p2,f,13.1,ps,NA,NA,5,B,B,high,14,right,0
5/5/2017,p2,f,13.1,ps,NA,NA,2,GL,G,low,15,right,1
5/5/2017,p2,f,13.1,ps,NA,NA,4,BL,B,low,16,right,1
5/5/2017,p2,f,13.1,ps,NA,NA,2,C,C,high,17,right,0
5/5/2017,p2,f,13.1,ps,NA,NA,3,B,B,high,18,right,1
5/5/2017,p2,f,13.1,ps,NA,NA,2,YL,Y,low,19,right,1
5/5/2017,p2,f,13.1,ps,NA,NA,4,G,G,high,20,right,1
5/5/2017,p2,f,13.1,ps,NA,NA,5,BL,B,low,21,right,1
5/5/2017,p2,f,13.1,ps,NA,NA,3,C,C,high,22,right,0
5/5/2017,p2,f,13.1,ps,NA,NA,5,Y,Y,high,23,right,0
5/5/2017,p2,f,13.1,ps,NA,NA,4,B,B,high,24,right,1
5/5/2017,p2,f,13.1,ps,NA,NA,2,G,G,high,25,right,0
5/5/2017,p2,f,13.1,ps,NA,NA,4,C,C,high,26,right,0
5/5/2017,p2,f,13.1,ps,NA,NA,4,Y,Y,high,27,right,0
5/5/2017,p2,f,13.1,ps,NA,NA,3,GL,G,low,28,right,0
5/5/2017,p3,f,13.17,ps,NA,NA,4,GL,G,low,1,right,0
5/5/2017,p3,f,13.17,ps,NA,NA,5,YL,Y,low,2,right,0
5/5/2017,p3,f,13.17,ps,NA,NA,3,BL,B,low,3,right,1
5/5/2017,p3,f,13.17,ps,NA,NA,4,YL,Y,low,4,right,0
5/5/2017,p3,f,13.17,ps,NA,NA,2,B,B,high,5,right,1
5/5/2017,p3,f,13.17,ps,NA,NA,5,G,G,high,6,right,0
5/5/2017,p3,f,13.17,ps,NA,NA,3,Y,Y,high,7,right,1
5/5/2017,p3,f,13.17,ps,NA,NA,5,GL,G,low,8,right,0
5/5/2017,p3,f,13.17,ps,NA,NA,5,C,C,high,9,right,0
5/5/2017,p3,f,13.17,ps,NA,NA,2,Y,Y,high,10,right,1
5/5/2017,p3,f,13.17,ps,NA,NA,3,G,G,high,11,right,0
5/5/2017,p3,f,13.17,ps,NA,NA,2,BL,B,low,12,right,1
5/5/2017,p3,f,13.17,ps,NA,NA,3,YL,Y,low,13,right,1
5/5/2017,p3,f,13.17,ps,NA,NA,5,B,B,high,14,right,0
5/5/2017,p3,f,13.17,ps,NA,NA,2,GL,G,low,15,right,1
5/5/2017,p3,f,13.17,ps,NA,NA,4,BL,B,low,16,right,1
5/5/2017,p3,f,13.17,ps,NA,NA,2,C,C,high,17,right,0
5/5/2017,p3,f,13.17,ps,NA,NA,3,B,B,high,18,right,1
5/5/2017,p3,f,13.17,ps,NA,NA,2,YL,Y,low,19,right,1
5/5/2017,p3,f,13.17,ps,NA,NA,4,G,G,high,20,right,1
5/5/2017,p3,f,13.17,ps,NA,NA,5,BL,B,low,21,right,0
5/5/2017,p3,f,13.17,ps,NA,NA,3,C,C,high,22,right,0
5/5/2017,p3,f,13.17,ps,NA,NA,5,Y,Y,high,23,right,0
5/5/2017,p3,f,13.17,ps,NA,NA,4,B,B,high,24,right,0
5/5/2017,p3,f,13.17,ps,NA,NA,2,G,G,high,25,right,0
5/5/2017,p3,f,13.17,ps,NA,NA,4,C,C,high,26,right,0
5/5/2017,p3,f,13.17,ps,NA,NA,4,Y,Y,high,27,right,0
5/5/2017,p3,f,13.17,ps,NA,NA,3,GL,G,low,28,right,1
5/5/2017,p4,f,13.23,ps,NA,NA,4,GL,G,low,1,right,0
5/5/2017,p4,f,13.23,ps,NA,NA,5,YL,Y,low,2,right,0
5/5/2017,p4,f,13.23,ps,NA,NA,3,BL,B,low,3,right,0
5/5/2017,p4,f,13.23,ps,NA,NA,4,YL,Y,low,4,right,0
5/5/2017,p4,f,13.23,ps,NA,NA,2,B,B,high,5,right,0
5/5/2017,p4,f,13.23,ps,NA,NA,5,G,G,high,6,right,0
5/5/2017,p4,f,13.23,ps,NA,NA,3,Y,Y,high,7,right,1
5/5/2017,p4,f,13.23,ps,NA,NA,5,GL,G,low,8,right,1
5/5/2017,p4,f,13.23,ps,NA,NA,5,C,C,high,9,right,0
5/5/2017,p4,f,13.23,ps,NA,NA,2,Y,Y,high,10,right,0
5/5/2017,p4,f,13.23,ps,NA,NA,3,G,G,high,11,right,0
5/5/2017,p4,f,13.23,ps,NA,NA,2,BL,B,low,12,right,1
5/5/2017,p4,f,13.23,ps,NA,NA,3,YL,Y,low,13,right,1
5/5/2017,p4,f,13.23,ps,NA,NA,5,B,B,high,14,right,0
5/5/2017,p4,f,13.23,ps,NA,NA,2,GL,G,low,15,right,1
5/5/2017,p4,f,13.23,ps,NA,NA,4,BL,B,low,16,right,1
5/5/2017,p4,f,13.23,ps,NA,NA,2,C,C,high,17,right,0
5/5/2017,p4,f,13.23,ps,NA,NA,3,B,B,high,18,right,1
5/5/2017,p4,f,13.23,ps,NA,NA,2,YL,Y,low,19,right,0
5/5/2017,p4,f,13.23,ps,NA,NA,4,G,G,high,20,right,1
5/5/2017,p4,f,13.23,ps,NA,NA,5,BL,B,low,21,right,0
5/5/2017,p4,f,13.23,ps,NA,NA,3,C,C,high,22,right,0
5/5/2017,p4,f,13.23,ps,NA,NA,5,Y,Y,high,23,right,0
5/5/2017,p4,f,13.23,ps,NA,NA,4,B,B,high,24,right,1
5/5/2017,p4,f,13.23,ps,NA,NA,2,G,G,high,25,right,1
5/5/2017,p4,f,13.23,ps,NA,NA,4,C,C,high,26,right,0
5/5/2017,p4,f,13.23,ps,NA,NA,4,Y,Y,high,27,right,1
5/5/2017,p4,f,13.23,ps,NA,NA,3,GL,G,low,28,right,1
5/5/2017,p5,m,13.3,sh,NA,NA,4,GL,G,low,1,right,0
5/5/2017,p5,m,13.3,sh,NA,NA,5,YL,Y,low,2,right,0
5/5/2017,p5,m,13.3,sh,NA,NA,3,BL,B,low,3,right,0
5/5/2017,p5,m,13.3,sh,NA,NA,4,YL,Y,low,4,right,0
5/5/2017,p5,m,13.3,sh,NA,NA,2,B,B,high,5,right,1
5/5/2017,p5,m,13.3,sh,NA,NA,5,G,G,high,6,right,0
5/5/2017,p5,m,13.3,sh,NA,NA,3,Y,Y,high,7,right,0
5/5/2017,p5,m,13.3,sh,NA,NA,5,GL,G,low,8,right,0
5/5/2017,p5,m,13.3,sh,NA,NA,5,C,C,high,9,right,0
5/5/2017,p5,m,13.3,sh,NA,NA,2,Y,Y,high,10,right,0
5/5/2017,p5,m,13.3,sh,NA,NA,3,G,G,high,11,right,0
5/5/2017,p5,m,13.3,sh,NA,NA,2,BL,B,low,12,right,0
5/5/2017,p5,m,13.3,sh,NA,NA,3,YL,Y,low,13,right,0
5/5/2017,p5,m,13.3,sh,NA,NA,5,B,B,high,14,right,0
5/5/2017,p5,m,13.3,sh,NA,NA,2,GL,G,low,15,right,0
5/5/2017,p5,m,13.3,sh,NA,NA,4,BL,B,low,16,right,0
5/5/2017,p5,m,13.3,sh,NA,NA,2,C,C,high,17,right,0
5/5/2017,p5,m,13.3,sh,NA,NA,3,B,B,high,18,right,0
5/5/2017,p5,m,13.3,sh,NA,NA,2,YL,Y,low,19,right,0
5/5/2017,p5,m,13.3,sh,NA,NA,4,G,G,high,20,right,0
5/5/2017,p5,m,13.3,sh,NA,NA,5,BL,B,low,21,right,0
5/5/2017,p5,m,13.3,sh,NA,NA,3,C,C,high,22,right,0
5/5/2017,p5,m,13.3,sh,NA,NA,5,Y,Y,high,23,right,0
5/5/2017,p5,m,13.3,sh,NA,NA,4,B,B,high,24,right,0
5/5/2017,p5,m,13.3,sh,NA,NA,2,G,G,high,25,right,0
5/5/2017,p5,m,13.3,sh,NA,NA,4,C,C,high,26,right,0
5/5/2017,p5,m,13.3,sh,NA,NA,4,Y,Y,high,27,right,0
5/5/2017,p5,m,13.3,sh,NA,NA,3,GL,G,low,28,right,0
5/5/2017,p6,f,13.36,sh,NA,NA,4,GL,G,low,1,right,0
5/5/2017,p6,f,13.36,sh,NA,NA,5,YL,Y,low,2,right,0
5/5/2017,p6,f,13.36,sh,NA,NA,3,BL,B,low,3,right,1
5/5/2017,p6,f,13.36,sh,NA,NA,4,YL,Y,low,4,right,1
5/5/2017,p6,f,13.36,sh,NA,NA,2,B,B,high,5,right,1
5/5/2017,p6,f,13.36,sh,NA,NA,5,G,G,high,6,right,0
5/5/2017,p6,f,13.36,sh,NA,NA,3,Y,Y,high,7,right,1
5/5/2017,p6,f,13.36,sh,NA,NA,5,GL,G,low,8,right,1
5/5/2017,p6,f,13.36,sh,NA,NA,5,C,C,high,9,right,1
5/5/2017,p6,f,13.36,sh,NA,NA,2,Y,Y,high,10,right,0
5/5/2017,p6,f,13.36,sh,NA,NA,3,G,G,high,11,right,0
5/5/2017,p6,f,13.36,sh,NA,NA,2,BL,B,low,12,right,1
5/5/2017,p6,f,13.36,sh,NA,NA,3,YL,Y,low,13,right,0
5/5/2017,p6,f,13.36,sh,NA,NA,5,B,B,high,14,right,0
5/5/2017,p6,f,13.36,sh,NA,NA,2,GL,G,low,15,right,0
5/5/2017,p6,f,13.36,sh,NA,NA,4,BL,B,low,16,right,0
5/5/2017,p6,f,13.36,sh,NA,NA,2,C,C,high,17,right,0
5/5/2017,p6,f,13.36,sh,NA,NA,3,B,B,high,18,right,0
5/5/2017,p6,f,13.36,sh,NA,NA,2,YL,Y,low,19,right,0
5/5/2017,p6,f,13.36,sh,NA,NA,4,G,G,high,20,right,0
5/5/2017,p6,f,13.36,sh,NA,NA,5,BL,B,low,21,right,0
5/5/2017,p6,f,13.36,sh,NA,NA,3,C,C,high,22,right,0
5/5/2017,p6,f,13.36,sh,NA,NA,5,Y,Y,high,23,right,0
5/5/2017,p6,f,13.36,sh,NA,NA,4,B,B,high,24,right,0
5/5/2017,p6,f,13.36,sh,NA,NA,2,G,G,high,25,right,0
5/5/2017,p6,f,13.36,sh,NA,NA,4,C,C,high,26,right,0
5/5/2017,p6,f,13.36,sh,NA,NA,4,Y,Y,high,27,right,0
5/5/2017,p6,f,13.36,sh,NA,NA,3,GL,G,low,28,right,1
5/5/2017,p7,m,13.42,su,NA,NA,4,GL,G,low,1,right,0
5/5/2017,p7,m,13.42,su,NA,NA,5,YL,Y,low,2,right,0
5/5/2017,p7,m,13.42,su,NA,NA,3,BL,B,low,3,right,0
5/5/2017,p7,m,13.42,su,NA,NA,4,YL,Y,low,4,right,0
5/5/2017,p7,m,13.42,su,NA,NA,2,B,B,high,5,right,1
5/5/2017,p7,m,13.42,su,NA,NA,5,G,G,high,6,right,0
5/5/2017,p7,m,13.42,su,NA,NA,3,Y,Y,high,7,right,1
5/5/2017,p7,m,13.42,su,NA,NA,5,GL,G,low,8,right,0
5/5/2017,p7,m,13.42,su,NA,NA,5,C,C,high,9,right,0
5/5/2017,p7,m,13.42,su,NA,NA,2,Y,Y,high,10,right,1
5/5/2017,p7,m,13.42,su,NA,NA,3,G,G,high,11,right,0
5/5/2017,p7,m,13.42,su,NA,NA,2,BL,B,low,12,right,1
5/5/2017,p7,m,13.42,su,NA,NA,3,YL,Y,low,13,right,1
5/5/2017,p7,m,13.42,su,NA,NA,5,B,B,high,14,right,0
5/5/2017,p7,m,13.42,su,NA,NA,2,GL,G,low,15,right,1
5/5/2017,p7,m,13.42,su,NA,NA,4,BL,B,low,16,right,0
5/5/2017,p7,m,13.42,su,NA,NA,2,C,C,high,17,right,1
5/5/2017,p7,m,13.42,su,NA,NA,3,B,B,high,18,right,0
5/5/2017,p7,m,13.42,su,NA,NA,2,YL,Y,low,19,right,1
5/5/2017,p7,m,13.42,su,NA,NA,4,G,G,high,20,right,0
5/5/2017,p7,m,13.42,su,NA,NA,5,BL,B,low,21,right,0
5/5/2017,p7,m,13.42,su,NA,NA,3,C,C,high,22,right,0
5/5/2017,p7,m,13.42,su,NA,NA,5,Y,Y,high,23,right,0
5/5/2017,p7,m,13.42,su,NA,NA,4,B,B,high,24,right,0
5/5/2017,p7,m,13.42,su,NA,NA,2,G,G,high,25,right,0
5/5/2017,p7,m,13.42,su,NA,NA,4,C,C,high,26,right,0
5/5/2017,p7,m,13.42,su,NA,NA,4,Y,Y,high,27,right,0
5/5/2017,p7,m,13.42,su,NA,NA,3,GL,G,low,28,right,1
9/5/2017,p8,f,11.16,ps,i00_0001,i00_0002,2,GL,G,low,1,right,1
9/5/2017,p8,f,11.16,ps,i00_0001,i00_0002,4,BL,B,low,2,right,0
9/5/2017,p8,f,11.16,ps,i00_0001,i00_0002,4,YL,Y,low,3,right,1
9/5/2017,p8,f,11.16,ps,i00_0001,i00_0002,2,B,B,high,4,right,0
9/5/2017,p8,f,11.16,ps,i00_0001,i00_0002,5,C,C,high,5,right,0
9/5/2017,p8,f,11.16,ps,i00_0001,i00_0002,5,G,G,high,6,right,0
9/5/2017,p8,f,11.16,ps,i00_0001,i00_0002,4,GL,G,low,7,right,1
9/5/2017,p8,f,11.16,ps,i00_0001,i00_0002,5,YL,Y,low,8,right,0
9/5/2017,p8,f,11.16,ps,i00_0001,i00_0002,4,B,B,high,9,right,0
9/5/2017,p8,f,11.16,ps,i00_0001,i00_0002,2,G,G,high,10,right,1
9/5/2017,p8,f,11.16,ps,i00_0001,i00_0002,4,C,C,high,11,right,0
9/5/2017,p8,f,11.16,ps,i00_0001,i00_0002,3,Y,Y,high,12,right,0
9/5/2017,p8,f,11.16,ps,i00_0001,i00_0002,5,GL,G,low,13,right,1
9/5/2017,p8,f,11.16,ps,i00_0001,i00_0002,2,YL,Y,low,14,right,1
9/5/2017,p8,f,11.16,ps,i00_0001,i00_0002,2,C,C,high,15,right,0
9/5/2017,p8,f,11.16,ps,i00_0001,i00_0002,3,B,B,high,16,right,1
9/5/2017,p8,f,11.16,ps,i00_0001,i00_0002,3,BL,B,low,17,right,0
9/5/2017,p8,f,11.16,ps,i00_0001,i00_0002,2,Y,Y,high,18,right,0
9/5/2017,p8,f,11.16,ps,i00_0001,i00_0002,4,G,G,high,19,right,0
9/5/2017,p8,f,11.16,ps,i00_0001,i00_0002,3,YL,Y,low,20,right,0
9/5/2017,p8,f,11.16,ps,i00_0001,i00_0002,2,BL,B,low,21,right,1
9/5/2017,p8,f,11.16,ps,i00_0001,i00_0002,4,Y,Y,high,22,right,0
9/5/2017,p8,f,11.16,ps,i00_0001,i00_0002,3,GL,G,low,23,right,1
9/5/2017,p8,f,11.16,ps,i00_0001,i00_0002,3,C,C,high,24,right,0
9/5/2017,p8,f,11.16,ps,i00_0001,i00_0002,3,G,G,high,25,right,0
9/5/2017,p8,f,11.16,ps,i00_0001,i00_0002,5,B,B,high,26,right,1
9/5/2017,p8,f,11.16,ps,i00_0001,i00_0002,5,Y,Y,high,27,right,0
9/5/2017,p8,f,11.16,ps,i00_0001,i00_0002,5,BL,B,low,28,right,1
9/5/2017,p9,m,11.22,ps,i00_0004,i00_0005,2,GL,G,low,1,right,1
9/5/2017,p9,m,11.22,ps,i00_0004,i00_0005,4,BL,B,low,2,right,0
9/5/2017,p9,m,11.22,ps,i00_0004,i00_0005,4,YL,Y,low,3,right,0
9/5/2017,p9,m,11.22,ps,i00_0004,i00_0005,2,B,B,high,4,right,1
9/5/2017,p9,m,11.22,ps,i00_0004,i00_0005,5,C,C,high,5,right,0
9/5/2017,p9,m,11.22,ps,i00_0004,i00_0005,5,G,G,high,6,right,1
9/5/2017,p9,m,11.22,ps,i00_0004,i00_0005,4,GL,G,low,7,right,1
9/5/2017,p9,m,11.22,ps,i00_0004,i00_0005,5,YL,Y,low,8,right,1
9/5/2017,p9,m,11.22,ps,i00_0004,i00_0005,4,B,B,high,9,right,0
9/5/2017,p9,m,11.22,ps,i00_0004,i00_0005,2,G,G,high,10,right,1
9/5/2017,p9,m,11.22,ps,i00_0004,i00_0005,4,C,C,high,11,right,0
9/5/2017,p9,m,11.22,ps,i00_0004,i00_0005,3,Y,Y,high,12,right,1
9/5/2017,p9,m,11.22,ps,i00_0004,i00_0005,5,GL,G,low,13,right,0
9/5/2017,p9,m,11.22,ps,i00_0004,i00_0005,2,YL,Y,low,14,right,1
9/5/2017,p9,m,11.22,ps,i00_0004,i00_0005,2,C,C,high,15,right,0
9/5/2017,p9,m,11.22,ps,i00_0004,i00_0005,3,B,B,high,16,right,0
9/5/2017,p9,m,11.22,ps,i00_0004,i00_0005,3,BL,B,low,17,right,1
9/5/2017,p9,m,11.22,ps,i00_0004,i00_0005,2,Y,Y,high,18,right,0
9/5/2017,p9,m,11.22,ps,i00_0004,i00_0005,4,G,G,high,19,right,1
9/5/2017,p9,m,11.22,ps,i00_0004,i00_0005,3,YL,Y,low,20,right,0
9/5/2017,p9,m,11.22,ps,i00_0004,i00_0005,2,BL,B,low,21,right,1
9/5/2017,p9,m,11.22,ps,i00_0004,i00_0005,4,Y,Y,high,22,right,1
9/5/2017,p9,m,11.22,ps,i00_0004,i00_0005,3,GL,G,low,23,right,0
9/5/2017,p9,m,11.22,ps,i00_0004,i00_0005,3,C,C,high,24,right,0
9/5/2017,p9,m,11.22,ps,i00_0004,i00_0005,3,G,G,high,25,right,0
9/5/2017,p9,m,11.22,ps,i00_0004,i00_0005,5,B,B,high,26,right,1
9/5/2017,p9,m,11.22,ps,i00_0004,i00_0005,5,Y,Y,high,27,right,0
9/5/2017,p9,m,11.22,ps,i00_0004,i00_0005,5,BL,B,low,28,right,1
9/5/2017,p10,m,11.37,ps,i00_0006,i00_0007,2,GL,G,low,1,right,0
9/5/2017,p10,m,11.37,ps,i00_0006,i00_0007,4,BL,B,low,2,right,0
9/5/2017,p10,m,11.37,ps,i00_0006,i00_0007,4,YL,Y,low,3,right,1
9/5/2017,p10,m,11.37,ps,i00_0006,i00_0007,2,B,B,high,4,right,1
9/5/2017,p10,m,11.37,ps,i00_0006,i00_0007,5,C,C,high,5,right,0
9/5/2017,p10,m,11.37,ps,i00_0006,i00_0007,5,G,G,high,6,right,0
9/5/2017,p10,m,11.37,ps,i00_0006,i00_0007,4,GL,G,low,7,right,0
9/5/2017,p10,m,11.37,ps,i00_0006,i00_0007,5,YL,Y,low,8,right,1
9/5/2017,p10,m,11.37,ps,i00_0006,i00_0007,4,B,B,high,9,right,0
9/5/2017,p10,m,11.37,ps,i00_0006,i00_0007,2,G,G,high,10,right,0
9/5/2017,p10,m,11.37,ps,i00_0006,i00_0007,4,C,C,high,11,right,0
9/5/2017,p10,m,11.37,ps,i00_0006,i00_0007,3,Y,Y,high,12,right,1
9/5/2017,p10,m,11.37,ps,i00_0006,i00_0007,5,GL,G,low,13,right,0
9/5/2017,p10,m,11.37,ps,i00_0006,i00_0007,2,YL,Y,low,14,right,1
9/5/2017,p10,m,11.37,ps,i00_0006,i00_0007,2,C,C,high,15,right,0
9/5/2017,p10,m,11.37,ps,i00_0006,i00_0007,3,B,B,high,16,right,1
9/5/2017,p10,m,11.37,ps,i00_0006,i00_0007,3,BL,B,low,17,right,1
9/5/2017,p10,m,11.37,ps,i00_0006,i00_0007,2,Y,Y,high,18,right,0
9/5/2017,p10,m,11.37,ps,i00_0006,i00_0007,4,G,G,high,19,right,0
9/5/2017,p10,m,11.37,ps,i00_0006,i00_0007,3,YL,Y,low,20,right,1
9/5/2017,p10,m,11.37,ps,i00_0006,i00_0007,2,BL,B,low,21,right,1
9/5/2017,p10,m,11.37,ps,i00_0006,i00_0007,4,Y,Y,high,22,right,1
9/5/2017,p10,m,11.37,ps,i00_0006,i00_0007,3,GL,G,low,23,right,0
9/5/2017,p10,m,11.37,ps,i00_0006,i00_0007,3,C,C,high,24,right,0
9/5/2017,p10,m,11.37,ps,i00_0006,i00_0007,3,G,G,high,25,right,1
9/5/2017,p10,m,11.37,ps,i00_0006,i00_0007,5,B,B,high,26,right,0
9/5/2017,p10,m,11.37,ps,i00_0006,i00_0007,5,Y,Y,high,27,right,0
9/5/2017,p10,m,11.37,ps,i00_0006,i00_0007,5,BL,B,low,28,right,0
9/5/2017,p11,m,12.24,ps,i00_0008,i00_0009,2,GL,G,low,1,right,1
9/5/2017,p11,m,12.24,ps,i00_0008,i00_0009,4,BL,B,low,2,right,1
9/5/2017,p11,m,12.24,ps,i00_0008,i00_0009,4,YL,Y,low,3,right,1
9/5/2017,p11,m,12.24,ps,i00_0008,i00_0009,2,B,B,high,4,right,0
9/5/2017,p11,m,12.24,ps,i00_0008,i00_0009,5,C,C,high,5,right,0
9/5/2017,p11,m,12.24,ps,i00_0008,i00_0009,5,G,G,high,6,right,1
9/5/2017,p11,m,12.24,ps,i00_0008,i00_0009,4,GL,G,low,7,right,0
9/5/2017,p11,m,12.24,ps,i00_0008,i00_0009,5,YL,Y,low,8,right,0
9/5/2017,p11,m,12.24,ps,i00_0008,i00_0009,4,B,B,high,9,right,0
9/5/2017,p11,m,12.24,ps,i00_0008,i00_0009,2,G,G,high,10,right,1
9/5/2017,p11,m,12.24,ps,i00_0008,i00_0009,4,C,C,high,11,right,0
9/5/2017,p11,m,12.24,ps,i00_0008,i00_0009,3,Y,Y,high,12,right,0
9/5/2017,p11,m,12.24,ps,i00_0008,i00_0009,5,GL,G,low,13,right,1
9/5/2017,p11,m,12.24,ps,i00_0008,i00_0009,2,YL,Y,low,14,right,0
9/5/2017,p11,m,12.24,ps,i00_0008,i00_0009,2,C,C,high,15,right,0
9/5/2017,p11,m,12.24,ps,i00_0008,i00_0009,3,B,B,high,16,right,1
9/5/2017,p11,m,12.24,ps,i00_0008,i00_0009,3,BL,B,low,17,right,1
9/5/2017,p11,m,12.24,ps,i00_0008,i00_0009,2,Y,Y,high,18,right,0
9/5/2017,p11,m,12.24,ps,i00_0008,i00_0009,4,G,G,high,19,right,0
9/5/2017,p11,m,12.24,ps,i00_0008,i00_0009,3,YL,Y,low,20,right,1
9/5/2017,p11,m,12.24,ps,i00_0008,i00_0009,2,BL,B,low,21,right,1
9/5/2017,p11,m,12.24,ps,i00_0008,i00_0009,4,Y,Y,high,22,right,0
9/5/2017,p11,m,12.24,ps,i00_0008,i00_0009,3,GL,G,low,23,right,0
9/5/2017,p11,m,12.24,ps,i00_0008,i00_0009,3,C,C,high,24,right,0
9/5/2017,p11,m,12.24,ps,i00_0008,i00_0009,3,G,G,high,25,right,0
9/5/2017,p11,m,12.24,ps,i00_0008,i00_0009,5,B,B,high,26,right,1
9/5/2017,p11,m,12.24,ps,i00_0008,i00_0009,5,Y,Y,high,27,right,0
9/5/2017,p11,m,12.24,ps,i00_0008,i00_0009,5,BL,B,low,28,right,0
9/5/2017,p12,m,12.31,su,i00_0010,i00_0011,2,GL,G,low,1,right,1
9/5/2017,p12,m,12.31,su,i00_0010,i00_0011,4,BL,B,low,2,right,0
9/5/2017,p12,m,12.31,su,i00_0010,i00_0011,4,YL,Y,low,3,right,1
9/5/2017,p12,m,12.31,su,i00_0010,i00_0011,2,B,B,high,4,right,1
9/5/2017,p12,m,12.31,su,i00_0010,i00_0011,5,C,C,high,5,right,0
9/5/2017,p12,m,12.31,su,i00_0010,i00_0011,5,G,G,high,6,right,0
9/5/2017,p12,m,12.31,su,i00_0010,i00_0011,4,GL,G,low,7,right,1
9/5/2017,p12,m,12.31,su,i00_0010,i00_0011,5,YL,Y,low,8,right,1
9/5/2017,p12,m,12.31,su,i00_0010,i00_0011,4,B,B,high,9,right,0
9/5/2017,p12,m,12.31,su,i00_0010,i00_0011,2,G,G,high,10,right,0
9/5/2017,p12,m,12.31,su,i00_0010,i00_0011,4,C,C,high,11,right,0
9/5/2017,p12,m,12.31,su,i00_0010,i00_0011,3,Y,Y,high,12,right,0
9/5/2017,p12,m,12.31,su,i00_0010,i00_0011,5,GL,G,low,13,right,1
9/5/2017,p12,m,12.31,su,i00_0010,i00_0011,2,YL,Y,low,14,right,0
9/5/2017,p12,m,12.31,su,i00_0010,i00_0011,2,C,C,high,15,right,0
9/5/2017,p12,m,12.31,su,i00_0010,i00_0011,3,B,B,high,16,right,1
9/5/2017,p12,m,12.31,su,i00_0010,i00_0011,3,BL,B,low,17,right,1
9/5/2017,p12,m,12.31,su,i00_0010,i00_0011,2,Y,Y,high,18,right,0
9/5/2017,p12,m,12.31,su,i00_0010,i00_0011,4,G,G,high,19,right,1
9/5/2017,p12,m,12.31,su,i00_0010,i00_0011,3,YL,Y,low,20,right,0
9/5/2017,p12,m,12.31,su,i00_0010,i00_0011,2,BL,B,low,21,right,0
9/5/2017,p12,m,12.31,su,i00_0010,i00_0011,4,Y,Y,high,22,right,1
9/5/2017,p12,m,12.31,su,i00_0010,i00_0011,3,GL,G,low,23,right,0
9/5/2017,p12,m,12.31,su,i00_0010,i00_0011,3,C,C,high,24,right,0
9/5/2017,p12,m,12.31,su,i00_0010,i00_0011,3,G,G,high,25,right,1
9/5/2017,p12,m,12.31,su,i00_0010,i00_0011,5,B,B,high,26,right,1
9/5/2017,p12,m,12.31,su,i00_0010,i00_0011,5,Y,Y,high,27,right,0
9/5/2017,p12,m,12.31,su,i00_0010,i00_0011,5,BL,B,low,28,right,1
9/5/2017,p13,f,12.37,ps,i00_0012,i00_0013,2,GL,G,low,1,right,0
9/5/2017,p13,f,12.37,ps,i00_0012,i00_0013,4,BL,B,low,2,right,0
9/5/2017,p13,f,12.37,ps,i00_0012,i00_0013,4,YL,Y,low,3,right,0
9/5/2017,p13,f,12.37,ps,i00_0012,i00_0013,2,B,B,high,4,right,1
9/5/2017,p13,f,12.37,ps,i00_0012,i00_0013,5,C,C,high,5,right,0
9/5/2017,p13,f,12.37,ps,i00_0012,i00_0013,5,G,G,high,6,right,1
9/5/2017,p13,f,12.37,ps,i00_0012,i00_0013,4,GL,G,low,7,right,1
9/5/2017,p13,f,12.37,ps,i00_0012,i00_0013,5,YL,Y,low,8,right,0
9/5/2017,p13,f,12.37,ps,i00_0012,i00_0013,4,B,B,high,9,right,0
9/5/2017,p13,f,12.37,ps,i00_0012,i00_0013,2,G,G,high,10,right,1
9/5/2017,p13,f,12.37,ps,i00_0012,i00_0013,4,C,C,high,11,right,0
9/5/2017,p13,f,12.37,ps,i00_0012,i00_0013,3,Y,Y,high,12,right,1
9/5/2017,p13,f,12.37,ps,i00_0012,i00_0013,5,GL,G,low,13,right,0
9/5/2017,p13,f,12.37,ps,i00_0012,i00_0013,2,YL,Y,low,14,right,1
9/5/2017,p13,f,12.37,ps,i00_0012,i00_0013,2,C,C,high,15,right,0
9/5/2017,p13,f,12.37,ps,i00_0012,i00_0013,3,B,B,high,16,right,1
9/5/2017,p13,f,12.37,ps,i00_0012,i00_0013,3,BL,B,low,17,right,1
9/5/2017,p13,f,12.37,ps,i00_0012,i00_0013,2,Y,Y,high,18,right,1
9/5/2017,p13,f,12.37,ps,i00_0012,i00_0013,4,G,G,high,19,right,1
9/5/2017,p13,f,12.37,ps,i00_0012,i00_0013,3,YL,Y,low,20,right,0
9/5/2017,p13,f,12.37,ps,i00_0012,i00_0013,2,BL,B,low,21,right,1
9/5/2017,p13,f,12.37,ps,i00_0012,i00_0013,4,Y,Y,high,22,right,0
9/5/2017,p13,f,12.37,ps,i00_0012,i00_0013,3,GL,G,low,23,right,1
9/5/2017,p13,f,12.37,ps,i00_0012,i00_0013,3,C,C,high,24,right,0
9/5/2017,p13,f,12.37,ps,i00_0012,i00_0013,3,G,G,high,25,right,0
9/5/2017,p13,f,12.37,ps,i00_0012,i00_0013,5,B,B,high,26,right,1
9/5/2017,p13,f,12.37,ps,i00_0012,i00_0013,5,Y,Y,high,27,right,0
9/5/2017,p13,f,12.37,ps,i00_0012,i00_0013,5,BL,B,low,28,right,1
9/5/2017,p14,f,12.5,ps,i00_0014,i00_0015,2,GL,G,low,1,right,1
9/5/2017,p14,f,12.5,ps,i00_0014,i00_0015,4,BL,B,low,2,right,0
9/5/2017,p14,f,12.5,ps,i00_0014,i00_0015,4,YL,Y,low,3,right,1
9/5/2017,p14,f,12.5,ps,i00_0014,i00_0015,2,B,B,high,4,right,1
9/5/2017,p14,f,12.5,ps,i00_0014,i00_0015,5,C,C,high,5,right,0
9/5/2017,p14,f,12.5,ps,i00_0014,i00_0015,5,G,G,high,6,right,0
9/5/2017,p14,f,12.5,ps,i00_0014,i00_0015,4,GL,G,low,7,right,0
9/5/2017,p14,f,12.5,ps,i00_0014,i00_0015,5,YL,Y,low,8,right,0
9/5/2017,p14,f,12.5,ps,i00_0014,i00_0015,4,B,B,high,9,right,0
9/5/2017,p14,f,12.5,ps,i00_0014,i00_0015,2,G,G,high,10,right,1
9/5/2017,p14,f,12.5,ps,i00_0014,i00_0015,4,C,C,high,11,right,0
9/5/2017,p14,f,12.5,ps,i00_0014,i00_0015,3,Y,Y,high,12,right,0
9/5/2017,p14,f,12.5,ps,i00_0014,i00_0015,5,GL,G,low,13,right,1
9/5/2017,p14,f,12.5,ps,i00_0014,i00_0015,2,YL,Y,low,14,right,1
9/5/2017,p14,f,12.5,ps,i00_0014,i00_0015,2,C,C,high,15,right,0
9/5/2017,p14,f,12.5,ps,i00_0014,i00_0015,3,B,B,high,16,right,1
9/5/2017,p14,f,12.5,ps,i00_0014,i00_0015,3,BL,B,low,17,right,1
9/5/2017,p14,f,12.5,ps,i00_0014,i00_0015,2,Y,Y,high,18,right,0
9/5/2017,p14,f,12.5,ps,i00_0014,i00_0015,4,G,G,high,19,right,0
9/5/2017,p14,f,12.5,ps,i00_0014,i00_0015,3,YL,Y,low,20,right,0
9/5/2017,p14,f,12.5,ps,i00_0014,i00_0015,2,BL,B,low,21,right,1
9/5/2017,p14,f,12.5,ps,i00_0014,i00_0015,4,Y,Y,high,22,right,0
9/5/2017,p14,f,12.5,ps,i00_0014,i00_0015,3,GL,G,low,23,right,0
9/5/2017,p14,f,12.5,ps,i00_0014,i00_0015,3,C,C,high,24,right,0
9/5/2017,p14,f,12.5,ps,i00_0014,i00_0015,3,G,G,high,25,right,0
9/5/2017,p14,f,12.5,ps,i00_0014,i00_0015,5,B,B,high,26,right,0
9/5/2017,p14,f,12.5,ps,i00_0014,i00_0015,5,Y,Y,high,27,right,1
9/5/2017,p14,f,12.5,ps,i00_0014,i00_0015,5,BL,B,low,28,right,1
9/5/2017,p15,m,12.55,su,i00_0016,i00_0017,2,GL,G,low,1,right,1
9/5/2017,p15,m,12.55,su,i00_0016,i00_0017,4,BL,B,low,2,right,0
9/5/2017,p15,m,12.55,su,i00_0016,i00_0017,4,YL,Y,low,3,right,0
9/5/2017,p15,m,12.55,su,i00_0016,i00_0017,2,B,B,high,4,right,0
9/5/2017,p15,m,12.55,su,i00_0016,i00_0017,5,C,C,high,5,right,1
9/5/2017,p15,m,12.55,su,i00_0016,i00_0017,5,G,G,high,6,right,1
9/5/2017,p15,m,12.55,su,i00_0016,i00_0017,4,GL,G,low,7,right,0
9/5/2017,p15,m,12.55,su,i00_0016,i00_0017,5,YL,Y,low,8,right,1
9/5/2017,p15,m,12.55,su,i00_0016,i00_0017,4,B,B,high,9,right,0
9/5/2017,p15,m,12.55,su,i00_0016,i00_0017,2,G,G,high,10,right,1
9/5/2017,p15,m,12.55,su,i00_0016,i00_0017,4,C,C,high,11,right,0
9/5/2017,p15,m,12.55,su,i00_0016,i00_0017,3,Y,Y,high,12,right,1
9/5/2017,p15,m,12.55,su,i00_0016,i00_0017,5,GL,G,low,13,right,1
9/5/2017,p15,m,12.55,su,i00_0016,i00_0017,2,YL,Y,low,14,right,1
9/5/2017,p15,m,12.55,su,i00_0016,i00_0017,2,C,C,high,15,right,0
9/5/2017,p15,m,12.55,su,i00_0016,i00_0017,3,B,B,high,16,right,1
9/5/2017,p15,m,12.55,su,i00_0016,i00_0017,3,BL,B,low,17,right,1
9/5/2017,p15,m,12.55,su,i00_0016,i00_0017,2,Y,Y,high,18,right,1
9/5/2017,p15,m,12.55,su,i00_0016,i00_0017,4,G,G,high,19,right,1
9/5/2017,p15,m,12.55,su,i00_0016,i00_0017,3,YL,Y,low,20,right,0
9/5/2017,p15,m,12.55,su,i00_0016,i00_0017,2,BL,B,low,21,right,1
9/5/2017,p15,m,12.55,su,i00_0016,i00_0017,4,Y,Y,high,22,right,1
9/5/2017,p15,m,12.55,su,i00_0016,i00_0017,3,GL,G,low,23,right,1
9/5/2017,p15,m,12.55,su,i00_0016,i00_0017,3,C,C,high,24,right,0
9/5/2017,p15,m,12.55,su,i00_0016,i00_0017,3,G,G,high,25,right,1
9/5/2017,p15,m,12.55,su,i00_0016,i00_0017,5,B,B,high,26,right,1
9/5/2017,p15,m,12.55,su,i00_0016,i00_0017,5,Y,Y,high,27,right,1
9/5/2017,p15,m,12.55,su,i00_0016,i00_0017,5,BL,B,low,28,right,1
9/5/2017,p16,f,13,sh,i00_0020,i00_0021,2,GL,G,low,1,right,0
9/5/2017,p16,f,13,sh,i00_0020,i00_0021,4,BL,B,low,2,right,0
9/5/2017,p16,f,13,sh,i00_0020,i00_0021,4,YL,Y,low,3,right,0
9/5/2017,p16,f,13,sh,i00_0020,i00_0021,2,B,B,high,4,right,0
9/5/2017,p16,f,13,sh,i00_0020,i00_0021,5,C,C,high,5,right,0
9/5/2017,p16,f,13,sh,i00_0020,i00_0021,5,G,G,high,6,right,0
9/5/2017,p16,f,13,sh,i00_0020,i00_0021,4,GL,G,low,7,right,0
9/5/2017,p16,f,13,sh,i00_0020,i00_0021,5,YL,Y,low,8,right,0
9/5/2017,p16,f,13,sh,i00_0020,i00_0021,4,B,B,high,9,right,0
9/5/2017,p16,f,13,sh,i00_0020,i00_0021,2,G,G,high,10,right,0
9/5/2017,p16,f,13,sh,i00_0020,i00_0021,4,C,C,high,11,right,0
9/5/2017,p16,f,13,sh,i00_0020,i00_0021,3,Y,Y,high,12,right,0
9/5/2017,p16,f,13,sh,i00_0020,i00_0021,5,GL,G,low,13,right,0
9/5/2017,p16,f,13,sh,i00_0020,i00_0021,2,YL,Y,low,14,right,0
9/5/2017,p16,f,13,sh,i00_0020,i00_0021,2,C,C,high,15,right,0
9/5/2017,p16,f,13,sh,i00_0020,i00_0021,3,B,B,high,16,right,0
9/5/2017,p16,f,13,sh,i00_0020,i00_0021,3,BL,B,low,17,right,0
9/5/2017,p16,f,13,sh,i00_0020,i00_0021,2,Y,Y,high,18,right,0
9/5/2017,p16,f,13,sh,i00_0020,i00_0021,4,G,G,high,19,right,0
9/5/2017,p16,f,13,sh,i00_0020,i00_0021,3,YL,Y,low,20,right,0
9/5/2017,p16,f,13,sh,i00_0020,i00_0021,2,BL,B,low,21,right,0
9/5/2017,p16,f,13,sh,i00_0020,i00_0021,4,Y,Y,high,22,right,0
9/5/2017,p16,f,13,sh,i00_0020,i00_0021,3,GL,G,low,23,right,0
9/5/2017,p16,f,13,sh,i00_0020,i00_0021,3,C,C,high,24,right,0
9/5/2017,p16,f,13,sh,i00_0020,i00_0021,3,G,G,high,25,right,0
9/5/2017,p16,f,13,sh,i00_0020,i00_0021,5,B,B,high,26,right,0
9/5/2017,p16,f,13,sh,i00_0020,i00_0021,5,Y,Y,high,27,right,0
9/5/2017,p16,f,13,sh,i00_0020,i00_0021,5,BL,B,low,28,right,0
9/5/2017,p17,m,13.14,sh,i00_0022,i00_0023,2,GL,G,low,1,right,1
9/5/2017,p17,m,13.14,sh,i00_0022,i00_0023,4,BL,B,low,2,right,1
9/5/2017,p17,m,13.14,sh,i00_0022,i00_0023,4,YL,Y,low,3,right,0
9/5/2017,p17,m,13.14,sh,i00_0022,i00_0023,2,B,B,high,4,right,0
9/5/2017,p17,m,13.14,sh,i00_0022,i00_0023,5,C,C,high,5,right,0
9/5/2017,p17,m,13.14,sh,i00_0022,i00_0023,5,G,G,high,6,right,1
9/5/2017,p17,m,13.14,sh,i00_0022,i00_0023,4,GL,G,low,7,right,0
9/5/2017,p17,m,13.14,sh,i00_0022,i00_0023,5,YL,Y,low,8,right,0
9/5/2017,p17,m,13.14,sh,i00_0022,i00_0023,4,B,B,high,9,right,1
9/5/2017,p17,m,13.14,sh,i00_0022,i00_0023,2,G,G,high,10,right,0
9/5/2017,p17,m,13.14,sh,i00_0022,i00_0023,4,C,C,high,11,right,0
9/5/2017,p17,m,13.14,sh,i00_0022,i00_0023,3,Y,Y,high,12,right,1
9/5/2017,p17,m,13.14,sh,i00_0022,i00_0023,5,GL,G,low,13,right,0
9/5/2017,p17,m,13.14,sh,i00_0022,i00_0023,2,YL,Y,low,14,right,1
9/5/2017,p17,m,13.14,sh,i00_0022,i00_0023,2,C,C,high,15,right,0
9/5/2017,p17,m,13.14,sh,i00_0022,i00_0023,3,B,B,high,16,right,1
9/5/2017,p17,m,13.14,sh,i00_0022,i00_0023,3,BL,B,low,17,right,1
9/5/2017,p17,m,13.14,sh,i00_0022,i00_0023,2,Y,Y,high,18,right,0
9/5/2017,p17,m,13.14,sh,i00_0022,i00_0023,4,G,G,high,19,right,0
9/5/2017,p17,m,13.14,sh,i00_0022,i00_0023,3,YL,Y,low,20,right,1
9/5/2017,p17,m,13.14,sh,i00_0022,i00_0023,2,BL,B,low,21,right,0
9/5/2017,p17,m,13.14,sh,i00_0022,i00_0023,4,Y,Y,high,22,right,0
9/5/2017,p17,m,13.14,sh,i00_0022,i00_0023,3,GL,G,low,23,right,1
9/5/2017,p17,m,13.14,sh,i00_0022,i00_0023,3,C,C,high,24,right,0
9/5/2017,p17,m,13.14,sh,i00_0022,i00_0023,3,G,G,high,25,right,1
9/5/2017,p17,m,13.14,sh,i00_0022,i00_0023,5,B,B,high,26,right,1
9/5/2017,p17,m,13.14,sh,i00_0022,i00_0023,5,Y,Y,high,27,right,0
9/5/2017,p17,m,13.14,sh,i00_0022,i00_0023,5,BL,B,low,28,right,1
9/5/2017,p18,f,13.21,sh,i00_0025,i00_0026,2,GL,G,low,1,right,0
9/5/2017,p18,f,13.21,sh,i00_0025,i00_0026,4,BL,B,low,2,right,0
9/5/2017,p18,f,13.21,sh,i00_0025,i00_0026,4,YL,Y,low,3,right,0
9/5/2017,p18,f,13.21,sh,i00_0025,i00_0026,2,B,B,high,4,right,0
9/5/2017,p18,f,13.21,sh,i00_0025,i00_0026,5,C,C,high,5,right,0
9/5/2017,p18,f,13.21,sh,i00_0025,i00_0026,5,G,G,high,6,right,1
9/5/2017,p18,f,13.21,sh,i00_0025,i00_0026,4,GL,G,low,7,right,0
9/5/2017,p18,f,13.21,sh,i00_0025,i00_0026,5,YL,Y,low,8,right,0
9/5/2017,p18,f,13.21,sh,i00_0025,i00_0026,4,B,B,high,9,right,0
9/5/2017,p18,f,13.21,sh,i00_0025,i00_0026,2,G,G,high,10,right,0
9/5/2017,p18,f,13.21,sh,i00_0025,i00_0026,4,C,C,high,11,right,0
9/5/2017,p18,f,13.21,sh,i00_0025,i00_0026,3,Y,Y,high,12,right,1
9/5/2017,p18,f,13.21,sh,i00_0025,i00_0026,5,GL,G,low,13,right,1
9/5/2017,p18,f,13.21,sh,i00_0025,i00_0026,2,YL,Y,low,14,right,0
9/5/2017,p18,f,13.21,sh,i00_0025,i00_0026,2,C,C,high,15,right,0
9/5/2017,p18,f,13.21,sh,i00_0025,i00_0026,3,B,B,high,16,right,1
9/5/2017,p18,f,13.21,sh,i00_0025,i00_0026,3,BL,B,low,17,right,1
9/5/2017,p18,f,13.21,sh,i00_0025,i00_0026,2,Y,Y,high,18,right,0
9/5/2017,p18,f,13.21,sh,i00_0025,i00_0026,4,G,G,high,19,right,0
9/5/2017,p18,f,13.21,sh,i00_0025,i00_0026,3,YL,Y,low,20,right,0
9/5/2017,p18,f,13.21,sh,i00_0025,i00_0026,2,BL,B,low,21,right,0
9/5/2017,p18,f,13.21,sh,i00_0025,i00_0026,4,Y,Y,high,22,right,0
9/5/2017,p18,f,13.21,sh,i00_0025,i00_0026,3,GL,G,low,23,right,0
9/5/2017,p18,f,13.21,sh,i00_0025,i00_0026,3,C,C,high,24,right,0
9/5/2017,p18,f,13.21,sh,i00_0025,i00_0026,3,G,G,high,25,right,1
9/5/2017,p18,f,13.21,sh,i00_0025,i00_0026,5,B,B,high,26,right,1
9/5/2017,p18,f,13.21,sh,i00_0025,i00_0026,5,Y,Y,high,27,right,0
9/5/2017,p18,f,13.21,sh,i00_0025,i00_0026,5,BL,B,low,28,right,1
9/5/2017,p19,f,13.4,sh,NA,NA,2,GL,G,low,1,right,1
9/5/2017,p19,f,13.4,sh,NA,NA,4,BL,B,low,2,right,0
9/5/2017,p19,f,13.4,sh,NA,NA,4,YL,Y,low,3,right,1
9/5/2017,p19,f,13.4,sh,NA,NA,2,B,B,high,4,right,0
9/5/2017,p19,f,13.4,sh,NA,NA,5,C,C,high,5,right,0
9/5/2017,p19,f,13.4,sh,NA,NA,5,G,G,high,6,right,1
9/5/2017,p19,f,13.4,sh,NA,NA,4,GL,G,low,7,right,0
9/5/2017,p19,f,13.4,sh,NA,NA,5,YL,Y,low,8,right,1
9/5/2017,p19,f,13.4,sh,NA,NA,4,B,B,high,9,right,0
9/5/2017,p19,f,13.4,sh,NA,NA,2,G,G,high,10,right,0
9/5/2017,p19,f,13.4,sh,NA,NA,4,C,C,high,11,right,0
9/5/2017,p19,f,13.4,sh,NA,NA,3,Y,Y,high,12,right,0
9/5/2017,p19,f,13.4,sh,NA,NA,5,GL,G,low,13,right,1
9/5/2017,p19,f,13.4,sh,NA,NA,2,YL,Y,low,14,right,0
9/5/2017,p19,f,13.4,sh,NA,NA,2,C,C,high,15,right,0
9/5/2017,p19,f,13.4,sh,NA,NA,3,B,B,high,16,right,1
9/5/2017,p19,f,13.4,sh,NA,NA,3,BL,B,low,17,right,1
9/5/2017,p19,f,13.4,sh,NA,NA,2,Y,Y,high,18,right,1
9/5/2017,p19,f,13.4,sh,NA,NA,4,G,G,high,19,right,1
9/5/2017,p19,f,13.4,sh,NA,NA,3,YL,Y,low,20,right,1
9/5/2017,p19,f,13.4,sh,NA,NA,2,BL,B,low,21,right,0
9/5/2017,p19,f,13.4,sh,NA,NA,4,Y,Y,high,22,right,1
9/5/2017,p19,f,13.4,sh,NA,NA,3,GL,G,low,23,right,1
9/5/2017,p19,f,13.4,sh,NA,NA,3,C,C,high,24,right,0
9/5/2017,p19,f,13.4,sh,NA,NA,3,G,G,high,25,right,1
9/5/2017,p19,f,13.4,sh,NA,NA,5,B,B,high,26,right,1
9/5/2017,p19,f,13.4,sh,NA,NA,5,Y,Y,high,27,right,1
9/5/2017,p19,f,13.4,sh,NA,NA,5,BL,B,low,28,right,0
10/5/2017,p20,f,11.57,ps,i00_0029,i00_0030,3,YL,Y,low,1,right,0
10/5/2017,p20,f,11.57,ps,i00_0029,i00_0030,5,B,B,high,2,right,0
10/5/2017,p20,f,11.57,ps,i00_0029,i00_0030,2,GL,G,low,3,right,1
10/5/2017,p20,f,11.57,ps,i00_0029,i00_0030,4,BL,B,low,4,right,0
10/5/2017,p20,f,11.57,ps,i00_0029,i00_0030,4,YL,Y,low,5,right,0
10/5/2017,p20,f,11.57,ps,i00_0029,i00_0030,2,B,B,high,6,right,0
10/5/2017,p20,f,11.57,ps,i00_0029,i00_0030,5,C,C,high,7,right,0
10/5/2017,p20,f,11.57,ps,i00_0029,i00_0030,5,G,G,high,8,right,0
10/5/2017,p20,f,11.57,ps,i00_0029,i00_0030,3,Y,Y,high,9,right,1
10/5/2017,p20,f,11.57,ps,i00_0029,i00_0030,5,BL,B,low,10,right,0
10/5/2017,p20,f,11.57,ps,i00_0029,i00_0030,5,GL,G,low,11,right,1
10/5/2017,p20,f,11.57,ps,i00_0029,i00_0030,2,YL,Y,low,12,right,1
10/5/2017,p20,f,11.57,ps,i00_0029,i00_0030,2,C,C,high,13,right,0
10/5/2017,p20,f,11.57,ps,i00_0029,i00_0030,3,B,B,high,14,right,1
10/5/2017,p20,f,11.57,ps,i00_0029,i00_0030,3,GL,G,low,15,right,0
10/5/2017,p20,f,11.57,ps,i00_0029,i00_0030,3,BL,B,low,16,right,1
10/5/2017,p20,f,11.57,ps,i00_0029,i00_0030,2,Y,Y,high,17,right,0
10/5/2017,p20,f,11.57,ps,i00_0029,i00_0030,4,G,G,high,18,right,0
10/5/2017,p20,f,11.57,ps,i00_0029,i00_0030,3,C,C,high,19,right,0
10/5/2017,p20,f,11.57,ps,i00_0029,i00_0030,2,BL,B,low,20,right,1
10/5/2017,p20,f,11.57,ps,i00_0029,i00_0030,5,Y,Y,high,21,right,0
10/5/2017,p20,f,11.57,ps,i00_0029,i00_0030,4,GL,G,low,22,right,0
10/5/2017,p20,f,11.57,ps,i00_0029,i00_0030,5,YL,Y,low,23,right,0
10/5/2017,p20,f,11.57,ps,i00_0029,i00_0030,4,B,B,high,24,right,0
10/5/2017,p20,f,11.57,ps,i00_0029,i00_0030,2,G,G,high,25,right,1
10/5/2017,p20,f,11.57,ps,i00_0029,i00_0030,4,C,C,high,26,right,0
10/5/2017,p20,f,11.57,ps,i00_0029,i00_0030,4,Y,Y,high,27,right,1
10/5/2017,p20,f,11.57,ps,i00_0029,i00_0030,3,G,G,high,28,right,0
10/5/2017,p21,m,12.11,ps,i00_0032,i00_0033,3,YL,Y,low,1,right,0
10/5/2017,p21,m,12.11,ps,i00_0032,i00_0033,5,B,B,high,2,right,0
10/5/2017,p21,m,12.11,ps,i00_0032,i00_0033,2,GL,G,low,3,right,0
10/5/2017,p21,m,12.11,ps,i00_0032,i00_0033,4,BL,B,low,4,right,0
10/5/2017,p21,m,12.11,ps,i00_0032,i00_0033,4,YL,Y,low,5,right,0
10/5/2017,p21,m,12.11,ps,i00_0032,i00_0033,2,B,B,high,6,right,0
10/5/2017,p21,m,12.11,ps,i00_0032,i00_0033,5,C,C,high,7,right,0
10/5/2017,p21,m,12.11,ps,i00_0032,i00_0033,5,G,G,high,8,right,0
10/5/2017,p21,m,12.11,ps,i00_0032,i00_0033,3,Y,Y,high,9,right,0
10/5/2017,p21,m,12.11,ps,i00_0032,i00_0033,5,BL,B,low,10,right,0
10/5/2017,p21,m,12.11,ps,i00_0032,i00_0033,5,GL,G,low,11,right,0
10/5/2017,p21,m,12.11,ps,i00_0032,i00_0033,2,YL,Y,low,12,right,1
10/5/2017,p21,m,12.11,ps,i00_0032,i00_0033,2,C,C,high,13,right,0
10/5/2017,p21,m,12.11,ps,i00_0032,i00_0033,3,B,B,high,14,right,1
10/5/2017,p21,m,12.11,ps,i00_0032,i00_0033,3,GL,G,low,15,right,0
10/5/2017,p21,m,12.11,ps,i00_0032,i00_0033,3,BL,B,low,16,right,1
10/5/2017,p21,m,12.11,ps,i00_0032,i00_0033,2,Y,Y,high,17,right,0
10/5/2017,p21,m,12.11,ps,i00_0032,i00_0033,4,G,G,high,18,right,0
10/5/2017,p21,m,12.11,ps,i00_0032,i00_0033,3,C,C,high,19,right,0
10/5/2017,p21,m,12.11,ps,i00_0032,i00_0033,2,BL,B,low,20,right,1
10/5/2017,p21,m,12.11,ps,i00_0032,i00_0033,5,Y,Y,high,21,right,0
10/5/2017,p21,m,12.11,ps,i00_0032,i00_0033,4,GL,G,low,22,right,0
10/5/2017,p21,m,12.11,ps,i00_0032,i00_0033,5,YL,Y,low,23,right,0
10/5/2017,p21,m,12.11,ps,i00_0032,i00_0033,4,B,B,high,24,right,1
10/5/2017,p21,m,12.11,ps,i00_0032,i00_0033,2,G,G,high,25,right,0
10/5/2017,p21,m,12.11,ps,i00_0032,i00_0033,4,C,C,high,26,right,0
10/5/2017,p21,m,12.11,ps,i00_0032,i00_0033,4,Y,Y,high,27,right,1
10/5/2017,p21,m,12.11,ps,i00_0032,i00_0033,3,G,G,high,28,right,1
10/5/2017,p22,m,12.16,ps,i00_0034,i00_0035,3,YL,Y,low,1,right,0
10/5/2017,p22,m,12.16,ps,i00_0034,i00_0035,5,B,B,high,2,right,0
10/5/2017,p22,m,12.16,ps,i00_0034,i00_0035,2,GL,G,low,3,right,0
10/5/2017,p22,m,12.16,ps,i00_0034,i00_0035,4,BL,B,low,4,right,1
10/5/2017,p22,m,12.16,ps,i00_0034,i00_0035,4,YL,Y,low,5,right,0
10/5/2017,p22,m,12.16,ps,i00_0034,i00_0035,2,B,B,high,6,right,0
10/5/2017,p22,m,12.16,ps,i00_0034,i00_0035,5,C,C,high,7,right,0
10/5/2017,p22,m,12.16,ps,i00_0034,i00_0035,5,G,G,high,8,right,0
10/5/2017,p22,m,12.16,ps,i00_0034,i00_0035,3,Y,Y,high,9,right,1
10/5/2017,p22,m,12.16,ps,i00_0034,i00_0035,5,BL,B,low,10,right,0
10/5/2017,p22,m,12.16,ps,i00_0034,i00_0035,5,GL,G,low,11,right,1
10/5/2017,p22,m,12.16,ps,i00_0034,i00_0035,2,YL,Y,low,12,right,1
10/5/2017,p22,m,12.16,ps,i00_0034,i00_0035,2,C,C,high,13,right,0
10/5/2017,p22,m,12.16,ps,i00_0034,i00_0035,3,B,B,high,14,right,0
10/5/2017,p22,m,12.16,ps,i00_0034,i00_0035,3,GL,G,low,15,right,1
10/5/2017,p22,m,12.16,ps,i00_0034,i00_0035,3,BL,B,low,16,right,1
10/5/2017,p22,m,12.16,ps,i00_0034,i00_0035,2,Y,Y,high,17,right,0
10/5/2017,p22,m,12.16,ps,i00_0034,i00_0035,4,G,G,high,18,right,0
10/5/2017,p22,m,12.16,ps,i00_0034,i00_0035,3,C,C,high,19,right,0
10/5/2017,p22,m,12.16,ps,i00_0034,i00_0035,2,BL,B,low,20,right,1
10/5/2017,p22,m,12.16,ps,i00_0034,i00_0035,5,Y,Y,high,21,right,0
10/5/2017,p22,m,12.16,ps,i00_0034,i00_0035,4,GL,G,low,22,right,0
10/5/2017,p22,m,12.16,ps,i00_0034,i00_0035,5,YL,Y,low,23,right,0
10/5/2017,p22,m,12.16,ps,i00_0034,i00_0035,4,B,B,high,24,right,1
10/5/2017,p22,m,12.16,ps,i00_0034,i00_0035,2,G,G,high,25,right,0
10/5/2017,p22,m,12.16,ps,i00_0034,i00_0035,4,C,C,high,26,right,0
10/5/2017,p22,m,12.16,ps,i00_0034,i00_0035,4,Y,Y,high,27,right,0
10/5/2017,p22,m,12.16,ps,i00_0034,i00_0035,3,G,G,high,28,right,1
10/5/2017,p23,m,12.21,ps,i00_0036,i00_0037,3,YL,Y,low,1,right,0
10/5/2017,p23,m,12.21,ps,i00_0036,i00_0037,5,B,B,high,2,right,0
10/5/2017,p23,m,12.21,ps,i00_0036,i00_0037,2,GL,G,low,3,right,0
10/5/2017,p23,m,12.21,ps,i00_0036,i00_0037,4,BL,B,low,4,right,0
10/5/2017,p23,m,12.21,ps,i00_0036,i00_0037,4,YL,Y,low,5,right,0
10/5/2017,p23,m,12.21,ps,i00_0036,i00_0037,2,B,B,high,6,right,0
10/5/2017,p23,m,12.21,ps,i00_0036,i00_0037,5,C,C,high,7,right,0
10/5/2017,p23,m,12.21,ps,i00_0036,i00_0037,5,G,G,high,8,right,1
10/5/2017,p23,m,12.21,ps,i00_0036,i00_0037,3,Y,Y,high,9,right,0
10/5/2017,p23,m,12.21,ps,i00_0036,i00_0037,5,BL,B,low,10,right,0
10/5/2017,p23,m,12.21,ps,i00_0036,i00_0037,5,GL,G,low,11,right,1
10/5/2017,p23,m,12.21,ps,i00_0036,i00_0037,2,YL,Y,low,12,right,1
10/5/2017,p23,m,12.21,ps,i00_0036,i00_0037,2,C,C,high,13,right,0
10/5/2017,p23,m,12.21,ps,i00_0036,i00_0037,3,B,B,high,14,right,1
10/5/2017,p23,m,12.21,ps,i00_0036,i00_0037,3,GL,G,low,15,right,0
10/5/2017,p23,m,12.21,ps,i00_0036,i00_0037,3,BL,B,low,16,right,1
10/5/2017,p23,m,12.21,ps,i00_0036,i00_0037,2,Y,Y,high,17,right,1
10/5/2017,p23,m,12.21,ps,i00_0036,i00_0037,4,G,G,high,18,right,0
10/5/2017,p23,m,12.21,ps,i00_0036,i00_0037,3,C,C,high,19,right,0
10/5/2017,p23,m,12.21,ps,i00_0036,i00_0037,2,BL,B,low,20,right,1
10/5/2017,p23,m,12.21,ps,i00_0036,i00_0037,5,Y,Y,high,21,right,0
10/5/2017,p23,m,12.21,ps,i00_0036,i00_0037,4,GL,G,low,22,right,1
10/5/2017,p23,m,12.21,ps,i00_0036,i00_0037,5,YL,Y,low,23,right,0
10/5/2017,p23,m,12.21,ps,i00_0036,i00_0037,4,B,B,high,24,right,0
10/5/2017,p23,m,12.21,ps,i00_0036,i00_0037,2,G,G,high,25,right,1
10/5/2017,p23,m,12.21,ps,i00_0036,i00_0037,4,C,C,high,26,right,0
10/5/2017,p23,m,12.21,ps,i00_0036,i00_0037,4,Y,Y,high,27,right,0
10/5/2017,p23,m,12.21,ps,i00_0036,i00_0037,3,G,G,high,28,right,1
10/5/2017,p24,m,12.38,su,i00_0038,i00_0039,3,YL,Y,low,1,right,0
10/5/2017,p24,m,12.38,su,i00_0038,i00_0039,5,B,B,high,2,right,0
10/5/2017,p24,m,12.38,su,i00_0038,i00_0039,2,GL,G,low,3,right,1
10/5/2017,p24,m,12.38,su,i00_0038,i00_0039,4,BL,B,low,4,right,0
10/5/2017,p24,m,12.38,su,i00_0038,i00_0039,4,YL,Y,low,5,right,1
10/5/2017,p24,m,12.38,su,i00_0038,i00_0039,2,B,B,high,6,right,0
10/5/2017,p24,m,12.38,su,i00_0038,i00_0039,5,C,C,high,7,right,0
10/5/2017,p24,m,12.38,su,i00_0038,i00_0039,5,G,G,high,8,right,0
10/5/2017,p24,m,12.38,su,i00_0038,i00_0039,3,Y,Y,high,9,right,0
10/5/2017,p24,m,12.38,su,i00_0038,i00_0039,5,BL,B,low,10,right,1
10/5/2017,p24,m,12.38,su,i00_0038,i00_0039,5,GL,G,low,11,right,0
10/5/2017,p24,m,12.38,su,i00_0038,i00_0039,2,YL,Y,low,12,right,1
10/5/2017,p24,m,12.38,su,i00_0038,i00_0039,2,C,C,high,13,right,0
10/5/2017,p24,m,12.38,su,i00_0038,i00_0039,3,B,B,high,14,right,0
10/5/2017,p24,m,12.38,su,i00_0038,i00_0039,3,GL,G,low,15,right,1
10/5/2017,p24,m,12.38,su,i00_0038,i00_0039,3,BL,B,low,16,right,1
10/5/2017,p24,m,12.38,su,i00_0038,i00_0039,2,Y,Y,high,17,right,0
10/5/2017,p24,m,12.38,su,i00_0038,i00_0039,4,G,G,high,18,right,0
10/5/2017,p24,m,12.38,su,i00_0038,i00_0039,3,C,C,high,19,right,0
10/5/2017,p24,m,12.38,su,i00_0038,i00_0039,2,BL,B,low,20,right,1
10/5/2017,p24,m,12.38,su,i00_0038,i00_0039,5,Y,Y,high,21,right,0
10/5/2017,p24,m,12.38,su,i00_0038,i00_0039,4,GL,G,low,22,right,1
10/5/2017,p24,m,12.38,su,i00_0038,i00_0039,5,YL,Y,low,23,right,1
10/5/2017,p24,m,12.38,su,i00_0038,i00_0039,4,B,B,high,24,right,0
10/5/2017,p24,m,12.38,su,i00_0038,i00_0039,2,G,G,high,25,right,1
10/5/2017,p24,m,12.38,su,i00_0038,i00_0039,4,C,C,high,26,right,0
10/5/2017,p24,m,12.38,su,i00_0038,i00_0039,4,Y,Y,high,27,right,0
10/5/2017,p24,m,12.38,su,i00_0038,i00_0039,3,G,G,high,28,right,1
10/5/2017,p25,f,12.43,ps,i00_0040,i00_0041,3,YL,Y,low,1,right,0
10/5/2017,p25,f,12.43,ps,i00_0040,i00_0041,5,B,B,high,2,right,0
10/5/2017,p25,f,12.43,ps,i00_0040,i00_0041,2,GL,G,low,3,right,1
10/5/2017,p25,f,12.43,ps,i00_0040,i00_0041,4,BL,B,low,4,right,0
10/5/2017,p25,f,12.43,ps,i00_0040,i00_0041,4,YL,Y,low,5,right,1
10/5/2017,p25,f,12.43,ps,i00_0040,i00_0041,2,B,B,high,6,right,0
10/5/2017,p25,f,12.43,ps,i00_0040,i00_0041,5,C,C,high,7,right,0
10/5/2017,p25,f,12.43,ps,i00_0040,i00_0041,5,G,G,high,8,right,0
10/5/2017,p25,f,12.43,ps,i00_0040,i00_0041,3,Y,Y,high,9,right,0
10/5/2017,p25,f,12.43,ps,i00_0040,i00_0041,5,BL,B,low,10,right,1
10/5/2017,p25,f,12.43,ps,i00_0040,i00_0041,5,GL,G,low,11,right,1
10/5/2017,p25,f,12.43,ps,i00_0040,i00_0041,2,YL,Y,low,12,right,0
10/5/2017,p25,f,12.43,ps,i00_0040,i00_0041,2,C,C,high,13,right,0
10/5/2017,p25,f,12.43,ps,i00_0040,i00_0041,3,B,B,high,14,right,1
10/5/2017,p25,f,12.43,ps,i00_0040,i00_0041,3,GL,G,low,15,right,0
10/5/2017,p25,f,12.43,ps,i00_0040,i00_0041,3,BL,B,low,16,right,1
10/5/2017,p25,f,12.43,ps,i00_0040,i00_0041,2,Y,Y,high,17,right,0
10/5/2017,p25,f,12.43,ps,i00_0040,i00_0041,4,G,G,high,18,right,0
10/5/2017,p25,f,12.43,ps,i00_0040,i00_0041,3,C,C,high,19,right,0
10/5/2017,p25,f,12.43,ps,i00_0040,i00_0041,2,BL,B,low,20,right,1
10/5/2017,p25,f,12.43,ps,i00_0040,i00_0041,5,Y,Y,high,21,right,0
10/5/2017,p25,f,12.43,ps,i00_0040,i00_0041,4,GL,G,low,22,right,0
10/5/2017,p25,f,12.43,ps,i00_0040,i00_0041,5,YL,Y,low,23,right,0
10/5/2017,p25,f,12.43,ps,i00_0040,i00_0041,4,B,B,high,24,right,0
10/5/2017,p25,f,12.43,ps,i00_0040,i00_0041,2,G,G,high,25,right,0
10/5/2017,p25,f,12.43,ps,i00_0040,i00_0041,4,C,C,high,26,right,0
10/5/2017,p25,f,12.43,ps,i00_0040,i00_0041,4,Y,Y,high,27,right,0
10/5/2017,p25,f,12.43,ps,i00_0040,i00_0041,3,G,G,high,28,right,0
10/5/2017,p26,f,12.58,sh,i00_0042,i00_0043,3,YL,Y,low,1,right,0
10/5/2017,p26,f,12.58,sh,i00_0042,i00_0043,5,B,B,high,2,right,0
10/5/2017,p26,f,12.58,sh,i00_0042,i00_0043,2,GL,G,low,3,right,0
10/5/2017,p26,f,12.58,sh,i00_0042,i00_0043,4,BL,B,low,4,right,1
10/5/2017,p26,f,12.58,sh,i00_0042,i00_0043,4,YL,Y,low,5,right,1
10/5/2017,p26,f,12.58,sh,i00_0042,i00_0043,2,B,B,high,6,right,0
10/5/2017,p26,f,12.58,sh,i00_0042,i00_0043,5,C,C,high,7,right,0
10/5/2017,p26,f,12.58,sh,i00_0042,i00_0043,5,G,G,high,8,right,1
10/5/2017,p26,f,12.58,sh,i00_0042,i00_0043,3,Y,Y,high,9,right,0
10/5/2017,p26,f,12.58,sh,i00_0042,i00_0043,5,BL,B,low,10,right,1
10/5/2017,p26,f,12.58,sh,i00_0042,i00_0043,5,GL,G,low,11,right,1
10/5/2017,p26,f,12.58,sh,i00_0042,i00_0043,2,YL,Y,low,12,right,1
10/5/2017,p26,f,12.58,sh,i00_0042,i00_0043,2,C,C,high,13,right,0
10/5/2017,p26,f,12.58,sh,i00_0042,i00_0043,3,B,B,high,14,right,1
10/5/2017,p26,f,12.58,sh,i00_0042,i00_0043,3,GL,G,low,15,right,0
10/5/2017,p26,f,12.58,sh,i00_0042,i00_0043,3,BL,B,low,16,right,1
10/5/2017,p26,f,12.58,sh,i00_0042,i00_0043,2,Y,Y,high,17,right,0
10/5/2017,p26,f,12.58,sh,i00_0042,i00_0043,4,G,G,high,18,right,1
10/5/2017,p26,f,12.58,sh,i00_0042,i00_0043,3,C,C,high,19,right,0
10/5/2017,p26,f,12.58,sh,i00_0042,i00_0043,2,BL,B,low,20,right,1
10/5/2017,p26,f,12.58,sh,i00_0042,i00_0043,5,Y,Y,high,21,right,0
10/5/2017,p26,f,12.58,sh,i00_0042,i00_0043,4,GL,G,low,22,right,1
10/5/2017,p26,f,12.58,sh,i00_0042,i00_0043,5,YL,Y,low,23,right,1
10/5/2017,p26,f,12.58,sh,i00_0042,i00_0043,4,B,B,high,24,right,1
10/5/2017,p26,f,12.58,sh,i00_0042,i00_0043,2,G,G,high,25,right,0
10/5/2017,p26,f,12.58,sh,i00_0042,i00_0043,4,C,C,high,26,right,0
10/5/2017,p26,f,12.58,sh,i00_0042,i00_0043,4,Y,Y,high,27,right,1
10/5/2017,p26,f,12.58,sh,i00_0042,i00_0043,3,G,G,high,28,right,1
10/5/2017,p27,f,13.14,ps,i00_0044,i00_0045,3,YL,Y,low,1,right,0
10/5/2017,p27,f,13.14,ps,i00_0044,i00_0045,5,B,B,high,2,right,0
10/5/2017,p27,f,13.14,ps,i00_0044,i00_0045,2,GL,G,low,3,right,1
10/5/2017,p27,f,13.14,ps,i00_0044,i00_0045,4,BL,B,low,4,right,0
10/5/2017,p27,f,13.14,ps,i00_0044,i00_0045,4,YL,Y,low,5,right,0
10/5/2017,p27,f,13.14,ps,i00_0044,i00_0045,2,B,B,high,6,right,1
10/5/2017,p27,f,13.14,ps,i00_0044,i00_0045,5,C,C,high,7,right,0
10/5/2017,p27,f,13.14,ps,i00_0044,i00_0045,5,G,G,high,8,right,0
10/5/2017,p27,f,13.14,ps,i00_0044,i00_0045,3,Y,Y,high,9,right,0
10/5/2017,p27,f,13.14,ps,i00_0044,i00_0045,5,BL,B,low,10,right,0
10/5/2017,p27,f,13.14,ps,i00_0044,i00_0045,5,GL,G,low,11,right,0
10/5/2017,p27,f,13.14,ps,i00_0044,i00_0045,2,YL,Y,low,12,right,0
10/5/2017,p27,f,13.14,ps,i00_0044,i00_0045,2,C,C,high,13,right,0
10/5/2017,p27,f,13.14,ps,i00_0044,i00_0045,3,B,B,high,14,right,0
10/5/2017,p27,f,13.14,ps,i00_0044,i00_0045,3,GL,G,low,15,right,0
10/5/2017,p27,f,13.14,ps,i00_0044,i00_0045,3,BL,B,low,16,right,1
10/5/2017,p27,f,13.14,ps,i00_0044,i00_0045,2,Y,Y,high,17,right,0
10/5/2017,p27,f,13.14,ps,i00_0044,i00_0045,4,G,G,high,18,right,0
10/5/2017,p27,f,13.14,ps,i00_0044,i00_0045,3,C,C,high,19,right,0
10/5/2017,p27,f,13.14,ps,i00_0044,i00_0045,2,BL,B,low,20,right,1
10/5/2017,p27,f,13.14,ps,i00_0044,i00_0045,5,Y,Y,high,21,right,0
10/5/2017,p27,f,13.14,ps,i00_0044,i00_0045,4,GL,G,low,22,right,0
10/5/2017,p27,f,13.14,ps,i00_0044,i00_0045,5,YL,Y,low,23,right,0
10/5/2017,p27,f,13.14,ps,i00_0044,i00_0045,4,B,B,high,24,right,1
10/5/2017,p27,f,13.14,ps,i00_0044,i00_0045,2,G,G,high,25,right,0
10/5/2017,p27,f,13.14,ps,i00_0044,i00_0045,4,C,C,high,26,right,0
10/5/2017,p27,f,13.14,ps,i00_0044,i00_0045,4,Y,Y,high,27,right,0
10/5/2017,p27,f,13.14,ps,i00_0044,i00_0045,3,G,G,high,28,right,0
10/5/2017,p28,m,13.28,sh,i00_0047,i00_0048,3,YL,Y,low,1,right,0
10/5/2017,p28,m,13.28,sh,i00_0047,i00_0048,5,B,B,high,2,right,0
10/5/2017,p28,m,13.28,sh,i00_0047,i00_0048,2,GL,G,low,3,right,1
10/5/2017,p28,m,13.28,sh,i00_0047,i00_0048,4,BL,B,low,4,right,0
10/5/2017,p28,m,13.28,sh,i00_0047,i00_0048,4,YL,Y,low,5,right,1
10/5/2017,p28,m,13.28,sh,i00_0047,i00_0048,2,B,B,high,6,right,1
10/5/2017,p28,m,13.28,sh,i00_0047,i00_0048,5,C,C,high,7,right,0
10/5/2017,p28,m,13.28,sh,i00_0047,i00_0048,5,G,G,high,8,right,1
10/5/2017,p28,m,13.28,sh,i00_0047,i00_0048,3,Y,Y,high,9,right,1
10/5/2017,p28,m,13.28,sh,i00_0047,i00_0048,5,BL,B,low,10,right,1
10/5/2017,p28,m,13.28,sh,i00_0047,i00_0048,5,GL,G,low,11,right,1
10/5/2017,p28,m,13.28,sh,i00_0047,i00_0048,2,YL,Y,low,12,right,1
10/5/2017,p28,m,13.28,sh,i00_0047,i00_0048,2,C,C,high,13,right,0
10/5/2017,p28,m,13.28,sh,i00_0047,i00_0048,3,B,B,high,14,right,1
10/5/2017,p28,m,13.28,sh,i00_0047,i00_0048,3,GL,G,low,15,right,1
10/5/2017,p28,m,13.28,sh,i00_0047,i00_0048,3,BL,B,low,16,right,1
10/5/2017,p28,m,13.28,sh,i00_0047,i00_0048,2,Y,Y,high,17,right,0
10/5/2017,p28,m,13.28,sh,i00_0047,i00_0048,4,G,G,high,18,right,1
10/5/2017,p28,m,13.28,sh,i00_0047,i00_0048,3,C,C,high,19,right,0
10/5/2017,p28,m,13.28,sh,i00_0047,i00_0048,2,BL,B,low,20,right,1
10/5/2017,p28,m,13.28,sh,i00_0047,i00_0048,5,Y,Y,high,21,right,0
10/5/2017,p28,m,13.28,sh,i00_0047,i00_0048,4,GL,G,low,22,right,0
10/5/2017,p28,m,13.28,sh,i00_0047,i00_0048,5,YL,Y,low,23,right,1
10/5/2017,p28,m,13.28,sh,i00_0047,i00_0048,4,B,B,high,24,right,1
10/5/2017,p28,m,13.28,sh,i00_0047,i00_0048,2,G,G,high,25,right,1
10/5/2017,p28,m,13.28,sh,i00_0047,i00_0048,4,C,C,high,26,right,0
10/5/2017,p28,m,13.28,sh,i00_0047,i00_0048,4,Y,Y,high,27,right,1
10/5/2017,p28,m,13.28,sh,i00_0047,i00_0048,3,G,G,high,28,right,0
10/5/2017,p29,m,13.39,ps,i00_0049,i00_0050,3,YL,Y,low,1,right,0
10/5/2017,p29,m,13.39,ps,i00_0049,i00_0050,5,B,B,high,2,right,0
10/5/2017,p29,m,13.39,ps,i00_0049,i00_0050,2,GL,G,low,3,right,0
10/5/2017,p29,m,13.39,ps,i00_0049,i00_0050,4,BL,B,low,4,right,0
10/5/2017,p29,m,13.39,ps,i00_0049,i00_0050,4,YL,Y,low,5,right,1
10/5/2017,p29,m,13.39,ps,i00_0049,i00_0050,2,B,B,high,6,right,0
10/5/2017,p29,m,13.39,ps,i00_0049,i00_0050,5,C,C,high,7,right,0
10/5/2017,p29,m,13.39,ps,i00_0049,i00_0050,5,G,G,high,8,right,0
10/5/2017,p29,m,13.39,ps,i00_0049,i00_0050,3,Y,Y,high,9,right,1
10/5/2017,p29,m,13.39,ps,i00_0049,i00_0050,5,BL,B,low,10,right,1
10/5/2017,p29,m,13.39,ps,i00_0049,i00_0050,5,GL,G,low,11,right,1
10/5/2017,p29,m,13.39,ps,i00_0049,i00_0050,2,YL,Y,low,12,right,0
10/5/2017,p29,m,13.39,ps,i00_0049,i00_0050,2,C,C,high,13,right,0
10/5/2017,p29,m,13.39,ps,i00_0049,i00_0050,3,B,B,high,14,right,0
10/5/2017,p29,m,13.39,ps,i00_0049,i00_0050,3,GL,G,low,15,right,1
10/5/2017,p29,m,13.39,ps,i00_0049,i00_0050,3,BL,B,low,16,right,1
10/5/2017,p29,m,13.39,ps,i00_0049,i00_0050,2,Y,Y,high,17,right,0
10/5/2017,p29,m,13.39,ps,i00_0049,i00_0050,4,G,G,high,18,right,1
10/5/2017,p29,m,13.39,ps,i00_0049,i00_0050,3,C,C,high,19,right,0
10/5/2017,p29,m,13.39,ps,i00_0049,i00_0050,2,BL,B,low,20,right,1
10/5/2017,p29,m,13.39,ps,i00_0049,i00_0050,5,Y,Y,high,21,right,0
10/5/2017,p29,m,13.39,ps,i00_0049,i00_0050,4,GL,G,low,22,right,1
10/5/2017,p29,m,13.39,ps,i00_0049,i00_0050,5,YL,Y,low,23,right,0
10/5/2017,p29,m,13.39,ps,i00_0049,i00_0050,4,B,B,high,24,right,0
10/5/2017,p29,m,13.39,ps,i00_0049,i00_0050,2,G,G,high,25,right,1
10/5/2017,p29,m,13.39,ps,i00_0049,i00_0050,4,C,C,high,26,right,0
10/5/2017,p29,m,13.39,ps,i00_0049,i00_0050,4,Y,Y,high,27,right,1
10/5/2017,p29,m,13.39,ps,i00_0049,i00_0050,3,G,G,high,28,right,0
11/5/2017,p30,m,11.04,ps,i00_0051,i00_0052,4,B,B,high,1,right,0
11/5/2017,p30,m,11.04,ps,i00_0051,i00_0052,5,YL,Y,low,2,right,0
11/5/2017,p30,m,11.04,ps,i00_0051,i00_0052,5,G,G,high,3,right,0
11/5/2017,p30,m,11.04,ps,i00_0051,i00_0052,3,C,C,high,4,right,0
11/5/2017,p30,m,11.04,ps,i00_0051,i00_0052,4,BL,B,low,5,right,0
11/5/2017,p30,m,11.04,ps,i00_0051,i00_0052,3,YL,Y,low,6,right,1
11/5/2017,p30,m,11.04,ps,i00_0051,i00_0052,5,C,C,high,7,right,0
11/5/2017,p30,m,11.04,ps,i00_0051,i00_0052,3,B,B,high,8,right,0
11/5/2017,p30,m,11.04,ps,i00_0051,i00_0052,2,Y,Y,high,9,right,1
11/5/2017,p30,m,11.04,ps,i00_0051,i00_0052,5,GL,G,low,10,right,0
11/5/2017,p30,m,11.04,ps,i00_0051,i00_0052,2,BL,B,low,11,right,0
11/5/2017,p30,m,11.04,ps,i00_0051,i00_0052,4,C,C,high,12,right,0
11/5/2017,p30,m,11.04,ps,i00_0051,i00_0052,2,B,B,high,13,right,0
11/5/2017,p30,m,11.04,ps,i00_0051,i00_0052,4,YL,Y,low,14,right,1
11/5/2017,p30,m,11.04,ps,i00_0051,i00_0052,3,GL,G,low,15,right,1
11/5/2017,p30,m,11.04,ps,i00_0051,i00_0052,5,B,B,high,16,right,0
11/5/2017,p30,m,11.04,ps,i00_0051,i00_0052,4,Y,Y,high,17,right,0
11/5/2017,p30,m,11.04,ps,i00_0051,i00_0052,3,G,G,high,18,right,0
11/5/2017,p30,m,11.04,ps,i00_0051,i00_0052,5,BL,B,low,19,right,1
11/5/2017,p30,m,11.04,ps,i00_0051,i00_0052,2,G,G,high,20,right,1
11/5/2017,p30,m,11.04,ps,i00_0051,i00_0052,2,Y,Y,high,21,right,0
11/5/2017,p30,m,11.04,ps,i00_0051,i00_0052,3,BL,B,low,22,right,1
11/5/2017,p30,m,11.04,ps,i00_0051,i00_0052,4,GL,G,low,23,right,1
11/5/2017,p30,m,11.04,ps,i00_0051,i00_0052,2,C,C,high,24,right,0
11/5/2017,p30,m,11.04,ps,i00_0051,i00_0052,3,Y,Y,high,25,right,0
11/5/2017,p30,m,11.04,ps,i00_0051,i00_0052,4,G,G,high,26,right,0
11/5/2017,p30,m,11.04,ps,i00_0051,i00_0052,5,Y,Y,high,27,right,1
11/5/2017,p30,m,11.04,ps,i00_0051,i00_0052,2,GL,G,low,28,right,1
11/5/2017,p31,m,11.1,ps,i00_0053,i00_0054,4,B,B,high,1,right,0
11/5/2017,p31,m,11.1,ps,i00_0053,i00_0054,5,YL,Y,low,2,right,0
11/5/2017,p31,m,11.1,ps,i00_0053,i00_0054,5,G,G,high,3,right,0
11/5/2017,p31,m,11.1,ps,i00_0053,i00_0054,3,C,C,high,4,right,0
11/5/2017,p31,m,11.1,ps,i00_0053,i00_0054,4,BL,B,low,5,right,0
11/5/2017,p31,m,11.1,ps,i00_0053,i00_0054,3,YL,Y,low,6,right,0
11/5/2017,p31,m,11.1,ps,i00_0053,i00_0054,5,C,C,high,7,right,0
11/5/2017,p31,m,11.1,ps,i00_0053,i00_0054,3,B,B,high,8,right,1
11/5/2017,p31,m,11.1,ps,i00_0053,i00_0054,2,Y,Y,high,9,right,0
11/5/2017,p31,m,11.1,ps,i00_0053,i00_0054,5,GL,G,low,10,right,1
11/5/2017,p31,m,11.1,ps,i00_0053,i00_0054,2,BL,B,low,11,right,1
11/5/2017,p31,m,11.1,ps,i00_0053,i00_0054,4,C,C,high,12,right,0
11/5/2017,p31,m,11.1,ps,i00_0053,i00_0054,2,B,B,high,13,right,1
11/5/2017,p31,m,11.1,ps,i00_0053,i00_0054,4,YL,Y,low,14,right,1
11/5/2017,p31,m,11.1,ps,i00_0053,i00_0054,3,GL,G,low,15,right,1
11/5/2017,p31,m,11.1,ps,i00_0053,i00_0054,5,B,B,high,16,right,0
11/5/2017,p31,m,11.1,ps,i00_0053,i00_0054,4,Y,Y,high,17,right,0
11/5/2017,p31,m,11.1,ps,i00_0053,i00_0054,3,G,G,high,18,right,1
11/5/2017,p31,m,11.1,ps,i00_0053,i00_0054,5,BL,B,low,19,right,0
11/5/2017,p31,m,11.1,ps,i00_0053,i00_0054,2,G,G,high,20,right,0
11/5/2017,p31,m,11.1,ps,i00_0053,i00_0054,2,Y,Y,high,21,right,1
11/5/2017,p31,m,11.1,ps,i00_0053,i00_0054,3,BL,B,low,22,right,1
11/5/2017,p31,m,11.1,ps,i00_0053,i00_0054,4,GL,G,low,23,right,0
11/5/2017,p31,m,11.1,ps,i00_0053,i00_0054,2,C,C,high,24,right,0
11/5/2017,p31,m,11.1,ps,i00_0053,i00_0054,3,Y,Y,high,25,right,0
11/5/2017,p31,m,11.1,ps,i00_0053,i00_0054,4,G,G,high,26,right,1
11/5/2017,p31,m,11.1,ps,i00_0053,i00_0054,5,Y,Y,high,27,right,0
11/5/2017,p31,m,11.1,ps,i00_0053,i00_0054,2,GL,G,low,28,right,0
11/5/2017,p32,f,11.37,ps,i00_0057,i00_0058,4,B,B,high,1,right,0
11/5/2017,p32,f,11.37,ps,i00_0057,i00_0058,5,YL,Y,low,2,right,0
11/5/2017,p32,f,11.37,ps,i00_0057,i00_0058,5,G,G,high,3,right,0
11/5/2017,p32,f,11.37,ps,i00_0057,i00_0058,3,C,C,high,4,right,0
11/5/2017,p32,f,11.37,ps,i00_0057,i00_0058,4,BL,B,low,5,right,0
11/5/2017,p32,f,11.37,ps,i00_0057,i00_0058,3,YL,Y,low,6,right,0
11/5/2017,p32,f,11.37,ps,i00_0057,i00_0058,5,C,C,high,7,right,0
11/5/2017,p32,f,11.37,ps,i00_0057,i00_0058,3,B,B,high,8,right,0
11/5/2017,p32,f,11.37,ps,i00_0057,i00_0058,2,Y,Y,high,9,right,0
11/5/2017,p32,f,11.37,ps,i00_0057,i00_0058,5,GL,G,low,10,right,0
11/5/2017,p32,f,11.37,ps,i00_0057,i00_0058,2,BL,B,low,11,right,0
11/5/2017,p32,f,11.37,ps,i00_0057,i00_0058,4,C,C,high,12,right,0
11/5/2017,p32,f,11.37,ps,i00_0057,i00_0058,2,B,B,high,13,right,0
11/5/2017,p32,f,11.37,ps,i00_0057,i00_0058,4,YL,Y,low,14,right,0
11/5/2017,p32,f,11.37,ps,i00_0057,i00_0058,3,GL,G,low,15,right,0
11/5/2017,p32,f,11.37,ps,i00_0057,i00_0058,5,B,B,high,16,right,0
11/5/2017,p32,f,11.37,ps,i00_0057,i00_0058,4,Y,Y,high,17,right,0
11/5/2017,p32,f,11.37,ps,i00_0057,i00_0058,3,G,G,high,18,right,0
11/5/2017,p32,f,11.37,ps,i00_0057,i00_0058,5,BL,B,low,19,right,0
11/5/2017,p32,f,11.37,ps,i00_0057,i00_0058,2,G,G,high,20,right,0
11/5/2017,p32,f,11.37,ps,i00_0057,i00_0058,2,Y,Y,high,21,right,0
11/5/2017,p32,f,11.37,ps,i00_0057,i00_0058,3,BL,B,low,22,right,0
11/5/2017,p32,f,11.37,ps,i00_0057,i00_0058,4,GL,G,low,23,right,0
11/5/2017,p32,f,11.37,ps,i00_0057,i00_0058,2,C,C,high,24,right,0
11/5/2017,p32,f,11.37,ps,i00_0057,i00_0058,3,Y,Y,high,25,right,0
11/5/2017,p32,f,11.37,ps,i00_0057,i00_0058,4,G,G,high,26,right,0
11/5/2017,p32,f,11.37,ps,i00_0057,i00_0058,5,Y,Y,high,27,right,0
11/5/2017,p32,f,11.37,ps,i00_0057,i00_0058,2,GL,G,low,28,right,0
11/5/2017,p33,f,11.42,ps,i00_0059,i00_0060,4,B,B,high,1,right,0
11/5/2017,p33,f,11.42,ps,i00_0059,i00_0060,5,YL,Y,low,2,right,0
11/5/2017,p33,f,11.42,ps,i00_0059,i00_0060,5,G,G,high,3,right,0
11/5/2017,p33,f,11.42,ps,i00_0059,i00_0060,3,C,C,high,4,right,0
11/5/2017,p33,f,11.42,ps,i00_0059,i00_0060,4,BL,B,low,5,right,1
11/5/2017,p33,f,11.42,ps,i00_0059,i00_0060,3,YL,Y,low,6,right,1
11/5/2017,p33,f,11.42,ps,i00_0059,i00_0060,5,C,C,high,7,right,0
11/5/2017,p33,f,11.42,ps,i00_0059,i00_0060,3,B,B,high,8,right,1
11/5/2017,p33,f,11.42,ps,i00_0059,i00_0060,2,Y,Y,high,9,right,1
11/5/2017,p33,f,11.42,ps,i00_0059,i00_0060,5,GL,G,low,10,right,0
11/5/2017,p33,f,11.42,ps,i00_0059,i00_0060,2,BL,B,low,11,right,0
11/5/2017,p33,f,11.42,ps,i00_0059,i00_0060,4,C,C,high,12,right,0
11/5/2017,p33,f,11.42,ps,i00_0059,i00_0060,2,B,B,high,13,right,1
11/5/2017,p33,f,11.42,ps,i00_0059,i00_0060,4,YL,Y,low,14,right,1
11/5/2017,p33,f,11.42,ps,i00_0059,i00_0060,3,GL,G,low,15,right,1
11/5/2017,p33,f,11.42,ps,i00_0059,i00_0060,5,B,B,high,16,right,1
11/5/2017,p33,f,11.42,ps,i00_0059,i00_0060,4,Y,Y,high,17,right,1
11/5/2017,p33,f,11.42,ps,i00_0059,i00_0060,3,G,G,high,18,right,0
11/5/2017,p33,f,11.42,ps,i00_0059,i00_0060,5,BL,B,low,19,right,0
11/5/2017,p33,f,11.42,ps,i00_0059,i00_0060,2,G,G,high,20,right,1
11/5/2017,p33,f,11.42,ps,i00_0059,i00_0060,2,Y,Y,high,21,right,0
11/5/2017,p33,f,11.42,ps,i00_0059,i00_0060,3,BL,B,low,22,right,1
11/5/2017,p33,f,11.42,ps,i00_0059,i00_0060,4,GL,G,low,23,right,0
11/5/2017,p33,f,11.42,ps,i00_0059,i00_0060,2,C,C,high,24,right,0
11/5/2017,p33,f,11.42,ps,i00_0059,i00_0060,3,Y,Y,high,25,right,1
11/5/2017,p33,f,11.42,ps,i00_0059,i00_0060,4,G,G,high,26,right,0
11/5/2017,p33,f,11.42,ps,i00_0059,i00_0060,5,Y,Y,high,27,right,0
11/5/2017,p33,f,11.42,ps,i00_0059,i00_0060,2,GL,G,low,28,right,1
11/5/2017,p34,f,12,ps,i00_0061,i00_0062,4,B,B,high,1,right,0
11/5/2017,p34,f,12,ps,i00_0061,i00_0062,5,YL,Y,low,2,right,0
11/5/2017,p34,f,12,ps,i00_0061,i00_0062,5,G,G,high,3,right,1
11/5/2017,p34,f,12,ps,i00_0061,i00_0062,3,C,C,high,4,right,0
11/5/2017,p34,f,12,ps,i00_0061,i00_0062,4,BL,B,low,5,right,1
11/5/2017,p34,f,12,ps,i00_0061,i00_0062,3,YL,Y,low,6,right,1
11/5/2017,p34,f,12,ps,i00_0061,i00_0062,5,C,C,high,7,right,0
11/5/2017,p34,f,12,ps,i00_0061,i00_0062,3,B,B,high,8,right,0
11/5/2017,p34,f,12,ps,i00_0061,i00_0062,2,Y,Y,high,9,right,1
11/5/2017,p34,f,12,ps,i00_0061,i00_0062,5,GL,G,low,10,right,0
11/5/2017,p34,f,12,ps,i00_0061,i00_0062,2,BL,B,low,11,right,1
11/5/2017,p34,f,12,ps,i00_0061,i00_0062,4,C,C,high,12,right,0
11/5/2017,p34,f,12,ps,i00_0061,i00_0062,2,B,B,high,13,right,0
11/5/2017,p34,f,12,ps,i00_0061,i00_0062,4,YL,Y,low,14,right,1
11/5/2017,p34,f,12,ps,i00_0061,i00_0062,3,GL,G,low,15,right,1
11/5/2017,p34,f,12,ps,i00_0061,i00_0062,5,B,B,high,16,right,0
11/5/2017,p34,f,12,ps,i00_0061,i00_0062,4,Y,Y,high,17,right,0
11/5/2017,p34,f,12,ps,i00_0061,i00_0062,3,G,G,high,18,right,1
11/5/2017,p34,f,12,ps,i00_0061,i00_0062,5,BL,B,low,19,right,1
11/5/2017,p34,f,12,ps,i00_0061,i00_0062,2,G,G,high,20,right,1
11/5/2017,p34,f,12,ps,i00_0061,i00_0062,2,Y,Y,high,21,right,1
11/5/2017,p34,f,12,ps,i00_0061,i00_0062,3,BL,B,low,22,right,1
11/5/2017,p34,f,12,ps,i00_0061,i00_0062,4,GL,G,low,23,right,0
11/5/2017,p34,f,12,ps,i00_0061,i00_0062,2,C,C,high,24,right,0
11/5/2017,p34,f,12,ps,i00_0061,i00_0062,3,Y,Y,high,25,right,0
11/5/2017,p34,f,12,ps,i00_0061,i00_0062,4,G,G,high,26,right,1
11/5/2017,p34,f,12,ps,i00_0061,i00_0062,5,Y,Y,high,27,right,0
11/5/2017,p34,f,12,ps,i00_0061,i00_0062,2,GL,G,low,28,right,1
11/5/2017,p35,f,12.18,ps,i00_0063,i00_0064,4,B,B,high,1,right,0
11/5/2017,p35,f,12.18,ps,i00_0063,i00_0064,5,YL,Y,low,2,right,0
11/5/2017,p35,f,12.18,ps,i00_0063,i00_0064,5,G,G,high,3,right,0
11/5/2017,p35,f,12.18,ps,i00_0063,i00_0064,3,C,C,high,4,right,0
11/5/2017,p35,f,12.18,ps,i00_0063,i00_0064,4,BL,B,low,5,right,0
11/5/2017,p35,f,12.18,ps,i00_0063,i00_0064,3,YL,Y,low,6,right,1
11/5/2017,p35,f,12.18,ps,i00_0063,i00_0064,5,C,C,high,7,right,0
11/5/2017,p35,f,12.18,ps,i00_0063,i00_0064,3,B,B,high,8,right,0
11/5/2017,p35,f,12.18,ps,i00_0063,i00_0064,2,Y,Y,high,9,right,1
11/5/2017,p35,f,12.18,ps,i00_0063,i00_0064,5,GL,G,low,10,right,0
11/5/2017,p35,f,12.18,ps,i00_0063,i00_0064,2,BL,B,low,11,right,0
11/5/2017,p35,f,12.18,ps,i00_0063,i00_0064,4,C,C,high,12,right,0
11/5/2017,p35,f,12.18,ps,i00_0063,i00_0064,2,B,B,high,13,right,1
11/5/2017,p35,f,12.18,ps,i00_0063,i00_0064,4,YL,Y,low,14,right,1
11/5/2017,p35,f,12.18,ps,i00_0063,i00_0064,3,GL,G,low,15,right,1
11/5/2017,p35,f,12.18,ps,i00_0063,i00_0064,5,B,B,high,16,right,1
11/5/2017,p35,f,12.18,ps,i00_0063,i00_0064,4,Y,Y,high,17,right,0
11/5/2017,p35,f,12.18,ps,i00_0063,i00_0064,3,G,G,high,18,right,0
11/5/2017,p35,f,12.18,ps,i00_0063,i00_0064,5,BL,B,low,19,right,0
11/5/2017,p35,f,12.18,ps,i00_0063,i00_0064,2,G,G,high,20,right,0
11/5/2017,p35,f,12.18,ps,i00_0063,i00_0064,2,Y,Y,high,21,right,0
11/5/2017,p35,f,12.18,ps,i00_0063,i00_0064,3,BL,B,low,22,right,1
11/5/2017,p35,f,12.18,ps,i00_0063,i00_0064,4,GL,G,low,23,right,1
11/5/2017,p35,f,12.18,ps,i00_0063,i00_0064,2,C,C,high,24,right,0
11/5/2017,p35,f,12.18,ps,i00_0063,i00_0064,3,Y,Y,high,25,right,0
11/5/2017,p35,f,12.18,ps,i00_0063,i00_0064,4,G,G,high,26,right,1
11/5/2017,p35,f,12.18,ps,i00_0063,i00_0064,5,Y,Y,high,27,right,0
11/5/2017,p35,f,12.18,ps,i00_0063,i00_0064,2,GL,G,low,28,right,1
11/5/2017,p36,f,12.23,ps,i00_0065,i00_0066,4,B,B,high,1,right,0
11/5/2017,p36,f,12.23,ps,i00_0065,i00_0066,5,YL,Y,low,2,right,0
11/5/2017,p36,f,12.23,ps,i00_0065,i00_0066,5,G,G,high,3,right,0
11/5/2017,p36,f,12.23,ps,i00_0065,i00_0066,3,C,C,high,4,right,0
11/5/2017,p36,f,12.23,ps,i00_0065,i00_0066,4,BL,B,low,5,right,1
11/5/2017,p36,f,12.23,ps,i00_0065,i00_0066,3,YL,Y,low,6,right,1
11/5/2017,p36,f,12.23,ps,i00_0065,i00_0066,5,C,C,high,7,right,0
11/5/2017,p36,f,12.23,ps,i00_0065,i00_0066,3,B,B,high,8,right,0
11/5/2017,p36,f,12.23,ps,i00_0065,i00_0066,2,Y,Y,high,9,right,1
11/5/2017,p36,f,12.23,ps,i00_0065,i00_0066,5,GL,G,low,10,right,0
11/5/2017,p36,f,12.23,ps,i00_0065,i00_0066,2,BL,B,low,11,right,0
11/5/2017,p36,f,12.23,ps,i00_0065,i00_0066,4,C,C,high,12,right,0
11/5/2017,p36,f,12.23,ps,i00_0065,i00_0066,2,B,B,high,13,right,0
11/5/2017,p36,f,12.23,ps,i00_0065,i00_0066,4,YL,Y,low,14,right,0
11/5/2017,p36,f,12.23,ps,i00_0065,i00_0066,3,GL,G,low,15,right,0
11/5/2017,p36,f,12.23,ps,i00_0065,i00_0066,5,B,B,high,16,right,0
11/5/2017,p36,f,12.23,ps,i00_0065,i00_0066,4,Y,Y,high,17,right,0
11/5/2017,p36,f,12.23,ps,i00_0065,i00_0066,3,G,G,high,18,right,1
11/5/2017,p36,f,12.23,ps,i00_0065,i00_0066,5,BL,B,low,19,right,0
11/5/2017,p36,f,12.23,ps,i00_0065,i00_0066,2,G,G,high,20,right,1
11/5/2017,p36,f,12.23,ps,i00_0065,i00_0066,2,Y,Y,high,21,right,0
11/5/2017,p36,f,12.23,ps,i00_0065,i00_0066,3,BL,B,low,22,right,1
11/5/2017,p36,f,12.23,ps,i00_0065,i00_0066,4,GL,G,low,23,right,0
11/5/2017,p36,f,12.23,ps,i00_0065,i00_0066,2,C,C,high,24,right,0
11/5/2017,p36,f,12.23,ps,i00_0065,i00_0066,3,Y,Y,high,25,right,0
11/5/2017,p36,f,12.23,ps,i00_0065,i00_0066,4,G,G,high,26,right,0
11/5/2017,p36,f,12.23,ps,i00_0065,i00_0066,5,Y,Y,high,27,right,1
11/5/2017,p36,f,12.23,ps,i00_0065,i00_0066,2,GL,G,low,28,right,1
11/5/2017,p37,m,12.57,su,NA,NA,4,B,B,high,1,right,0
11/5/2017,p37,m,12.57,su,NA,NA,5,YL,Y,low,2,right,0
11/5/2017,p37,m,12.57,su,NA,NA,5,G,G,high,3,right,0
11/5/2017,p37,m,12.57,su,NA,NA,3,C,C,high,4,right,0
11/5/2017,p37,m,12.57,su,NA,NA,4,BL,B,low,5,right,1
11/5/2017,p37,m,12.57,su,NA,NA,3,YL,Y,low,6,right,1
11/5/2017,p37,m,12.57,su,NA,NA,5,C,C,high,7,right,0
11/5/2017,p37,m,12.57,su,NA,NA,3,B,B,high,8,right,0
11/5/2017,p37,m,12.57,su,NA,NA,2,Y,Y,high,9,right,1
11/5/2017,p37,m,12.57,su,NA,NA,5,GL,G,low,10,right,0
11/5/2017,p37,m,12.57,su,NA,NA,2,BL,B,low,11,right,1
11/5/2017,p37,m,12.57,su,NA,NA,4,C,C,high,12,right,0
11/5/2017,p37,m,12.57,su,NA,NA,2,B,B,high,13,right,1
11/5/2017,p37,m,12.57,su,NA,NA,4,YL,Y,low,14,right,1
11/5/2017,p37,m,12.57,su,NA,NA,3,GL,G,low,15,right,1
11/5/2017,p37,m,12.57,su,NA,NA,5,B,B,high,16,right,0
11/5/2017,p37,m,12.57,su,NA,NA,4,Y,Y,high,17,right,0
11/5/2017,p37,m,12.57,su,NA,NA,3,G,G,high,18,right,1
11/5/2017,p37,m,12.57,su,NA,NA,5,BL,B,low,19,right,1
11/5/2017,p37,m,12.57,su,NA,NA,2,G,G,high,20,right,1
11/5/2017,p37,m,12.57,su,NA,NA,2,YL,Y,low,21,right,0
11/5/2017,p37,m,12.57,su,NA,NA,3,BL,B,low,22,right,1
11/5/2017,p37,m,12.57,su,NA,NA,4,GL,G,low,23,right,0
11/5/2017,p37,m,12.57,su,NA,NA,2,C,C,high,24,right,0
11/5/2017,p37,m,12.57,su,NA,NA,3,Y,Y,high,25,right,0
11/5/2017,p37,m,12.57,su,NA,NA,4,G,G,high,26,right,1
11/5/2017,p37,m,12.57,su,NA,NA,5,Y,Y,high,27,right,0
11/5/2017,p37,m,12.57,su,NA,NA,2,GL,G,low,28,right,1
11/5/2017,p38,f,13.02,sh,i00_0067,i00_0068,4,B,B,high,1,right,0
11/5/2017,p38,f,13.02,sh,i00_0067,i00_0068,5,YL,Y,low,2,right,0
11/5/2017,p38,f,13.02,sh,i00_0067,i00_0068,5,G,G,high,3,right,0
11/5/2017,p38,f,13.02,sh,i00_0067,i00_0068,3,C,C,high,4,right,0
11/5/2017,p38,f,13.02,sh,i00_0067,i00_0068,4,BL,B,low,5,right,1
11/5/2017,p38,f,13.02,sh,i00_0067,i00_0068,3,YL,Y,low,6,right,1
11/5/2017,p38,f,13.02,sh,i00_0067,i00_0068,5,C,C,high,7,right,0
11/5/2017,p38,f,13.02,sh,i00_0067,i00_0068,3,B,B,high,8,right,0
11/5/2017,p38,f,13.02,sh,i00_0067,i00_0068,2,Y,Y,high,9,right,0
11/5/2017,p38,f,13.02,sh,i00_0067,i00_0068,5,GL,G,low,10,right,1
11/5/2017,p38,f,13.02,sh,i00_0067,i00_0068,2,BL,B,low,11,right,0
11/5/2017,p38,f,13.02,sh,i00_0067,i00_0068,4,C,C,high,12,right,0
11/5/2017,p38,f,13.02,sh,i00_0067,i00_0068,2,B,B,high,13,right,0
11/5/2017,p38,f,13.02,sh,i00_0067,i00_0068,4,YL,Y,low,14,right,1
11/5/2017,p38,f,13.02,sh,i00_0067,i00_0068,3,GL,G,low,15,right,0
11/5/2017,p38,f,13.02,sh,i00_0067,i00_0068,5,B,B,high,16,right,0
11/5/2017,p38,f,13.02,sh,i00_0067,i00_0068,4,Y,Y,high,17,right,0
11/5/2017,p38,f,13.02,sh,i00_0067,i00_0068,3,G,G,high,18,right,0
11/5/2017,p38,f,13.02,sh,i00_0067,i00_0068,5,BL,B,low,19,right,1
11/5/2017,p38,f,13.02,sh,i00_0067,i00_0068,2,G,G,high,20,right,1
11/5/2017,p38,f,13.02,sh,i00_0067,i00_0068,2,YL,Y,low,21,right,1
11/5/2017,p38,f,13.02,sh,i00_0067,i00_0068,3,BL,B,low,22,right,1
11/5/2017,p38,f,13.02,sh,i00_0067,i00_0068,4,GL,G,low,23,right,1
11/5/2017,p38,f,13.02,sh,i00_0067,i00_0068,2,C,C,high,24,right,0
11/5/2017,p38,f,13.02,sh,i00_0067,i00_0068,3,Y,Y,high,25,right,0
11/5/2017,p38,f,13.02,sh,i00_0067,i00_0068,4,G,G,high,26,right,1
11/5/2017,p38,f,13.02,sh,i00_0067,i00_0068,5,Y,Y,high,27,right,0
11/5/2017,p38,f,13.02,sh,i00_0067,i00_0068,2,GL,G,low,28,right,1
11/5/2017,p39,m,13.26,sh,i00_0069,i00_0070,4,B,B,high,1,right,0
11/5/2017,p39,m,13.26,sh,i00_0069,i00_0070,5,YL,Y,low,2,right,0
11/5/2017,p39,m,13.26,sh,i00_0069,i00_0070,5,G,G,high,3,right,0
11/5/2017,p39,m,13.26,sh,i00_0069,i00_0070,3,C,C,high,4,right,0
11/5/2017,p39,m,13.26,sh,i00_0069,i00_0070,4,BL,B,low,5,right,1
11/5/2017,p39,m,13.26,sh,i00_0069,i00_0070,3,YL,Y,low,6,right,1
11/5/2017,p39,m,13.26,sh,i00_0069,i00_0070,5,C,C,high,7,right,0
11/5/2017,p39,m,13.26,sh,i00_0069,i00_0070,3,B,B,high,8,right,0
11/5/2017,p39,m,13.26,sh,i00_0069,i00_0070,2,Y,Y,high,9,right,1
11/5/2017,p39,m,13.26,sh,i00_0069,i00_0070,5,GL,G,low,10,right,0
11/5/2017,p39,m,13.26,sh,i00_0069,i00_0070,2,BL,B,low,11,right,1
11/5/2017,p39,m,13.26,sh,i00_0069,i00_0070,4,C,C,high,12,right,0
11/5/2017,p39,m,13.26,sh,i00_0069,i00_0070,2,B,B,high,13,right,1
11/5/2017,p39,m,13.26,sh,i00_0069,i00_0070,4,YL,Y,low,14,right,0
11/5/2017,p39,m,13.26,sh,i00_0069,i00_0070,3,GL,G,low,15,right,1
11/5/2017,p39,m,13.26,sh,i00_0069,i00_0070,5,B,B,high,16,right,0
11/5/2017,p39,m,13.26,sh,i00_0069,i00_0070,4,Y,Y,high,17,right,0
11/5/2017,p39,m,13.26,sh,i00_0069,i00_0070,3,G,G,high,18,right,1
11/5/2017,p39,m,13.26,sh,i00_0069,i00_0070,5,BL,B,low,19,right,0
11/5/2017,p39,m,13.26,sh,i00_0069,i00_0070,2,G,G,high,20,right,1
11/5/2017,p39,m,13.26,sh,i00_0069,i00_0070,2,YL,Y,low,21,right,1
11/5/2017,p39,m,13.26,sh,i00_0069,i00_0070,3,BL,B,low,22,right,0
11/5/2017,p39,m,13.26,sh,i00_0069,i00_0070,4,GL,G,low,23,right,0
11/5/2017,p39,m,13.26,sh,i00_0069,i00_0070,2,C,C,high,24,right,0
11/5/2017,p39,m,13.26,sh,i00_0069,i00_0070,3,Y,Y,high,25,right,0
11/5/2017,p39,m,13.26,sh,i00_0069,i00_0070,4,G,G,high,26,right,0
11/5/2017,p39,m,13.26,sh,i00_0069,i00_0070,5,Y,Y,high,27,right,0
11/5/2017,p39,m,13.26,sh,i00_0069,i00_0070,2,GL,G,low,28,right,1
11/5/2017,p40,m,13.39,sh,i00_0073,i00_0074,4,B,B,high,1,right,1
11/5/2017,p40,m,13.39,sh,i00_0073,i00_0074,5,YL,Y,low,2,right,0
11/5/2017,p40,m,13.39,sh,i00_0073,i00_0074,5,G,G,high,3,right,1
11/5/2017,p40,m,13.39,sh,i00_0073,i00_0074,3,C,C,high,4,right,0
11/5/2017,p40,m,13.39,sh,i00_0073,i00_0074,4,BL,B,low,5,right,0
11/5/2017,p40,m,13.39,sh,i00_0073,i00_0074,3,YL,Y,low,6,right,0
11/5/2017,p40,m,13.39,sh,i00_0073,i00_0074,5,C,C,high,7,right,0
11/5/2017,p40,m,13.39,sh,i00_0073,i00_0074,3,B,B,high,8,right,0
11/5/2017,p40,m,13.39,sh,i00_0073,i00_0074,2,Y,Y,high,9,right,0
11/5/2017,p40,m,13.39,sh,i00_0073,i00_0074,5,GL,G,low,10,right,1
11/5/2017,p40,m,13.39,sh,i00_0073,i00_0074,2,BL,B,low,11,right,0
11/5/2017,p40,m,13.39,sh,i00_0073,i00_0074,4,C,C,high,12,right,0
11/5/2017,p40,m,13.39,sh,i00_0073,i00_0074,2,B,B,high,13,right,0
11/5/2017,p40,m,13.39,sh,i00_0073,i00_0074,4,YL,Y,low,14,right,0
11/5/2017,p40,m,13.39,sh,i00_0073,i00_0074,3,GL,G,low,15,right,1
11/5/2017,p40,m,13.39,sh,i00_0073,i00_0074,5,B,B,high,16,right,0
11/5/2017,p40,m,13.39,sh,i00_0073,i00_0074,4,Y,Y,high,17,right,0
11/5/2017,p40,m,13.39,sh,i00_0073,i00_0074,3,G,G,high,18,right,1
11/5/2017,p40,m,13.39,sh,i00_0073,i00_0074,5,BL,B,low,19,right,0
11/5/2017,p40,m,13.39,sh,i00_0073,i00_0074,2,G,G,high,20,right,0
11/5/2017,p40,m,13.39,sh,i00_0073,i00_0074,2,YL,Y,low,21,right,1
11/5/2017,p40,m,13.39,sh,i00_0073,i00_0074,3,BL,B,low,22,right,0
11/5/2017,p40,m,13.39,sh,i00_0073,i00_0074,4,GL,G,low,23,right,0
11/5/2017,p40,m,13.39,sh,i00_0073,i00_0074,2,C,C,high,24,right,0
11/5/2017,p40,m,13.39,sh,i00_0073,i00_0074,3,Y,Y,high,25,right,0
11/5/2017,p40,m,13.39,sh,i00_0073,i00_0074,4,G,G,high,26,right,0
11/5/2017,p40,m,13.39,sh,i00_0073,i00_0074,5,Y,Y,high,27,right,0
11/5/2017,p40,m,13.39,sh,i00_0073,i00_0074,2,GL,G,low,28,right,1
11/5/2017,p41,f,13.43,ps,i00_0075,i00_0076,4,B,B,high,1,right,0
11/5/2017,p41,f,13.43,ps,i00_0075,i00_0076,5,YL,Y,low,2,right,0
11/5/2017,p41,f,13.43,ps,i00_0075,i00_0076,5,G,G,high,3,right,0
11/5/2017,p41,f,13.43,ps,i00_0075,i00_0076,3,C,C,high,4,right,1
11/5/2017,p41,f,13.43,ps,i00_0075,i00_0076,4,BL,B,low,5,right,1
11/5/2017,p41,f,13.43,ps,i00_0075,i00_0076,3,YL,Y,low,6,right,1
11/5/2017,p41,f,13.43,ps,i00_0075,i00_0076,5,C,C,high,7,right,0
11/5/2017,p41,f,13.43,ps,i00_0075,i00_0076,3,B,B,high,8,right,0
11/5/2017,p41,f,13.43,ps,i00_0075,i00_0076,2,Y,Y,high,9,right,1
11/5/2017,p41,f,13.43,ps,i00_0075,i00_0076,5,GL,G,low,10,right,0
11/5/2017,p41,f,13.43,ps,i00_0075,i00_0076,2,BL,B,low,11,right,1
11/5/2017,p41,f,13.43,ps,i00_0075,i00_0076,4,C,C,high,12,right,0
11/5/2017,p41,f,13.43,ps,i00_0075,i00_0076,2,B,B,high,13,right,0
11/5/2017,p41,f,13.43,ps,i00_0075,i00_0076,4,YL,Y,low,14,right,1
11/5/2017,p41,f,13.43,ps,i00_0075,i00_0076,3,GL,G,low,15,right,0
11/5/2017,p41,f,13.43,ps,i00_0075,i00_0076,5,B,B,high,16,right,0
11/5/2017,p41,f,13.43,ps,i00_0075,i00_0076,4,Y,Y,high,17,right,0
11/5/2017,p41,f,13.43,ps,i00_0075,i00_0076,3,G,G,high,18,right,1
11/5/2017,p41,f,13.43,ps,i00_0075,i00_0076,5,BL,B,low,19,right,1
11/5/2017,p41,f,13.43,ps,i00_0075,i00_0076,2,G,G,high,20,right,1
11/5/2017,p41,f,13.43,ps,i00_0075,i00_0076,2,YL,Y,low,21,right,0
11/5/2017,p41,f,13.43,ps,i00_0075,i00_0076,3,BL,B,low,22,right,1
11/5/2017,p41,f,13.43,ps,i00_0075,i00_0076,4,GL,G,low,23,right,1
11/5/2017,p41,f,13.43,ps,i00_0075,i00_0076,2,C,C,high,24,right,0
11/5/2017,p41,f,13.43,ps,i00_0075,i00_0076,3,Y,Y,high,25,right,0
11/5/2017,p41,f,13.43,ps,i00_0075,i00_0076,4,G,G,high,26,right,0
11/5/2017,p41,f,13.43,ps,i00_0075,i00_0076,5,Y,Y,high,27,right,0
11/5/2017,p41,f,13.43,ps,i00_0075,i00_0076,2,GL,G,low,28,right,1
11/5/2017,p42,f,13.47,sh,i00_0077,i00_0078,4,B,B,high,1,right,1
11/5/2017,p42,f,13.47,sh,i00_0077,i00_0078,5,YL,Y,low,2,right,0
11/5/2017,p42,f,13.47,sh,i00_0077,i00_0078,5,G,G,high,3,right,1
11/5/2017,p42,f,13.47,sh,i00_0077,i00_0078,3,C,C,high,4,right,0
11/5/2017,p42,f,13.47,sh,i00_0077,i00_0078,4,BL,B,low,5,right,0
11/5/2017,p42,f,13.47,sh,i00_0077,i00_0078,3,YL,Y,low,6,right,1
11/5/2017,p42,f,13.47,sh,i00_0077,i00_0078,5,C,C,high,7,right,0
11/5/2017,p42,f,13.47,sh,i00_0077,i00_0078,3,B,B,high,8,right,0
11/5/2017,p42,f,13.47,sh,i00_0077,i00_0078,2,Y,Y,high,9,right,1
11/5/2017,p42,f,13.47,sh,i00_0077,i00_0078,5,GL,G,low,10,right,0
11/5/2017,p42,f,13.47,sh,i00_0077,i00_0078,2,BL,B,low,11,right,1
11/5/2017,p42,f,13.47,sh,i00_0077,i00_0078,4,C,C,high,12,right,0
11/5/2017,p42,f,13.47,sh,i00_0077,i00_0078,2,B,B,high,13,right,1
11/5/2017,p42,f,13.47,sh,i00_0077,i00_0078,4,YL,Y,low,14,right,1
11/5/2017,p42,f,13.47,sh,i00_0077,i00_0078,3,GL,G,low,15,right,0
11/5/2017,p42,f,13.47,sh,i00_0077,i00_0078,5,B,B,high,16,right,1
11/5/2017,p42,f,13.47,sh,i00_0077,i00_0078,4,Y,Y,high,17,right,0
11/5/2017,p42,f,13.47,sh,i00_0077,i00_0078,3,G,G,high,18,right,1
11/5/2017,p42,f,13.47,sh,i00_0077,i00_0078,5,BL,B,low,19,right,0
11/5/2017,p42,f,13.47,sh,i00_0077,i00_0078,2,G,G,high,20,right,1
11/5/2017,p42,f,13.47,sh,i00_0077,i00_0078,2,YL,Y,low,21,right,0
11/5/2017,p42,f,13.47,sh,i00_0077,i00_0078,3,BL,B,low,22,right,0
11/5/2017,p42,f,13.47,sh,i00_0077,i00_0078,4,GL,G,low,23,right,1
11/5/2017,p42,f,13.47,sh,i00_0077,i00_0078,2,C,C,high,24,right,0
11/5/2017,p42,f,13.47,sh,i00_0077,i00_0078,3,Y,Y,high,25,right,1
11/5/2017,p42,f,13.47,sh,i00_0077,i00_0078,4,G,G,high,26,right,0
11/5/2017,p42,f,13.47,sh,i00_0077,i00_0078,5,Y,Y,high,27,right,0
11/5/2017,p42,f,13.47,sh,i00_0077,i00_0078,2,GL,G,low,28,right,1
11/5/2017,p43,f,13.53,sh,i00_0079,i00_0080,4,B,B,high,1,right,0
11/5/2017,p43,f,13.53,sh,i00_0079,i00_0080,5,YL,Y,low,2,right,1
11/5/2017,p43,f,13.53,sh,i00_0079,i00_0080,5,G,G,high,3,right,1
11/5/2017,p43,f,13.53,sh,i00_0079,i00_0080,3,C,C,high,4,right,0
11/5/2017,p43,f,13.53,sh,i00_0079,i00_0080,4,BL,B,low,5,right,0
11/5/2017,p43,f,13.53,sh,i00_0079,i00_0080,3,YL,Y,low,6,right,0
11/5/2017,p43,f,13.53,sh,i00_0079,i00_0080,5,C,C,high,7,right,0
11/5/2017,p43,f,13.53,sh,i00_0079,i00_0080,3,B,B,high,8,right,0
11/5/2017,p43,f,13.53,sh,i00_0079,i00_0080,2,Y,Y,high,9,right,1
11/5/2017,p43,f,13.53,sh,i00_0079,i00_0080,5,GL,G,low,10,right,1
11/5/2017,p43,f,13.53,sh,i00_0079,i00_0080,2,BL,B,low,11,right,0
11/5/2017,p43,f,13.53,sh,i00_0079,i00_0080,4,C,C,high,12,right,0
11/5/2017,p43,f,13.53,sh,i00_0079,i00_0080,2,B,B,high,13,right,1
11/5/2017,p43,f,13.53,sh,i00_0079,i00_0080,4,YL,Y,low,14,right,1
11/5/2017,p43,f,13.53,sh,i00_0079,i00_0080,3,GL,G,low,15,right,1
11/5/2017,p43,f,13.53,sh,i00_0079,i00_0080,5,B,B,high,16,right,1
11/5/2017,p43,f,13.53,sh,i00_0079,i00_0080,4,Y,Y,high,17,right,0
11/5/2017,p43,f,13.53,sh,i00_0079,i00_0080,3,G,G,high,18,right,1
11/5/2017,p43,f,13.53,sh,i00_0079,i00_0080,5,BL,B,low,19,right,1
11/5/2017,p43,f,13.53,sh,i00_0079,i00_0080,2,G,G,high,20,right,1
11/5/2017,p43,f,13.53,sh,i00_0079,i00_0080,2,YL,Y,low,21,right,1
11/5/2017,p43,f,13.53,sh,i00_0079,i00_0080,3,BL,B,low,22,right,1
11/5/2017,p43,f,13.53,sh,i00_0079,i00_0080,4,GL,G,low,23,right,1
11/5/2017,p43,f,13.53,sh,i00_0079,i00_0080,2,C,C,high,24,right,0
11/5/2017,p43,f,13.53,sh,i00_0079,i00_0080,3,Y,Y,high,25,right,1
11/5/2017,p43,f,13.53,sh,i00_0079,i00_0080,4,G,G,high,26,right,0
11/5/2017,p43,f,13.53,sh,i00_0079,i00_0080,5,Y,Y,high,27,right,0
11/5/2017,p43,f,13.53,sh,i00_0079,i00_0080,2,GL,G,low,28,right,1
12/5/2017,p44,m,11.42,ps,i00_0084,i00_0085,5,G,G,high,1,right,0
12/5/2017,p44,m,11.42,ps,i00_0084,i00_0085,5,Y,Y,high,2,right,0
12/5/2017,p44,m,11.42,ps,i00_0084,i00_0085,4,B,B,high,3,right,1
12/5/2017,p44,m,11.42,ps,i00_0084,i00_0085,4,GL,G,low,4,right,0
12/5/2017,p44,m,11.42,ps,i00_0084,i00_0085,2,BL,B,low,5,right,0
12/5/2017,p44,m,11.42,ps,i00_0084,i00_0085,4,YL,Y,low,6,right,1
12/5/2017,p44,m,11.42,ps,i00_0084,i00_0085,2,GL,G,low,7,right,0
12/5/2017,p44,m,11.42,ps,i00_0084,i00_0085,3,C,C,high,8,right,0
12/5/2017,p44,m,11.42,ps,i00_0084,i00_0085,4,B,B,high,9,right,1
12/5/2017,p44,m,11.42,ps,i00_0084,i00_0085,4,G,G,high,10,right,1
12/5/2017,p44,m,11.42,ps,i00_0084,i00_0085,2,C,C,high,11,right,0
12/5/2017,p44,m,11.42,ps,i00_0084,i00_0085,2,Y,Y,high,12,right,0
12/5/2017,p44,m,11.42,ps,i00_0084,i00_0085,3,GL,G,low,13,right,1
12/5/2017,p44,m,11.42,ps,i00_0084,i00_0085,5,YL,Y,low,14,right,0
12/5/2017,p44,m,11.42,ps,i00_0084,i00_0085,2,BL,B,low,15,right,1
12/5/2017,p44,m,11.42,ps,i00_0084,i00_0085,3,C,C,high,16,right,0
12/5/2017,p44,m,11.42,ps,i00_0084,i00_0085,2,YL,Y,low,17,right,1
12/5/2017,p44,m,11.42,ps,i00_0084,i00_0085,2,G,G,high,18,right,1
12/5/2017,p44,m,11.42,ps,i00_0084,i00_0085,3,B,B,high,19,right,1
12/5/2017,p44,m,11.42,ps,i00_0084,i00_0085,5,YL,Y,low,20,right,1
12/5/2017,p44,m,11.42,ps,i00_0084,i00_0085,3,G,G,high,21,right,0
12/5/2017,p44,m,11.42,ps,i00_0084,i00_0085,4,BL,B,low,22,right,1
12/5/2017,p44,m,11.42,ps,i00_0084,i00_0085,5,C,C,high,23,right,0
12/5/2017,p44,m,11.42,ps,i00_0084,i00_0085,5,Y,Y,high,24,right,0
12/5/2017,p44,m,11.42,ps,i00_0084,i00_0085,5,GL,G,low,25,right,1
12/5/2017,p44,m,11.42,ps,i00_0084,i00_0085,3,BL,B,low,26,right,1
12/5/2017,p44,m,11.42,ps,i00_0084,i00_0085,4,Y,Y,high,27,right,1
12/5/2017,p44,m,11.42,ps,i00_0084,i00_0085,3,B,B,high,28,right,1
12/5/2017,p45,f,11.45,sh,i00_0086,i00_0087,5,G,G,high,1,right,0
12/5/2017,p45,f,11.45,sh,i00_0086,i00_0087,5,Y,Y,high,2,right,0
12/5/2017,p45,f,11.45,sh,i00_0086,i00_0087,4,B,B,high,3,right,0
12/5/2017,p45,f,11.45,sh,i00_0086,i00_0087,4,GL,G,low,4,right,0
12/5/2017,p45,f,11.45,sh,i00_0086,i00_0087,2,BL,B,low,5,right,1
12/5/2017,p45,f,11.45,sh,i00_0086,i00_0087,4,YL,Y,low,6,right,0
12/5/2017,p45,f,11.45,sh,i00_0086,i00_0087,2,GL,G,low,7,right,1
12/5/2017,p45,f,11.45,sh,i00_0086,i00_0087,3,C,C,high,8,right,0
12/5/2017,p45,f,11.45,sh,i00_0086,i00_0087,4,B,B,high,9,right,0
12/5/2017,p45,f,11.45,sh,i00_0086,i00_0087,4,G,G,high,10,right,1
12/5/2017,p45,f,11.45,sh,i00_0086,i00_0087,2,C,C,high,11,right,0
12/5/2017,p45,f,11.45,sh,i00_0086,i00_0087,2,Y,Y,high,12,right,0
12/5/2017,p45,f,11.45,sh,i00_0086,i00_0087,3,GL,G,low,13,right,1
12/5/2017,p45,f,11.45,sh,i00_0086,i00_0087,5,YL,Y,low,14,right,0
12/5/2017,p45,f,11.45,sh,i00_0086,i00_0087,2,BL,B,low,15,right,1
12/5/2017,p45,f,11.45,sh,i00_0086,i00_0087,3,C,C,high,16,right,0
12/5/2017,p45,f,11.45,sh,i00_0086,i00_0087,2,YL,Y,low,17,right,1
12/5/2017,p45,f,11.45,sh,i00_0086,i00_0087,2,G,G,high,18,right,1
12/5/2017,p45,f,11.45,sh,i00_0086,i00_0087,3,B,B,high,19,right,1
12/5/2017,p45,f,11.45,sh,i00_0086,i00_0087,5,YL,Y,low,20,right,0
12/5/2017,p45,f,11.45,sh,i00_0086,i00_0087,3,G,G,high,21,right,0
12/5/2017,p45,f,11.45,sh,i00_0086,i00_0087,4,BL,B,low,22,right,1
12/5/2017,p45,f,11.45,sh,i00_0086,i00_0087,5,C,C,high,23,right,0
12/5/2017,p45,f,11.45,sh,i00_0086,i00_0087,5,Y,Y,high,24,right,0
12/5/2017,p45,f,11.45,sh,i00_0086,i00_0087,5,GL,G,low,25,right,1
12/5/2017,p45,f,11.45,sh,i00_0086,i00_0087,3,BL,B,low,26,right,1
12/5/2017,p45,f,11.45,sh,i00_0086,i00_0087,4,Y,Y,high,27,right,1
12/5/2017,p45,f,11.45,sh,i00_0086,i00_0087,3,B,B,high,28,right,1
12/5/2017,p46,f,12.08,su,i00_0089,i00_0090,5,G,G,high,1,right,0
12/5/2017,p46,f,12.08,su,i00_0089,i00_0090,5,Y,Y,high,2,right,0
12/5/2017,p46,f,12.08,su,i00_0089,i00_0090,4,B,B,high,3,right,1
12/5/2017,p46,f,12.08,su,i00_0089,i00_0090,4,GL,G,low,4,right,0
12/5/2017,p46,f,12.08,su,i00_0089,i00_0090,2,BL,B,low,5,right,0
12/5/2017,p46,f,12.08,su,i00_0089,i00_0090,4,YL,Y,low,6,right,1
12/5/2017,p46,f,12.08,su,i00_0089,i00_0090,2,GL,G,low,7,right,0
12/5/2017,p46,f,12.08,su,i00_0089,i00_0090,3,C,C,high,8,right,0
12/5/2017,p46,f,12.08,su,i00_0089,i00_0090,4,B,B,high,9,right,0
12/5/2017,p46,f,12.08,su,i00_0089,i00_0090,4,G,G,high,10,right,1
12/5/2017,p46,f,12.08,su,i00_0089,i00_0090,2,C,C,high,11,right,0
12/5/2017,p46,f,12.08,su,i00_0089,i00_0090,2,Y,Y,high,12,right,1
12/5/2017,p46,f,12.08,su,i00_0089,i00_0090,3,GL,G,low,13,right,1
12/5/2017,p46,f,12.08,su,i00_0089,i00_0090,5,YL,Y,low,14,right,1
12/5/2017,p46,f,12.08,su,i00_0089,i00_0090,2,BL,B,low,15,right,1
12/5/2017,p46,f,12.08,su,i00_0089,i00_0090,3,C,C,high,16,right,0
12/5/2017,p46,f,12.08,su,i00_0089,i00_0090,2,YL,Y,low,17,right,1
12/5/2017,p46,f,12.08,su,i00_0089,i00_0090,2,G,G,high,18,right,1
12/5/2017,p46,f,12.08,su,i00_0089,i00_0090,3,B,B,high,19,right,1
12/5/2017,p46,f,12.08,su,i00_0089,i00_0090,5,YL,Y,low,20,right,0
12/5/2017,p46,f,12.08,su,i00_0089,i00_0090,3,G,G,high,21,right,0
12/5/2017,p46,f,12.08,su,i00_0089,i00_0090,4,BL,B,low,22,right,1
12/5/2017,p46,f,12.08,su,i00_0089,i00_0090,5,C,C,high,23,right,0
12/5/2017,p46,f,12.08,su,i00_0089,i00_0090,5,Y,Y,high,24,right,1
12/5/2017,p46,f,12.08,su,i00_0089,i00_0090,5,GL,G,low,25,right,1
12/5/2017,p46,f,12.08,su,i00_0089,i00_0090,3,BL,B,low,26,right,1
12/5/2017,p46,f,12.08,su,i00_0089,i00_0090,4,Y,Y,high,27,right,0
12/5/2017,p46,f,12.08,su,i00_0089,i00_0090,3,B,B,high,28,right,1
12/5/2017,p47,m,12.38,oc,i00_0092,i00_0093,5,G,G,high,1,right,0
12/5/2017,p47,m,12.38,oc,i00_0092,i00_0093,5,Y,Y,high,2,right,0
12/5/2017,p47,m,12.38,oc,i00_0092,i00_0093,4,B,B,high,3,right,0
12/5/2017,p47,m,12.38,oc,i00_0092,i00_0093,4,GL,G,low,4,right,1
12/5/2017,p47,m,12.38,oc,i00_0092,i00_0093,2,BL,B,low,5,right,0
12/5/2017,p47,m,12.38,oc,i00_0092,i00_0093,4,YL,Y,low,6,right,1
12/5/2017,p47,m,12.38,oc,i00_0092,i00_0093,2,GL,G,low,7,right,1
12/5/2017,p47,m,12.38,oc,i00_0092,i00_0093,3,C,C,high,8,right,0
12/5/2017,p47,m,12.38,oc,i00_0092,i00_0093,4,B,B,high,9,right,1
12/5/2017,p47,m,12.38,oc,i00_0092,i00_0093,4,G,G,high,10,right,1
12/5/2017,p47,m,12.38,oc,i00_0092,i00_0093,2,C,C,high,11,right,0
12/5/2017,p47,m,12.38,oc,i00_0092,i00_0093,2,Y,Y,high,12,right,1
12/5/2017,p47,m,12.38,oc,i00_0092,i00_0093,3,GL,G,low,13,right,1
12/5/2017,p47,m,12.38,oc,i00_0092,i00_0093,5,YL,Y,low,14,right,1
12/5/2017,p47,m,12.38,oc,i00_0092,i00_0093,2,BL,B,low,15,right,1
12/5/2017,p47,m,12.38,oc,i00_0092,i00_0093,3,C,C,high,16,right,1
12/5/2017,p47,m,12.38,oc,i00_0092,i00_0093,2,YL,Y,low,17,right,1
12/5/2017,p47,m,12.38,oc,i00_0092,i00_0093,2,G,G,high,18,right,0
12/5/2017,p47,m,12.38,oc,i00_0092,i00_0093,3,B,B,high,19,right,1
12/5/2017,p47,m,12.38,oc,i00_0092,i00_0093,5,YL,Y,low,20,right,1
12/5/2017,p47,m,12.38,oc,i00_0092,i00_0093,3,G,G,high,21,right,1
12/5/2017,p47,m,12.38,oc,i00_0092,i00_0093,4,BL,B,low,22,right,1
12/5/2017,p47,m,12.38,oc,i00_0092,i00_0093,5,C,C,high,23,right,0
12/5/2017,p47,m,12.38,oc,i00_0092,i00_0093,5,Y,Y,high,24,right,1
12/5/2017,p47,m,12.38,oc,i00_0092,i00_0093,5,GL,G,low,25,right,0
12/5/2017,p47,m,12.38,oc,i00_0092,i00_0093,3,BL,B,low,26,right,1
12/5/2017,p47,m,12.38,oc,i00_0092,i00_0093,4,Y,Y,high,27,right,1
12/5/2017,p47,m,12.38,oc,i00_0092,i00_0093,3,B,B,high,28,right,1
12/5/2017,p48,f,12.53,oc,i00_0098,i00_0099,5,G,G,high,1,right,0
12/5/2017,p48,f,12.53,oc,i00_0098,i00_0099,5,Y,Y,high,2,right,1
12/5/2017,p48,f,12.53,oc,i00_0098,i00_0099,4,B,B,high,3,right,1
12/5/2017,p48,f,12.53,oc,i00_0098,i00_0099,4,GL,G,low,4,right,0
12/5/2017,p48,f,12.53,oc,i00_0098,i00_0099,2,BL,B,low,5,right,1
12/5/2017,p48,f,12.53,oc,i00_0098,i00_0099,4,YL,Y,low,6,right,1
12/5/2017,p48,f,12.53,oc,i00_0098,i00_0099,2,GL,G,low,7,right,1
12/5/2017,p48,f,12.53,oc,i00_0098,i00_0099,3,C,C,high,8,right,0
12/5/2017,p48,f,12.53,oc,i00_0098,i00_0099,4,B,B,high,9,right,1
12/5/2017,p48,f,12.53,oc,i00_0098,i00_0099,4,G,G,high,10,right,1
12/5/2017,p48,f,12.53,oc,i00_0098,i00_0099,2,C,C,high,11,right,0
12/5/2017,p48,f,12.53,oc,i00_0098,i00_0099,2,Y,Y,high,12,right,1
12/5/2017,p48,f,12.53,oc,i00_0098,i00_0099,3,GL,G,low,13,right,1
12/5/2017,p48,f,12.53,oc,i00_0098,i00_0099,5,YL,Y,low,14,right,1
12/5/2017,p48,f,12.53,oc,i00_0098,i00_0099,2,BL,B,low,15,right,1
12/5/2017,p48,f,12.53,oc,i00_0098,i00_0099,3,C,C,high,16,right,0
12/5/2017,p48,f,12.53,oc,i00_0098,i00_0099,2,YL,Y,low,17,right,1
12/5/2017,p48,f,12.53,oc,i00_0098,i00_0099,2,G,G,high,18,right,1
12/5/2017,p48,f,12.53,oc,i00_0098,i00_0099,3,B,B,high,19,right,1
12/5/2017,p48,f,12.53,oc,i00_0098,i00_0099,5,YL,Y,low,20,right,1
12/5/2017,p48,f,12.53,oc,i00_0098,i00_0099,3,G,G,high,21,right,0
12/5/2017,p48,f,12.53,oc,i00_0098,i00_0099,4,BL,B,low,22,right,1
12/5/2017,p48,f,12.53,oc,i00_0098,i00_0099,5,C,C,high,23,right,0
12/5/2017,p48,f,12.53,oc,i00_0098,i00_0099,5,Y,Y,high,24,right,1
12/5/2017,p48,f,12.53,oc,i00_0098,i00_0099,5,GL,G,low,25,right,1
12/5/2017,p48,f,12.53,oc,i00_0098,i00_0099,3,BL,B,low,26,right,1
12/5/2017,p48,f,12.53,oc,i00_0098,i00_0099,4,Y,Y,high,27,right,1
12/5/2017,p48,f,12.53,oc,i00_0098,i00_0099,3,B,B,high,28,right,1
12/5/2017,p49,f,13.1,oc,i01_0000,i01_0001,5,G,G,high,1,right,1
12/5/2017,p49,f,13.1,oc,i01_0000,i01_0001,5,Y,Y,high,2,right,0
12/5/2017,p49,f,13.1,oc,i01_0000,i01_0001,4,B,B,high,3,right,1
12/5/2017,p49,f,13.1,oc,i01_0000,i01_0001,4,GL,G,low,4,right,0
12/5/2017,p49,f,13.1,oc,i01_0000,i01_0001,2,BL,B,low,5,right,1
12/5/2017,p49,f,13.1,oc,i01_0000,i01_0001,4,YL,Y,low,6,right,0
12/5/2017,p49,f,13.1,oc,i01_0000,i01_0001,2,GL,G,low,7,right,0
12/5/2017,p49,f,13.1,oc,i01_0000,i01_0001,3,C,C,high,8,right,0
12/5/2017,p49,f,13.1,oc,i01_0000,i01_0001,4,B,B,high,9,right,0
12/5/2017,p49,f,13.1,oc,i01_0000,i01_0001,4,G,G,high,10,right,1
12/5/2017,p49,f,13.1,oc,i01_0000,i01_0001,2,C,C,high,11,right,1
12/5/2017,p49,f,13.1,oc,i01_0000,i01_0001,2,Y,Y,high,12,right,0
12/5/2017,p49,f,13.1,oc,i01_0000,i01_0001,3,GL,G,low,13,right,0
12/5/2017,p49,f,13.1,oc,i01_0000,i01_0001,5,YL,Y,low,14,right,1
12/5/2017,p49,f,13.1,oc,i01_0000,i01_0001,2,BL,B,low,15,right,1
12/5/2017,p49,f,13.1,oc,i01_0000,i01_0001,3,C,C,high,16,right,1
12/5/2017,p49,f,13.1,oc,i01_0000,i01_0001,2,YL,Y,low,17,right,1
12/5/2017,p49,f,13.1,oc,i01_0000,i01_0001,2,G,G,high,18,right,0
12/5/2017,p49,f,13.1,oc,i01_0000,i01_0001,3,B,B,high,19,right,1
12/5/2017,p49,f,13.1,oc,i01_0000,i01_0001,5,YL,Y,low,20,right,1
12/5/2017,p49,f,13.1,oc,i01_0000,i01_0001,3,G,G,high,21,right,0
12/5/2017,p49,f,13.1,oc,i01_0000,i01_0001,4,BL,B,low,22,right,1
12/5/2017,p49,f,13.1,oc,i01_0000,i01_0001,5,C,C,high,23,right,0
12/5/2017,p49,f,13.1,oc,i01_0000,i01_0001,5,Y,Y,high,24,right,0
12/5/2017,p49,f,13.1,oc,i01_0000,i01_0001,5,GL,G,low,25,right,1
12/5/2017,p49,f,13.1,oc,i01_0000,i01_0001,3,BL,B,low,26,right,1
12/5/2017,p49,f,13.1,oc,i01_0000,i01_0001,4,Y,Y,high,27,right,1
12/5/2017,p49,f,13.1,oc,i01_0000,i01_0001,3,B,B,high,28,right,1
12/5/2017,p50,f,13.25,oc,i01_0003,i01_0004,5,G,G,high,1,right,0
12/5/2017,p50,f,13.25,oc,i01_0003,i01_0004,5,Y,Y,high,2,right,0
12/5/2017,p50,f,13.25,oc,i01_0003,i01_0004,4,B,B,high,3,right,1
12/5/2017,p50,f,13.25,oc,i01_0003,i01_0004,4,GL,G,low,4,right,1
12/5/2017,p50,f,13.25,oc,i01_0003,i01_0004,2,BL,B,low,5,right,0
12/5/2017,p50,f,13.25,oc,i01_0003,i01_0004,4,YL,Y,low,6,right,1
12/5/2017,p50,f,13.25,oc,i01_0003,i01_0004,2,GL,G,low,7,right,1
12/5/2017,p50,f,13.25,oc,i01_0003,i01_0004,3,C,C,high,8,right,0
12/5/2017,p50,f,13.25,oc,i01_0003,i01_0004,4,B,B,high,9,right,0
12/5/2017,p50,f,13.25,oc,i01_0003,i01_0004,4,G,G,high,10,right,1
12/5/2017,p50,f,13.25,oc,i01_0003,i01_0004,2,C,C,high,11,right,0
12/5/2017,p50,f,13.25,oc,i01_0003,i01_0004,2,Y,Y,high,12,right,0
12/5/2017,p50,f,13.25,oc,i01_0003,i01_0004,3,GL,G,low,13,right,1
12/5/2017,p50,f,13.25,oc,i01_0003,i01_0004,5,YL,Y,low,14,right,1
12/5/2017,p50,f,13.25,oc,i01_0003,i01_0004,2,BL,B,low,15,right,1
12/5/2017,p50,f,13.25,oc,i01_0003,i01_0004,3,C,C,high,16,right,0
12/5/2017,p50,f,13.25,oc,i01_0003,i01_0004,2,YL,Y,low,17,right,1
12/5/2017,p50,f,13.25,oc,i01_0003,i01_0004,2,G,G,high,18,right,0
12/5/2017,p50,f,13.25,oc,i01_0003,i01_0004,3,B,B,high,19,right,1
12/5/2017,p50,f,13.25,oc,i01_0003,i01_0004,5,YL,Y,low,20,right,1
12/5/2017,p50,f,13.25,oc,i01_0003,i01_0004,3,G,G,high,21,right,0
12/5/2017,p50,f,13.25,oc,i01_0003,i01_0004,4,BL,B,low,22,right,0
12/5/2017,p50,f,13.25,oc,i01_0003,i01_0004,5,C,C,high,23,right,0
12/5/2017,p50,f,13.25,oc,i01_0003,i01_0004,5,Y,Y,high,24,right,1
12/5/2017,p50,f,13.25,oc,i01_0003,i01_0004,5,GL,G,low,25,right,1
12/5/2017,p50,f,13.25,oc,i01_0003,i01_0004,3,BL,B,low,26,right,1
12/5/2017,p50,f,13.25,oc,i01_0003,i01_0004,4,Y,Y,high,27,right,1
12/5/2017,p50,f,13.25,oc,i01_0003,i01_0004,3,B,B,high,28,right,1
12/5/2017,p51,f,13.47,oc,NA,NA,5,G,G,high,1,right,0
12/5/2017,p51,f,13.47,oc,NA,NA,5,Y,Y,high,2,right,0
12/5/2017,p51,f,13.47,oc,NA,NA,4,B,B,high,3,right,1
12/5/2017,p51,f,13.47,oc,NA,NA,4,GL,G,low,4,right,0
12/5/2017,p51,f,13.47,oc,NA,NA,2,BL,B,low,5,right,1
12/5/2017,p51,f,13.47,oc,NA,NA,4,YL,Y,low,6,right,1
12/5/2017,p51,f,13.47,oc,NA,NA,2,GL,G,low,7,right,1
12/5/2017,p51,f,13.47,oc,NA,NA,3,C,C,high,8,right,0
12/5/2017,p51,f,13.47,oc,NA,NA,4,B,B,high,9,right,1
12/5/2017,p51,f,13.47,oc,NA,NA,4,G,G,high,10,right,1
12/5/2017,p51,f,13.47,oc,NA,NA,2,C,C,high,11,right,1
12/5/2017,p51,f,13.47,oc,NA,NA,2,Y,Y,high,12,right,0
12/5/2017,p51,f,13.47,oc,NA,NA,3,GL,G,low,13,right,1
12/5/2017,p51,f,13.47,oc,NA,NA,5,YL,Y,low,14,right,1
12/5/2017,p51,f,13.47,oc,NA,NA,2,BL,B,low,15,right,1
12/5/2017,p51,f,13.47,oc,NA,NA,3,C,C,high,16,right,0
12/5/2017,p51,f,13.47,oc,NA,NA,2,YL,Y,low,17,right,1
12/5/2017,p51,f,13.47,oc,NA,NA,2,G,G,high,18,right,1
12/5/2017,p51,f,13.47,oc,NA,NA,3,B,B,high,19,right,1
12/5/2017,p51,f,13.47,oc,NA,NA,5,YL,Y,low,20,right,1
12/5/2017,p51,f,13.47,oc,NA,NA,3,G,G,high,21,right,1
12/5/2017,p51,f,13.47,oc,NA,NA,4,BL,B,low,22,right,0
12/5/2017,p51,f,13.47,oc,NA,NA,5,C,C,high,23,right,0
12/5/2017,p51,f,13.47,oc,NA,NA,5,Y,Y,high,24,right,1
12/5/2017,p51,f,13.47,oc,NA,NA,5,GL,G,low,25,right,1
12/5/2017,p51,f,13.47,oc,NA,NA,3,BL,B,low,26,right,1
12/5/2017,p51,f,13.47,oc,NA,NA,4,Y,Y,high,27,right,1
12/5/2017,p51,f,13.47,oc,NA,NA,3,B,B,high,28,right,1
12/5/2017,p52,m,NA,oc,NA,NA,5,G,G,high,1,right,1
12/5/2017,p52,m,NA,oc,NA,NA,5,Y,Y,high,2,right,1
12/5/2017,p52,m,NA,oc,NA,NA,4,B,B,high,3,right,1
12/5/2017,p52,m,NA,oc,NA,NA,4,GL,G,low,4,right,0
12/5/2017,p52,m,NA,oc,NA,NA,2,BL,B,low,5,right,1
12/5/2017,p52,m,NA,oc,NA,NA,4,YL,Y,low,6,right,0
12/5/2017,p52,m,NA,oc,NA,NA,2,GL,G,low,7,right,1
12/5/2017,p52,m,NA,oc,NA,NA,3,C,C,high,8,right,0
12/5/2017,p52,m,NA,oc,NA,NA,4,B,B,high,9,right,0
12/5/2017,p52,m,NA,oc,NA,NA,4,G,G,high,10,right,1
12/5/2017,p52,m,NA,oc,NA,NA,2,C,C,high,11,right,0
12/5/2017,p52,m,NA,oc,NA,NA,2,Y,Y,high,12,right,0
12/5/2017,p52,m,NA,oc,NA,NA,3,GL,G,low,13,right,0
12/5/2017,p52,m,NA,oc,NA,NA,5,YL,Y,low,14,right,1
12/5/2017,p52,m,NA,oc,NA,NA,2,BL,B,low,15,right,1
12/5/2017,p52,m,NA,oc,NA,NA,3,C,C,high,16,right,1
12/5/2017,p52,m,NA,oc,NA,NA,2,YL,Y,low,17,right,1
12/5/2017,p52,m,NA,oc,NA,NA,2,G,G,high,18,right,1
12/5/2017,p52,m,NA,oc,NA,NA,3,B,B,high,19,right,1
12/5/2017,p52,m,NA,oc,NA,NA,5,YL,Y,low,20,right,0
12/5/2017,p52,m,NA,oc,NA,NA,3,G,G,high,21,right,1
12/5/2017,p52,m,NA,oc,NA,NA,4,BL,B,low,22,right,1
12/5/2017,p52,m,NA,oc,NA,NA,5,C,C,high,23,right,0
12/5/2017,p52,m,NA,oc,NA,NA,5,Y,Y,high,24,right,0
12/5/2017,p52,m,NA,oc,NA,NA,5,GL,G,low,25,right,1
12/5/2017,p52,m,NA,oc,NA,NA,3,BL,B,low,26,right,1
12/5/2017,p52,m,NA,oc,NA,NA,4,Y,Y,high,27,right,0
12/5/2017,p52,m,NA,oc,NA,NA,3,B,B,high,28,right,1
5/5/2017,p2,f,13.1,ps,NA,NA,2,YL,Y,low,1,left,1
5/5/2017,p2,f,13.1,ps,NA,NA,5,G,G,high,2,left,0
5/5/2017,p2,f,13.1,ps,NA,NA,3,Y,Y,high,3,left,0
5/5/2017,p2,f,13.1,ps,NA,NA,5,C,C,high,4,left,0
5/5/2017,p2,f,13.1,ps,NA,NA,4,BL,B,low,5,left,0
5/5/2017,p2,f,13.1,ps,NA,NA,2,B,B,high,6,left,1
5/5/2017,p2,f,13.1,ps,NA,NA,4,YL,Y,low,7,left,1
5/5/2017,p2,f,13.1,ps,NA,NA,5,GL,G,low,8,left,0
5/5/2017,p2,f,13.1,ps,NA,NA,3,BL,B,low,9,left,1
5/5/2017,p2,f,13.1,ps,NA,NA,4,C,C,high,10,left,0
5/5/2017,p2,f,13.1,ps,NA,NA,2,G,G,high,11,left,0
5/5/2017,p2,f,13.1,ps,NA,NA,5,Y,Y,high,12,left,0
5/5/2017,p2,f,13.1,ps,NA,NA,3,B,B,high,13,left,1
5/5/2017,p2,f,13.1,ps,NA,NA,4,GL,G,low,14,left,0
5/5/2017,p2,f,13.1,ps,NA,NA,5,YL,Y,low,15,left,0
5/5/2017,p2,f,13.1,ps,NA,NA,2,BL,B,low,16,left,1
5/5/2017,p2,f,13.1,ps,NA,NA,3,GL,G,low,17,left,1
5/5/2017,p2,f,13.1,ps,NA,NA,2,C,C,high,18,left,0
5/5/2017,p2,f,13.1,ps,NA,NA,4,B,B,high,19,left,1
5/5/2017,p2,f,13.1,ps,NA,NA,3,G,G,high,20,left,1
5/5/2017,p2,f,13.1,ps,NA,NA,3,YL,Y,low,21,left,0
5/5/2017,p2,f,13.1,ps,NA,NA,3,C,C,high,22,left,0
5/5/2017,p2,f,13.1,ps,NA,NA,2,GL,G,low,23,left,0
5/5/2017,p2,f,13.1,ps,NA,NA,2,Y,Y,high,24,left,0
5/5/2017,p2,f,13.1,ps,NA,NA,5,BL,B,low,25,left,0
5/5/2017,p2,f,13.1,ps,NA,NA,4,G,G,high,26,left,0
5/5/2017,p2,f,13.1,ps,NA,NA,5,B,B,high,27,left,0
5/5/2017,p2,f,13.1,ps,NA,NA,4,Y,Y,high,28,left,0
5/5/2017,p3,f,13.17,ps,NA,NA,2,YL,Y,low,1,left,1
5/5/2017,p3,f,13.17,ps,NA,NA,5,G,G,high,2,left,0
5/5/2017,p3,f,13.17,ps,NA,NA,3,Y,Y,high,3,left,0
5/5/2017,p3,f,13.17,ps,NA,NA,5,C,C,high,4,left,0
5/5/2017,p3,f,13.17,ps,NA,NA,4,BL,B,low,5,left,0
5/5/2017,p3,f,13.17,ps,NA,NA,2,B,B,high,6,left,1
5/5/2017,p3,f,13.17,ps,NA,NA,4,YL,Y,low,7,left,0
5/5/2017,p3,f,13.17,ps,NA,NA,5,GL,G,low,8,left,0
5/5/2017,p3,f,13.17,ps,NA,NA,3,BL,B,low,9,left,1
5/5/2017,p3,f,13.17,ps,NA,NA,4,C,C,high,10,left,0
5/5/2017,p3,f,13.17,ps,NA,NA,2,G,G,high,11,left,0
5/5/2017,p3,f,13.17,ps,NA,NA,5,Y,Y,high,12,left,0
5/5/2017,p3,f,13.17,ps,NA,NA,3,B,B,high,13,left,1
5/5/2017,p3,f,13.17,ps,NA,NA,4,GL,G,low,14,left,0
5/5/2017,p3,f,13.17,ps,NA,NA,5,YL,Y,low,15,left,0
5/5/2017,p3,f,13.17,ps,NA,NA,2,BL,B,low,16,left,0
5/5/2017,p3,f,13.17,ps,NA,NA,3,GL,G,low,17,left,0
5/5/2017,p3,f,13.17,ps,NA,NA,2,C,C,high,18,left,0
5/5/2017,p3,f,13.17,ps,NA,NA,4,B,B,high,19,left,1
5/5/2017,p3,f,13.17,ps,NA,NA,3,G,G,high,20,left,0
5/5/2017,p3,f,13.17,ps,NA,NA,3,YL,Y,low,21,left,0
5/5/2017,p3,f,13.17,ps,NA,NA,3,C,C,high,22,left,0
5/5/2017,p3,f,13.17,ps,NA,NA,2,GL,G,low,23,left,0
5/5/2017,p3,f,13.17,ps,NA,NA,2,Y,Y,high,24,left,0
5/5/2017,p3,f,13.17,ps,NA,NA,5,BL,B,low,25,left,0
5/5/2017,p3,f,13.17,ps,NA,NA,4,G,G,high,26,left,1
5/5/2017,p3,f,13.17,ps,NA,NA,5,B,B,high,27,left,0
5/5/2017,p3,f,13.17,ps,NA,NA,4,Y,Y,high,28,left,1
5/5/2017,p4,f,13.23,ps,NA,NA,2,YL,Y,low,1,left,1
5/5/2017,p4,f,13.23,ps,NA,NA,5,G,G,high,2,left,0
5/5/2017,p4,f,13.23,ps,NA,NA,3,Y,Y,high,3,left,0
5/5/2017,p4,f,13.23,ps,NA,NA,5,C,C,high,4,left,0
5/5/2017,p4,f,13.23,ps,NA,NA,4,BL,B,low,5,left,1
5/5/2017,p4,f,13.23,ps,NA,NA,2,B,B,high,6,left,0
5/5/2017,p4,f,13.23,ps,NA,NA,4,YL,Y,low,7,left,1
5/5/2017,p4,f,13.23,ps,NA,NA,5,GL,G,low,8,left,0
5/5/2017,p4,f,13.23,ps,NA,NA,3,BL,B,low,9,left,0
5/5/2017,p4,f,13.23,ps,NA,NA,4,C,C,high,10,left,0
5/5/2017,p4,f,13.23,ps,NA,NA,2,G,G,high,11,left,1
5/5/2017,p4,f,13.23,ps,NA,NA,5,Y,Y,high,12,left,0
5/5/2017,p4,f,13.23,ps,NA,NA,3,B,B,high,13,left,1
5/5/2017,p4,f,13.23,ps,NA,NA,4,GL,G,low,14,left,1
5/5/2017,p4,f,13.23,ps,NA,NA,5,YL,Y,low,15,left,1
5/5/2017,p4,f,13.23,ps,NA,NA,2,BL,B,low,16,left,1
5/5/2017,p4,f,13.23,ps,NA,NA,3,GL,G,low,17,left,0
5/5/2017,p4,f,13.23,ps,NA,NA,2,C,C,high,18,left,0
5/5/2017,p4,f,13.23,ps,NA,NA,4,B,B,high,19,left,1
5/5/2017,p4,f,13.23,ps,NA,NA,3,G,G,high,20,left,1
5/5/2017,p4,f,13.23,ps,NA,NA,3,YL,Y,low,21,left,1
5/5/2017,p4,f,13.23,ps,NA,NA,3,C,C,high,22,left,0
5/5/2017,p4,f,13.23,ps,NA,NA,2,GL,G,low,23,left,1
5/5/2017,p4,f,13.23,ps,NA,NA,2,Y,Y,high,24,left,1
5/5/2017,p4,f,13.23,ps,NA,NA,5,BL,B,low,25,left,0
5/5/2017,p4,f,13.23,ps,NA,NA,4,G,G,high,26,left,1
5/5/2017,p4,f,13.23,ps,NA,NA,5,B,B,high,27,left,0
5/5/2017,p4,f,13.23,ps,NA,NA,4,Y,Y,high,28,left,1
5/5/2017,p5,m,13.3,sh,NA,NA,2,YL,Y,low,1,left,0
5/5/2017,p5,m,13.3,sh,NA,NA,5,G,G,high,2,left,0
5/5/2017,p5,m,13.3,sh,NA,NA,3,Y,Y,high,3,left,0
5/5/2017,p5,m,13.3,sh,NA,NA,5,C,C,high,4,left,0
5/5/2017,p5,m,13.3,sh,NA,NA,4,BL,B,low,5,left,0
5/5/2017,p5,m,13.3,sh,NA,NA,2,B,B,high,6,left,0
5/5/2017,p5,m,13.3,sh,NA,NA,4,YL,Y,low,7,left,0
5/5/2017,p5,m,13.3,sh,NA,NA,5,GL,G,low,8,left,0
5/5/2017,p5,m,13.3,sh,NA,NA,3,BL,B,low,9,left,0
5/5/2017,p5,m,13.3,sh,NA,NA,4,C,C,high,10,left,0
5/5/2017,p5,m,13.3,sh,NA,NA,2,G,G,high,11,left,0
5/5/2017,p5,m,13.3,sh,NA,NA,5,Y,Y,high,12,left,0
5/5/2017,p5,m,13.3,sh,NA,NA,3,B,B,high,13,left,1
5/5/2017,p5,m,13.3,sh,NA,NA,4,GL,G,low,14,left,1
5/5/2017,p5,m,13.3,sh,NA,NA,5,YL,Y,low,15,left,0
5/5/2017,p5,m,13.3,sh,NA,NA,2,BL,B,low,16,left,0
5/5/2017,p5,m,13.3,sh,NA,NA,3,GL,G,low,17,left,0
5/5/2017,p5,m,13.3,sh,NA,NA,2,C,C,high,18,left,0
5/5/2017,p5,m,13.3,sh,NA,NA,4,B,B,high,19,left,0
5/5/2017,p5,m,13.3,sh,NA,NA,3,G,G,high,20,left,0
5/5/2017,p5,m,13.3,sh,NA,NA,3,YL,Y,low,21,left,0
5/5/2017,p5,m,13.3,sh,NA,NA,3,C,C,high,22,left,0
5/5/2017,p5,m,13.3,sh,NA,NA,2,GL,G,low,23,left,1
5/5/2017,p5,m,13.3,sh,NA,NA,2,Y,Y,high,24,left,1
5/5/2017,p5,m,13.3,sh,NA,NA,5,BL,B,low,25,left,0
5/5/2017,p5,m,13.3,sh,NA,NA,4,G,G,high,26,left,0
5/5/2017,p5,m,13.3,sh,NA,NA,5,B,B,high,27,left,0
5/5/2017,p5,m,13.3,sh,NA,NA,4,Y,Y,high,28,left,0
5/5/2017,p6,f,13.36,sh,NA,NA,2,YL,Y,low,1,left,1
5/5/2017,p6,f,13.36,sh,NA,NA,5,G,G,high,2,left,0
5/5/2017,p6,f,13.36,sh,NA,NA,3,Y,Y,high,3,left,1
5/5/2017,p6,f,13.36,sh,NA,NA,5,C,C,high,4,left,0
5/5/2017,p6,f,13.36,sh,NA,NA,4,BL,B,low,5,left,1
5/5/2017,p6,f,13.36,sh,NA,NA,2,B,B,high,6,left,0
5/5/2017,p6,f,13.36,sh,NA,NA,4,YL,Y,low,7,left,0
5/5/2017,p6,f,13.36,sh,NA,NA,5,GL,G,low,8,left,1
5/5/2017,p6,f,13.36,sh,NA,NA,3,BL,B,low,9,left,1
5/5/2017,p6,f,13.36,sh,NA,NA,4,C,C,high,10,left,0
5/5/2017,p6,f,13.36,sh,NA,NA,2,G,G,high,11,left,1
5/5/2017,p6,f,13.36,sh,NA,NA,5,Y,Y,high,12,left,0
5/5/2017,p6,f,13.36,sh,NA,NA,3,B,B,high,13,left,1
5/5/2017,p6,f,13.36,sh,NA,NA,4,GL,G,low,14,left,1
5/5/2017,p6,f,13.36,sh,NA,NA,5,YL,Y,low,15,left,0
5/5/2017,p6,f,13.36,sh,NA,NA,2,BL,B,low,16,left,0
5/5/2017,p6,f,13.36,sh,NA,NA,3,GL,G,low,17,left,0
5/5/2017,p6,f,13.36,sh,NA,NA,2,C,C,high,18,left,0
5/5/2017,p6,f,13.36,sh,NA,NA,4,B,B,high,19,left,0
5/5/2017,p6,f,13.36,sh,NA,NA,3,G,G,high,20,left,0
5/5/2017,p6,f,13.36,sh,NA,NA,3,YL,Y,low,21,left,0
5/5/2017,p6,f,13.36,sh,NA,NA,3,C,C,high,22,left,0
5/5/2017,p6,f,13.36,sh,NA,NA,2,GL,G,low,23,left,0
5/5/2017,p6,f,13.36,sh,NA,NA,2,Y,Y,high,24,left,0
5/5/2017,p6,f,13.36,sh,NA,NA,5,BL,B,low,25,left,0
5/5/2017,p6,f,13.36,sh,NA,NA,4,G,G,high,26,left,0
5/5/2017,p6,f,13.36,sh,NA,NA,5,B,B,high,27,left,1
5/5/2017,p6,f,13.36,sh,NA,NA,4,Y,Y,high,28,left,0
5/5/2017,p7,m,13.42,su,NA,NA,2,YL,Y,low,1,left,1
5/5/2017,p7,m,13.42,su,NA,NA,5,G,G,high,2,left,0
5/5/2017,p7,m,13.42,su,NA,NA,3,Y,Y,high,3,left,0
5/5/2017,p7,m,13.42,su,NA,NA,5,C,C,high,4,left,0
5/5/2017,p7,m,13.42,su,NA,NA,4,BL,B,low,5,left,0
5/5/2017,p7,m,13.42,su,NA,NA,2,B,B,high,6,left,0
5/5/2017,p7,m,13.42,su,NA,NA,4,YL,Y,low,7,left,0
5/5/2017,p7,m,13.42,su,NA,NA,5,GL,G,low,8,left,0
5/5/2017,p7,m,13.42,su,NA,NA,3,BL,B,low,9,left,0
5/5/2017,p7,m,13.42,su,NA,NA,4,C,C,high,10,left,0
5/5/2017,p7,m,13.42,su,NA,NA,2,G,G,high,11,left,0
5/5/2017,p7,m,13.42,su,NA,NA,5,Y,Y,high,12,left,0
5/5/2017,p7,m,13.42,su,NA,NA,3,B,B,high,13,left,0
5/5/2017,p7,m,13.42,su,NA,NA,4,GL,G,low,14,left,1
5/5/2017,p7,m,13.42,su,NA,NA,5,YL,Y,low,15,left,1
5/5/2017,p7,m,13.42,su,NA,NA,2,BL,B,low,16,left,1
5/5/2017,p7,m,13.42,su,NA,NA,3,GL,G,low,17,left,1
5/5/2017,p7,m,13.42,su,NA,NA,2,C,C,high,18,left,0
5/5/2017,p7,m,13.42,su,NA,NA,4,B,B,high,19,left,1
5/5/2017,p7,m,13.42,su,NA,NA,3,G,G,high,20,left,0
5/5/2017,p7,m,13.42,su,NA,NA,3,YL,Y,low,21,left,1
5/5/2017,p7,m,13.42,su,NA,NA,3,C,C,high,22,left,0
5/5/2017,p7,m,13.42,su,NA,NA,2,GL,G,low,23,left,1
5/5/2017,p7,m,13.42,su,NA,NA,2,Y,Y,high,24,left,0
5/5/2017,p7,m,13.42,su,NA,NA,5,BL,B,low,25,left,0
5/5/2017,p7,m,13.42,su,NA,NA,4,G,G,high,26,left,0
5/5/2017,p7,m,13.42,su,NA,NA,5,B,B,high,27,left,0
5/5/2017,p7,m,13.42,su,NA,NA,4,Y,Y,high,28,left,0
9/5/2017,p8,f,11.16,ps,i00_0001,i00_0002,4,C,C,high,1,left,0
9/5/2017,p8,f,11.16,ps,i00_0001,i00_0002,3,B,B,high,2,left,0
9/5/2017,p8,f,11.16,ps,i00_0001,i00_0002,4,GL,G,low,3,left,0
9/5/2017,p8,f,11.16,ps,i00_0001,i00_0002,4,Y,Y,high,4,left,0
9/5/2017,p8,f,11.16,ps,i00_0001,i00_0002,2,BL,B,low,5,left,1
9/5/2017,p8,f,11.16,ps,i00_0001,i00_0002,5,C,C,high,6,left,0
9/5/2017,p8,f,11.16,ps,i00_0001,i00_0002,2,YL,Y,low,7,left,1
9/5/2017,p8,f,11.16,ps,i00_0001,i00_0002,5,G,G,high,8,left,0
9/5/2017,p8,f,11.16,ps,i00_0001,i00_0002,2,Y,Y,high,9,left,1
9/5/2017,p8,f,11.16,ps,i00_0001,i00_0002,5,BL,B,low,10,left,0
9/5/2017,p8,f,11.16,ps,i00_0001,i00_0002,2,GL,G,low,11,left,1
9/5/2017,p8,f,11.16,ps,i00_0001,i00_0002,4,G,G,high,12,left,0
9/5/2017,p8,f,11.16,ps,i00_0001,i00_0002,4,BL,B,low,13,left,0
9/5/2017,p8,f,11.16,ps,i00_0001,i00_0002,2,B,B,high,14,left,1
9/5/2017,p8,f,11.16,ps,i00_0001,i00_0002,4,YL,Y,low,15,left,0
9/5/2017,p8,f,11.16,ps,i00_0001,i00_0002,4,GL,G,low,16,left,0
9/5/2017,p8,f,11.16,ps,i00_0001,i00_0002,3,B,B,high,17,left,1
9/5/2017,p8,f,11.16,ps,i00_0001,i00_0002,2,C,C,high,18,left,0
9/5/2017,p8,f,11.16,ps,i00_0001,i00_0002,3,Y,Y,high,19,left,0
9/5/2017,p8,f,11.16,ps,i00_0001,i00_0002,5,GL,G,low,20,left,0
9/5/2017,p8,f,11.16,ps,i00_0001,i00_0002,5,B,B,high,21,left,0
9/5/2017,p8,f,11.16,ps,i00_0001,i00_0002,5,YL,Y,low,22,left,0
9/5/2017,p8,f,11.16,ps,i00_0001,i00_0002,2,G,G,high,23,left,1
9/5/2017,p8,f,11.16,ps,i00_0001,i00_0002,5,Y,Y,high,24,left,0
9/5/2017,p8,f,11.16,ps,i00_0001,i00_0002,3,BL,B,low,25,left,0
9/5/2017,p8,f,11.16,ps,i00_0001,i00_0002,3,G,G,high,26,left,0
9/5/2017,p8,f,11.16,ps,i00_0001,i00_0002,3,YL,Y,low,27,left,0
9/5/2017,p8,f,11.16,ps,i00_0001,i00_0002,3,C,C,high,28,left,0
9/5/2017,p9,m,11.22,ps,i00_0004,i00_0005,4,C,C,high,1,left,0
9/5/2017,p9,m,11.22,ps,i00_0004,i00_0005,3,B,B,high,2,left,1
9/5/2017,p9,m,11.22,ps,i00_0004,i00_0005,4,GL,G,low,3,left,0
9/5/2017,p9,m,11.22,ps,i00_0004,i00_0005,4,Y,Y,high,4,left,0
9/5/2017,p9,m,11.22,ps,i00_0004,i00_0005,2,BL,B,low,5,left,1
9/5/2017,p9,m,11.22,ps,i00_0004,i00_0005,5,C,C,high,6,left,0
9/5/2017,p9,m,11.22,ps,i00_0004,i00_0005,2,YL,Y,low,7,left,1
9/5/2017,p9,m,11.22,ps,i00_0004,i00_0005,5,G,G,high,8,left,0
9/5/2017,p9,m,11.22,ps,i00_0004,i00_0005,2,Y,Y,high,9,left,0
9/5/2017,p9,m,11.22,ps,i00_0004,i00_0005,5,BL,B,low,10,left,0
9/5/2017,p9,m,11.22,ps,i00_0004,i00_0005,2,GL,G,low,11,left,1
9/5/2017,p9,m,11.22,ps,i00_0004,i00_0005,4,G,G,high,12,left,0
9/5/2017,p9,m,11.22,ps,i00_0004,i00_0005,4,BL,B,low,13,left,1
9/5/2017,p9,m,11.22,ps,i00_0004,i00_0005,2,B,B,high,14,left,0
9/5/2017,p9,m,11.22,ps,i00_0004,i00_0005,4,YL,Y,low,15,left,1
9/5/2017,p9,m,11.22,ps,i00_0004,i00_0005,4,GL,G,low,16,left,1
9/5/2017,p9,m,11.22,ps,i00_0004,i00_0005,3,B,B,high,17,left,1
9/5/2017,p9,m,11.22,ps,i00_0004,i00_0005,2,C,C,high,18,left,0
9/5/2017,p9,m,11.22,ps,i00_0004,i00_0005,3,Y,Y,high,19,left,0
9/5/2017,p9,m,11.22,ps,i00_0004,i00_0005,5,GL,G,low,20,left,1
9/5/2017,p9,m,11.22,ps,i00_0004,i00_0005,5,B,B,high,21,left,1
9/5/2017,p9,m,11.22,ps,i00_0004,i00_0005,5,YL,Y,low,22,left,1
9/5/2017,p9,m,11.22,ps,i00_0004,i00_0005,2,G,G,high,23,left,0
9/5/2017,p9,m,11.22,ps,i00_0004,i00_0005,5,Y,Y,high,24,left,0
9/5/2017,p9,m,11.22,ps,i00_0004,i00_0005,3,BL,B,low,25,left,0
9/5/2017,p9,m,11.22,ps,i00_0004,i00_0005,3,G,G,high,26,left,0
9/5/2017,p9,m,11.22,ps,i00_0004,i00_0005,3,YL,Y,low,27,left,1
9/5/2017,p9,m,11.22,ps,i00_0004,i00_0005,3,C,C,high,28,left,0
9/5/2017,p10,m,11.37,ps,i00_0006,i00_0007,4,C,C,high,1,left,0
9/5/2017,p10,m,11.37,ps,i00_0006,i00_0007,3,B,B,high,2,left,0
9/5/2017,p10,m,11.37,ps,i00_0006,i00_0007,4,GL,G,low,3,left,0
9/5/2017,p10,m,11.37,ps,i00_0006,i00_0007,4,Y,Y,high,4,left,1
9/5/2017,p10,m,11.37,ps,i00_0006,i00_0007,2,BL,B,low,5,left,1
9/5/2017,p10,m,11.37,ps,i00_0006,i00_0007,5,C,C,high,6,left,0
9/5/2017,p10,m,11.37,ps,i00_0006,i00_0007,2,YL,Y,low,7,left,1
9/5/2017,p10,m,11.37,ps,i00_0006,i00_0007,5,G,G,high,8,left,0
9/5/2017,p10,m,11.37,ps,i00_0006,i00_0007,2,Y,Y,high,9,left,1
9/5/2017,p10,m,11.37,ps,i00_0006,i00_0007,5,BL,B,low,10,left,0
9/5/2017,p10,m,11.37,ps,i00_0006,i00_0007,2,GL,G,low,11,left,1
9/5/2017,p10,m,11.37,ps,i00_0006,i00_0007,4,G,G,high,12,left,0
9/5/2017,p10,m,11.37,ps,i00_0006,i00_0007,4,BL,B,low,13,left,0
9/5/2017,p10,m,11.37,ps,i00_0006,i00_0007,2,B,B,high,14,left,0
9/5/2017,p10,m,11.37,ps,i00_0006,i00_0007,4,YL,Y,low,15,left,0
9/5/2017,p10,m,11.37,ps,i00_0006,i00_0007,4,GL,G,low,16,left,0
9/5/2017,p10,m,11.37,ps,i00_0006,i00_0007,3,B,B,high,17,left,1
9/5/2017,p10,m,11.37,ps,i00_0006,i00_0007,2,C,C,high,18,left,1
9/5/2017,p10,m,11.37,ps,i00_0006,i00_0007,3,Y,Y,high,19,left,0
9/5/2017,p10,m,11.37,ps,i00_0006,i00_0007,5,GL,G,low,20,left,0
9/5/2017,p10,m,11.37,ps,i00_0006,i00_0007,5,B,B,high,21,left,0
9/5/2017,p10,m,11.37,ps,i00_0006,i00_0007,5,YL,Y,low,22,left,1
9/5/2017,p10,m,11.37,ps,i00_0006,i00_0007,2,G,G,high,23,left,0
9/5/2017,p10,m,11.37,ps,i00_0006,i00_0007,5,Y,Y,high,24,left,0
9/5/2017,p10,m,11.37,ps,i00_0006,i00_0007,3,BL,B,low,25,left,1
9/5/2017,p10,m,11.37,ps,i00_0006,i00_0007,3,G,G,high,26,left,1
9/5/2017,p10,m,11.37,ps,i00_0006,i00_0007,3,YL,Y,low,27,left,1
9/5/2017,p10,m,11.37,ps,i00_0006,i00_0007,3,C,C,high,28,left,0
9/5/2017,p11,m,12.24,ps,i00_0008,i00_0009,4,C,C,high,1,left,0
9/5/2017,p11,m,12.24,ps,i00_0008,i00_0009,3,B,B,high,2,left,0
9/5/2017,p11,m,12.24,ps,i00_0008,i00_0009,4,GL,G,low,3,left,0
9/5/2017,p11,m,12.24,ps,i00_0008,i00_0009,4,Y,Y,high,4,left,0
9/5/2017,p11,m,12.24,ps,i00_0008,i00_0009,2,BL,B,low,5,left,1
9/5/2017,p11,m,12.24,ps,i00_0008,i00_0009,5,C,C,high,6,left,0
9/5/2017,p11,m,12.24,ps,i00_0008,i00_0009,2,YL,Y,low,7,left,0
9/5/2017,p11,m,12.24,ps,i00_0008,i00_0009,5,G,G,high,8,left,1
9/5/2017,p11,m,12.24,ps,i00_0008,i00_0009,2,Y,Y,high,9,left,0
9/5/2017,p11,m,12.24,ps,i00_0008,i00_0009,5,BL,B,low,10,left,0
9/5/2017,p11,m,12.24,ps,i00_0008,i00_0009,2,GL,G,low,11,left,1
9/5/2017,p11,m,12.24,ps,i00_0008,i00_0009,4,G,G,high,12,left,0
9/5/2017,p11,m,12.24,ps,i00_0008,i00_0009,4,BL,B,low,13,left,0
9/5/2017,p11,m,12.24,ps,i00_0008,i00_0009,2,B,B,high,14,left,0
9/5/2017,p11,m,12.24,ps,i00_0008,i00_0009,4,YL,Y,low,15,left,1
9/5/2017,p11,m,12.24,ps,i00_0008,i00_0009,4,GL,G,low,16,left,0
9/5/2017,p11,m,12.24,ps,i00_0008,i00_0009,3,B,B,high,17,left,1
9/5/2017,p11,m,12.24,ps,i00_0008,i00_0009,2,C,C,high,18,left,0
9/5/2017,p11,m,12.24,ps,i00_0008,i00_0009,3,Y,Y,high,19,left,0
9/5/2017,p11,m,12.24,ps,i00_0008,i00_0009,5,GL,G,low,20,left,0
9/5/2017,p11,m,12.24,ps,i00_0008,i00_0009,5,B,B,high,21,left,1
9/5/2017,p11,m,12.24,ps,i00_0008,i00_0009,5,YL,Y,low,22,left,0
9/5/2017,p11,m,12.24,ps,i00_0008,i00_0009,2,G,G,high,23,left,0
9/5/2017,p11,m,12.24,ps,i00_0008,i00_0009,5,Y,Y,high,24,left,0
9/5/2017,p11,m,12.24,ps,i00_0008,i00_0009,3,BL,B,low,25,left,0
9/5/2017,p11,m,12.24,ps,i00_0008,i00_0009,3,G,G,high,26,left,0
9/5/2017,p11,m,12.24,ps,i00_0008,i00_0009,3,YL,Y,low,27,left,0
9/5/2017,p11,m,12.24,ps,i00_0008,i00_0009,3,C,C,high,28,left,0
9/5/2017,p12,m,12.31,su,i00_0010,i00_0011,4,C,C,high,1,left,0
9/5/2017,p12,m,12.31,su,i00_0010,i00_0011,3,B,B,high,2,left,1
9/5/2017,p12,m,12.31,su,i00_0010,i00_0011,4,GL,G,low,3,left,0
9/5/2017,p12,m,12.31,su,i00_0010,i00_0011,4,Y,Y,high,4,left,1
9/5/2017,p12,m,12.31,su,i00_0010,i00_0011,2,BL,B,low,5,left,1
9/5/2017,p12,m,12.31,su,i00_0010,i00_0011,5,C,C,high,6,left,0
9/5/2017,p12,m,12.31,su,i00_0010,i00_0011,2,YL,Y,low,7,left,0
9/5/2017,p12,m,12.31,su,i00_0010,i00_0011,5,G,G,high,8,left,0
9/5/2017,p12,m,12.31,su,i00_0010,i00_0011,2,Y,Y,high,9,left,0
9/5/2017,p12,m,12.31,su,i00_0010,i00_0011,5,BL,B,low,10,left,1
9/5/2017,p12,m,12.31,su,i00_0010,i00_0011,2,GL,G,low,11,left,1
9/5/2017,p12,m,12.31,su,i00_0010,i00_0011,4,G,G,high,12,left,0
9/5/2017,p12,m,12.31,su,i00_0010,i00_0011,4,BL,B,low,13,left,0
9/5/2017,p12,m,12.31,su,i00_0010,i00_0011,2,B,B,high,14,left,1
9/5/2017,p12,m,12.31,su,i00_0010,i00_0011,4,YL,Y,low,15,left,0
9/5/2017,p12,m,12.31,su,i00_0010,i00_0011,4,GL,G,low,16,left,0
9/5/2017,p12,m,12.31,su,i00_0010,i00_0011,3,B,B,high,17,left,1
9/5/2017,p12,m,12.31,su,i00_0010,i00_0011,2,C,C,high,18,left,0
9/5/2017,p12,m,12.31,su,i00_0010,i00_0011,3,Y,Y,high,19,left,1
9/5/2017,p12,m,12.31,su,i00_0010,i00_0011,5,GL,G,low,20,left,0
9/5/2017,p12,m,12.31,su,i00_0010,i00_0011,5,B,B,high,21,left,0
9/5/2017,p12,m,12.31,su,i00_0010,i00_0011,5,YL,Y,low,22,left,0
9/5/2017,p12,m,12.31,su,i00_0010,i00_0011,2,G,G,high,23,left,0
9/5/2017,p12,m,12.31,su,i00_0010,i00_0011,5,Y,Y,high,24,left,0
9/5/2017,p12,m,12.31,su,i00_0010,i00_0011,3,BL,B,low,25,left,1
9/5/2017,p12,m,12.31,su,i00_0010,i00_0011,3,G,G,high,26,left,0
9/5/2017,p12,m,12.31,su,i00_0010,i00_0011,3,YL,Y,low,27,left,0
9/5/2017,p12,m,12.31,su,i00_0010,i00_0011,3,C,C,high,28,left,0
9/5/2017,p13,f,12.37,ps,i00_0012,i00_0013,4,C,C,high,1,left,0
9/5/2017,p13,f,12.37,ps,i00_0012,i00_0013,3,B,B,high,2,left,0
9/5/2017,p13,f,12.37,ps,i00_0012,i00_0013,4,GL,G,low,3,left,0
9/5/2017,p13,f,12.37,ps,i00_0012,i00_0013,4,Y,Y,high,4,left,0
9/5/2017,p13,f,12.37,ps,i00_0012,i00_0013,2,BL,B,low,5,left,1
9/5/2017,p13,f,12.37,ps,i00_0012,i00_0013,5,C,C,high,6,left,0
9/5/2017,p13,f,12.37,ps,i00_0012,i00_0013,2,YL,Y,low,7,left,0
9/5/2017,p13,f,12.37,ps,i00_0012,i00_0013,5,G,G,high,8,left,0
9/5/2017,p13,f,12.37,ps,i00_0012,i00_0013,2,Y,Y,high,9,left,0
9/5/2017,p13,f,12.37,ps,i00_0012,i00_0013,5,BL,B,low,10,left,0
9/5/2017,p13,f,12.37,ps,i00_0012,i00_0013,2,GL,G,low,11,left,1
9/5/2017,p13,f,12.37,ps,i00_0012,i00_0013,4,G,G,high,12,left,0
9/5/2017,p13,f,12.37,ps,i00_0012,i00_0013,4,BL,B,low,13,left,0
9/5/2017,p13,f,12.37,ps,i00_0012,i00_0013,2,B,B,high,14,left,0
9/5/2017,p13,f,12.37,ps,i00_0012,i00_0013,4,YL,Y,low,15,left,0
9/5/2017,p13,f,12.37,ps,i00_0012,i00_0013,4,GL,G,low,16,left,0
9/5/2017,p13,f,12.37,ps,i00_0012,i00_0013,3,B,B,high,17,left,1
9/5/2017,p13,f,12.37,ps,i00_0012,i00_0013,2,C,C,high,18,left,0
9/5/2017,p13,f,12.37,ps,i00_0012,i00_0013,3,Y,Y,high,19,left,1
9/5/2017,p13,f,12.37,ps,i00_0012,i00_0013,5,GL,G,low,20,left,0
9/5/2017,p13,f,12.37,ps,i00_0012,i00_0013,5,B,B,high,21,left,0
9/5/2017,p13,f,12.37,ps,i00_0012,i00_0013,5,YL,Y,low,22,left,0
9/5/2017,p13,f,12.37,ps,i00_0012,i00_0013,2,G,G,high,23,left,0
9/5/2017,p13,f,12.37,ps,i00_0012,i00_0013,5,Y,Y,high,24,left,0
9/5/2017,p13,f,12.37,ps,i00_0012,i00_0013,3,BL,B,low,25,left,1
9/5/2017,p13,f,12.37,ps,i00_0012,i00_0013,3,G,G,high,26,left,0
9/5/2017,p13,f,12.37,ps,i00_0012,i00_0013,3,YL,Y,low,27,left,0
9/5/2017,p13,f,12.37,ps,i00_0012,i00_0013,3,C,C,high,28,left,0
9/5/2017,p14,f,12.5,ps,i00_0014,i00_0015,4,C,C,high,1,left,0
9/5/2017,p14,f,12.5,ps,i00_0014,i00_0015,3,B,B,high,2,left,0
9/5/2017,p14,f,12.5,ps,i00_0014,i00_0015,4,GL,G,low,3,left,1
9/5/2017,p14,f,12.5,ps,i00_0014,i00_0015,4,Y,Y,high,4,left,0
9/5/2017,p14,f,12.5,ps,i00_0014,i00_0015,2,BL,B,low,5,left,1
9/5/2017,p14,f,12.5,ps,i00_0014,i00_0015,5,C,C,high,6,left,0
9/5/2017,p14,f,12.5,ps,i00_0014,i00_0015,2,YL,Y,low,7,left,0
9/5/2017,p14,f,12.5,ps,i00_0014,i00_0015,5,G,G,high,8,left,0
9/5/2017,p14,f,12.5,ps,i00_0014,i00_0015,2,Y,Y,high,9,left,1
9/5/2017,p14,f,12.5,ps,i00_0014,i00_0015,5,BL,B,low,10,left,0
9/5/2017,p14,f,12.5,ps,i00_0014,i00_0015,2,GL,G,low,11,left,1
9/5/2017,p14,f,12.5,ps,i00_0014,i00_0015,4,G,G,high,12,left,1
9/5/2017,p14,f,12.5,ps,i00_0014,i00_0015,4,BL,B,low,13,left,0
9/5/2017,p14,f,12.5,ps,i00_0014,i00_0015,2,B,B,high,14,left,1
9/5/2017,p14,f,12.5,ps,i00_0014,i00_0015,4,YL,Y,low,15,left,0
9/5/2017,p14,f,12.5,ps,i00_0014,i00_0015,4,GL,G,low,16,left,0
9/5/2017,p14,f,12.5,ps,i00_0014,i00_0015,3,B,B,high,17,left,1
9/5/2017,p14,f,12.5,ps,i00_0014,i00_0015,2,C,C,high,18,left,0
9/5/2017,p14,f,12.5,ps,i00_0014,i00_0015,3,Y,Y,high,19,left,1
9/5/2017,p14,f,12.5,ps,i00_0014,i00_0015,5,GL,G,low,20,left,0
9/5/2017,p14,f,12.5,ps,i00_0014,i00_0015,5,B,B,high,21,left,0
9/5/2017,p14,f,12.5,ps,i00_0014,i00_0015,5,YL,Y,low,22,left,0
9/5/2017,p14,f,12.5,ps,i00_0014,i00_0015,2,G,G,high,23,left,1
9/5/2017,p14,f,12.5,ps,i00_0014,i00_0015,5,Y,Y,high,24,left,0
9/5/2017,p14,f,12.5,ps,i00_0014,i00_0015,3,BL,B,low,25,left,0
9/5/2017,p14,f,12.5,ps,i00_0014,i00_0015,3,G,G,high,26,left,0
9/5/2017,p14,f,12.5,ps,i00_0014,i00_0015,3,YL,Y,low,27,left,1
9/5/2017,p14,f,12.5,ps,i00_0014,i00_0015,3,C,C,high,28,left,0
9/5/2017,p15,m,12.55,su,i00_0016,i00_0017,4,C,C,high,1,left,0
9/5/2017,p15,m,12.55,su,i00_0016,i00_0017,3,B,B,high,2,left,1
9/5/2017,p15,m,12.55,su,i00_0016,i00_0017,4,GL,G,low,3,left,0
9/5/2017,p15,m,12.55,su,i00_0016,i00_0017,4,Y,Y,high,4,left,0
9/5/2017,p15,m,12.55,su,i00_0016,i00_0017,2,BL,B,low,5,left,1
9/5/2017,p15,m,12.55,su,i00_0016,i00_0017,5,C,C,high,6,left,0
9/5/2017,p15,m,12.55,su,i00_0016,i00_0017,2,YL,Y,low,7,left,1
9/5/2017,p15,m,12.55,su,i00_0016,i00_0017,5,G,G,high,8,left,0
9/5/2017,p15,m,12.55,su,i00_0016,i00_0017,2,Y,Y,high,9,left,1
9/5/2017,p15,m,12.55,su,i00_0016,i00_0017,5,BL,B,low,10,left,0
9/5/2017,p15,m,12.55,su,i00_0016,i00_0017,2,GL,G,low,11,left,0
9/5/2017,p15,m,12.55,su,i00_0016,i00_0017,4,G,G,high,12,left,0
9/5/2017,p15,m,12.55,su,i00_0016,i00_0017,4,BL,B,low,13,left,0
9/5/2017,p15,m,12.55,su,i00_0016,i00_0017,2,B,B,high,14,left,0
9/5/2017,p15,m,12.55,su,i00_0016,i00_0017,4,YL,Y,low,15,left,0
9/5/2017,p15,m,12.55,su,i00_0016,i00_0017,4,GL,G,low,16,left,0
9/5/2017,p15,m,12.55,su,i00_0016,i00_0017,3,B,B,high,17,left,1
9/5/2017,p15,m,12.55,su,i00_0016,i00_0017,2,C,C,high,18,left,0
9/5/2017,p15,m,12.55,su,i00_0016,i00_0017,3,Y,Y,high,19,left,1
9/5/2017,p15,m,12.55,su,i00_0016,i00_0017,5,GL,G,low,20,left,0
9/5/2017,p15,m,12.55,su,i00_0016,i00_0017,5,B,B,high,21,left,0
9/5/2017,p15,m,12.55,su,i00_0016,i00_0017,5,YL,Y,low,22,left,0
9/5/2017,p15,m,12.55,su,i00_0016,i00_0017,2,G,G,high,23,left,0
9/5/2017,p15,m,12.55,su,i00_0016,i00_0017,5,Y,Y,high,24,left,0
9/5/2017,p15,m,12.55,su,i00_0016,i00_0017,3,BL,B,low,25,left,1
9/5/2017,p15,m,12.55,su,i00_0016,i00_0017,3,G,G,high,26,left,1
9/5/2017,p15,m,12.55,su,i00_0016,i00_0017,3,YL,Y,low,27,left,0
9/5/2017,p15,m,12.55,su,i00_0016,i00_0017,3,C,C,high,28,left,0
9/5/2017,p16,f,13,sh,i00_0020,i00_0021,4,C,C,high,1,left,0
9/5/2017,p16,f,13,sh,i00_0020,i00_0021,3,B,B,high,2,left,0
9/5/2017,p16,f,13,sh,i00_0020,i00_0021,4,GL,G,low,3,left,0
9/5/2017,p16,f,13,sh,i00_0020,i00_0021,4,Y,Y,high,4,left,0
9/5/2017,p16,f,13,sh,i00_0020,i00_0021,2,BL,B,low,5,left,0
9/5/2017,p16,f,13,sh,i00_0020,i00_0021,5,C,C,high,6,left,0
9/5/2017,p16,f,13,sh,i00_0020,i00_0021,2,YL,Y,low,7,left,0
9/5/2017,p16,f,13,sh,i00_0020,i00_0021,5,G,G,high,8,left,0
9/5/2017,p16,f,13,sh,i00_0020,i00_0021,2,Y,Y,high,9,left,0
9/5/2017,p16,f,13,sh,i00_0020,i00_0021,5,BL,B,low,10,left,0
9/5/2017,p16,f,13,sh,i00_0020,i00_0021,2,GL,G,low,11,left,0
9/5/2017,p16,f,13,sh,i00_0020,i00_0021,4,G,G,high,12,left,0
9/5/2017,p16,f,13,sh,i00_0020,i00_0021,4,BL,B,low,13,left,0
9/5/2017,p16,f,13,sh,i00_0020,i00_0021,2,B,B,high,14,left,0
9/5/2017,p16,f,13,sh,i00_0020,i00_0021,4,YL,Y,low,15,left,0
9/5/2017,p16,f,13,sh,i00_0020,i00_0021,4,GL,G,low,16,left,0
9/5/2017,p16,f,13,sh,i00_0020,i00_0021,3,B,B,high,17,left,0
9/5/2017,p16,f,13,sh,i00_0020,i00_0021,2,C,C,high,18,left,0
9/5/2017,p16,f,13,sh,i00_0020,i00_0021,3,Y,Y,high,19,left,0
9/5/2017,p16,f,13,sh,i00_0020,i00_0021,5,GL,G,low,20,left,0
9/5/2017,p16,f,13,sh,i00_0020,i00_0021,5,B,B,high,21,left,0
9/5/2017,p16,f,13,sh,i00_0020,i00_0021,5,YL,Y,low,22,left,0
9/5/2017,p16,f,13,sh,i00_0020,i00_0021,2,G,G,high,23,left,0
9/5/2017,p16,f,13,sh,i00_0020,i00_0021,5,Y,Y,high,24,left,0
9/5/2017,p16,f,13,sh,i00_0020,i00_0021,3,BL,B,low,25,left,0
9/5/2017,p16,f,13,sh,i00_0020,i00_0021,3,G,G,high,26,left,0
9/5/2017,p16,f,13,sh,i00_0020,i00_0021,3,YL,Y,low,27,left,0
9/5/2017,p16,f,13,sh,i00_0020,i00_0021,3,C,C,high,28,left,0
9/5/2017,p17,m,13.14,sh,i00_0022,i00_0023,4,C,C,high,1,left,0
9/5/2017,p17,m,13.14,sh,i00_0022,i00_0023,3,B,B,high,2,left,1
9/5/2017,p17,m,13.14,sh,i00_0022,i00_0023,4,GL,G,low,3,left,0
9/5/2017,p17,m,13.14,sh,i00_0022,i00_0023,4,Y,Y,high,4,left,0
9/5/2017,p17,m,13.14,sh,i00_0022,i00_0023,2,BL,B,low,5,left,1
9/5/2017,p17,m,13.14,sh,i00_0022,i00_0023,5,C,C,high,6,left,0
9/5/2017,p17,m,13.14,sh,i00_0022,i00_0023,2,YL,Y,low,7,left,1
9/5/2017,p17,m,13.14,sh,i00_0022,i00_0023,5,G,G,high,8,left,0
9/5/2017,p17,m,13.14,sh,i00_0022,i00_0023,2,Y,Y,high,9,left,1
9/5/2017,p17,m,13.14,sh,i00_0022,i00_0023,5,BL,B,low,10,left,0
9/5/2017,p17,m,13.14,sh,i00_0022,i00_0023,2,GL,G,low,11,left,1
9/5/2017,p17,m,13.14,sh,i00_0022,i00_0023,4,G,G,high,12,left,0
9/5/2017,p17,m,13.14,sh,i00_0022,i00_0023,4,BL,B,low,13,left,0
9/5/2017,p17,m,13.14,sh,i00_0022,i00_0023,2,B,B,high,14,left,0
9/5/2017,p17,m,13.14,sh,i00_0022,i00_0023,4,YL,Y,low,15,left,0
9/5/2017,p17,m,13.14,sh,i00_0022,i00_0023,4,GL,G,low,16,left,0
9/5/2017,p17,m,13.14,sh,i00_0022,i00_0023,3,B,B,high,17,left,1
9/5/2017,p17,m,13.14,sh,i00_0022,i00_0023,2,C,C,high,18,left,0
9/5/2017,p17,m,13.14,sh,i00_0022,i00_0023,3,Y,Y,high,19,left,0
9/5/2017,p17,m,13.14,sh,i00_0022,i00_0023,5,GL,G,low,20,left,1
9/5/2017,p17,m,13.14,sh,i00_0022,i00_0023,5,B,B,high,21,left,0
9/5/2017,p17,m,13.14,sh,i00_0022,i00_0023,5,YL,Y,low,22,left,0
9/5/2017,p17,m,13.14,sh,i00_0022,i00_0023,2,G,G,high,23,left,1
9/5/2017,p17,m,13.14,sh,i00_0022,i00_0023,5,Y,Y,high,24,left,0
9/5/2017,p17,m,13.14,sh,i00_0022,i00_0023,3,BL,B,low,25,left,1
9/5/2017,p17,m,13.14,sh,i00_0022,i00_0023,3,G,G,high,26,left,0
9/5/2017,p17,m,13.14,sh,i00_0022,i00_0023,3,YL,Y,low,27,left,0
9/5/2017,p17,m,13.14,sh,i00_0022,i00_0023,3,C,C,high,28,left,0
9/5/2017,p18,f,13.21,sh,i00_0025,i00_0026,4,C,C,high,1,left,0
9/5/2017,p18,f,13.21,sh,i00_0025,i00_0026,3,B,B,high,2,left,0
9/5/2017,p18,f,13.21,sh,i00_0025,i00_0026,4,GL,G,low,3,left,0
9/5/2017,p18,f,13.21,sh,i00_0025,i00_0026,4,Y,Y,high,4,left,0
9/5/2017,p18,f,13.21,sh,i00_0025,i00_0026,2,BL,B,low,5,left,0
9/5/2017,p18,f,13.21,sh,i00_0025,i00_0026,5,C,C,high,6,left,0
9/5/2017,p18,f,13.21,sh,i00_0025,i00_0026,2,YL,Y,low,7,left,0
9/5/2017,p18,f,13.21,sh,i00_0025,i00_0026,5,G,G,high,8,left,0
9/5/2017,p18,f,13.21,sh,i00_0025,i00_0026,2,Y,Y,high,9,left,0
9/5/2017,p18,f,13.21,sh,i00_0025,i00_0026,5,BL,B,low,10,left,0
9/5/2017,p18,f,13.21,sh,i00_0025,i00_0026,2,GL,G,low,11,left,1
9/5/2017,p18,f,13.21,sh,i00_0025,i00_0026,4,G,G,high,12,left,0
9/5/2017,p18,f,13.21,sh,i00_0025,i00_0026,4,BL,B,low,13,left,0
9/5/2017,p18,f,13.21,sh,i00_0025,i00_0026,2,B,B,high,14,left,0
9/5/2017,p18,f,13.21,sh,i00_0025,i00_0026,4,YL,Y,low,15,left,0
9/5/2017,p18,f,13.21,sh,i00_0025,i00_0026,4,GL,G,low,16,left,0
9/5/2017,p18,f,13.21,sh,i00_0025,i00_0026,3,B,B,high,17,left,1
9/5/2017,p18,f,13.21,sh,i00_0025,i00_0026,2,C,C,high,18,left,0
9/5/2017,p18,f,13.21,sh,i00_0025,i00_0026,3,Y,Y,high,19,left,0
9/5/2017,p18,f,13.21,sh,i00_0025,i00_0026,5,GL,G,low,20,left,0
9/5/2017,p18,f,13.21,sh,i00_0025,i00_0026,5,B,B,high,21,left,0
9/5/2017,p18,f,13.21,sh,i00_0025,i00_0026,5,YL,Y,low,22,left,0
9/5/2017,p18,f,13.21,sh,i00_0025,i00_0026,2,G,G,high,23,left,0
9/5/2017,p18,f,13.21,sh,i00_0025,i00_0026,5,Y,Y,high,24,left,0
9/5/2017,p18,f,13.21,sh,i00_0025,i00_0026,3,BL,B,low,25,left,1
9/5/2017,p18,f,13.21,sh,i00_0025,i00_0026,3,G,G,high,26,left,1
9/5/2017,p18,f,13.21,sh,i00_0025,i00_0026,3,YL,Y,low,27,left,1
9/5/2017,p18,f,13.21,sh,i00_0025,i00_0026,3,C,C,high,28,left,0
9/5/2017,p19,f,13.4,sh,NA,NA,4,C,C,high,1,left,0
9/5/2017,p19,f,13.4,sh,NA,NA,3,B,B,high,2,left,0
9/5/2017,p19,f,13.4,sh,NA,NA,4,GL,G,low,3,left,0
9/5/2017,p19,f,13.4,sh,NA,NA,4,Y,Y,high,4,left,0
9/5/2017,p19,f,13.4,sh,NA,NA,2,BL,B,low,5,left,0
9/5/2017,p19,f,13.4,sh,NA,NA,5,C,C,high,6,left,0
9/5/2017,p19,f,13.4,sh,NA,NA,2,YL,Y,low,7,left,1
9/5/2017,p19,f,13.4,sh,NA,NA,5,G,G,high,8,left,0
9/5/2017,p19,f,13.4,sh,NA,NA,2,Y,Y,high,9,left,0
9/5/2017,p19,f,13.4,sh,NA,NA,5,BL,B,low,10,left,0
9/5/2017,p19,f,13.4,sh,NA,NA,2,GL,G,low,11,left,0
9/5/2017,p19,f,13.4,sh,NA,NA,4,G,G,high,12,left,0
9/5/2017,p19,f,13.4,sh,NA,NA,4,BL,B,low,13,left,0
9/5/2017,p19,f,13.4,sh,NA,NA,2,B,B,high,14,left,0
9/5/2017,p19,f,13.4,sh,NA,NA,4,YL,Y,low,15,left,0
9/5/2017,p19,f,13.4,sh,NA,NA,4,GL,G,low,16,left,0
9/5/2017,p19,f,13.4,sh,NA,NA,3,B,B,high,17,left,0
9/5/2017,p19,f,13.4,sh,NA,NA,2,C,C,high,18,left,0
9/5/2017,p19,f,13.4,sh,NA,NA,3,Y,Y,high,19,left,0
9/5/2017,p19,f,13.4,sh,NA,NA,5,GL,G,low,20,left,0
9/5/2017,p19,f,13.4,sh,NA,NA,5,B,B,high,21,left,0
9/5/2017,p19,f,13.4,sh,NA,NA,5,YL,Y,low,22,left,0
9/5/2017,p19,f,13.4,sh,NA,NA,2,G,G,high,23,left,0
9/5/2017,p19,f,13.4,sh,NA,NA,5,Y,Y,high,24,left,0
9/5/2017,p19,f,13.4,sh,NA,NA,3,BL,B,low,25,left,0
9/5/2017,p19,f,13.4,sh,NA,NA,3,G,G,high,26,left,1
9/5/2017,p19,f,13.4,sh,NA,NA,3,YL,Y,low,27,left,0
9/5/2017,p19,f,13.4,sh,NA,NA,3,C,C,high,28,left,0
10/5/2017,p20,f,11.57,ps,i00_0029,i00_0030,5,GL,G,low,1,left,1
10/5/2017,p20,f,11.57,ps,i00_0029,i00_0030,3,BL,B,low,2,left,0
10/5/2017,p20,f,11.57,ps,i00_0029,i00_0030,4,C,C,high,3,left,0
10/5/2017,p20,f,11.57,ps,i00_0029,i00_0030,3,B,B,high,4,left,1
10/5/2017,p20,f,11.57,ps,i00_0029,i00_0030,4,GL,G,low,5,left,0
10/5/2017,p20,f,11.57,ps,i00_0029,i00_0030,4,Y,Y,high,6,left,0
10/5/2017,p20,f,11.57,ps,i00_0029,i00_0030,2,BL,B,low,7,left,1
10/5/2017,p20,f,11.57,ps,i00_0029,i00_0030,5,C,C,high,8,left,0
10/5/2017,p20,f,11.57,ps,i00_0029,i00_0030,4,G,G,high,9,left,0
10/5/2017,p20,f,11.57,ps,i00_0029,i00_0030,4,BL,B,low,10,left,0
10/5/2017,p20,f,11.57,ps,i00_0029,i00_0030,3,GL,G,low,11,left,1
10/5/2017,p20,f,11.57,ps,i00_0029,i00_0030,2,B,B,high,12,left,0
10/5/2017,p20,f,11.57,ps,i00_0029,i00_0030,4,YL,Y,low,13,left,0
10/5/2017,p20,f,11.57,ps,i00_0029,i00_0030,4,B,B,high,14,left,0
10/5/2017,p20,f,11.57,ps,i00_0029,i00_0030,2,C,C,high,15,left,1
10/5/2017,p20,f,11.57,ps,i00_0029,i00_0030,3,Y,Y,high,16,left,0
10/5/2017,p20,f,11.57,ps,i00_0029,i00_0030,3,G,G,high,17,left,0
10/5/2017,p20,f,11.57,ps,i00_0029,i00_0030,3,YL,Y,low,18,left,1
10/5/2017,p20,f,11.57,ps,i00_0029,i00_0030,3,C,C,high,19,left,0
10/5/2017,p20,f,11.57,ps,i00_0029,i00_0030,2,YL,Y,low,20,left,1
10/5/2017,p20,f,11.57,ps,i00_0029,i00_0030,5,G,G,high,21,left,1
10/5/2017,p20,f,11.57,ps,i00_0029,i00_0030,2,Y,Y,high,22,left,1
10/5/2017,p20,f,11.57,ps,i00_0029,i00_0030,5,BL,B,low,23,left,0
10/5/2017,p20,f,11.57,ps,i00_0029,i00_0030,2,GL,G,low,24,left,1
10/5/2017,p20,f,11.57,ps,i00_0029,i00_0030,5,B,B,high,25,left,0
10/5/2017,p20,f,11.57,ps,i00_0029,i00_0030,5,Y,Y,high,26,left,1
10/5/2017,p20,f,11.57,ps,i00_0029,i00_0030,2,G,G,high,27,left,1
10/5/2017,p20,f,11.57,ps,i00_0029,i00_0030,5,Y,Y,high,28,left,1
10/5/2017,p21,m,12.11,ps,i00_0032,i00_0033,5,GL,G,low,1,left,0
10/5/2017,p21,m,12.11,ps,i00_0032,i00_0033,3,BL,B,low,2,left,0
10/5/2017,p21,m,12.11,ps,i00_0032,i00_0033,4,C,C,high,3,left,0
10/5/2017,p21,m,12.11,ps,i00_0032,i00_0033,3,B,B,high,4,left,0
10/5/2017,p21,m,12.11,ps,i00_0032,i00_0033,4,GL,G,low,5,left,0
10/5/2017,p21,m,12.11,ps,i00_0032,i00_0033,4,Y,Y,high,6,left,0
10/5/2017,p21,m,12.11,ps,i00_0032,i00_0033,2,BL,B,low,7,left,1
10/5/2017,p21,m,12.11,ps,i00_0032,i00_0033,5,C,C,high,8,left,0
10/5/2017,p21,m,12.11,ps,i00_0032,i00_0033,4,G,G,high,9,left,0
10/5/2017,p21,m,12.11,ps,i00_0032,i00_0033,4,BL,B,low,10,left,0
10/5/2017,p21,m,12.11,ps,i00_0032,i00_0033,3,GL,G,low,11,left,0
10/5/2017,p21,m,12.11,ps,i00_0032,i00_0033,2,B,B,high,12,left,0
10/5/2017,p21,m,12.11,ps,i00_0032,i00_0033,4,YL,Y,low,13,left,1
10/5/2017,p21,m,12.11,ps,i00_0032,i00_0033,4,B,B,high,14,left,0
10/5/2017,p21,m,12.11,ps,i00_0032,i00_0033,2,C,C,high,15,left,0
10/5/2017,p21,m,12.11,ps,i00_0032,i00_0033,3,Y,Y,high,16,left,0
10/5/2017,p21,m,12.11,ps,i00_0032,i00_0033,3,G,G,high,17,left,0
10/5/2017,p21,m,12.11,ps,i00_0032,i00_0033,3,YL,Y,low,18,left,1
10/5/2017,p21,m,12.11,ps,i00_0032,i00_0033,3,C,C,high,19,left,0
10/5/2017,p21,m,12.11,ps,i00_0032,i00_0033,2,YL,Y,low,20,left,0
10/5/2017,p21,m,12.11,ps,i00_0032,i00_0033,5,G,G,high,21,left,0
10/5/2017,p21,m,12.11,ps,i00_0032,i00_0033,2,Y,Y,high,22,left,0
10/5/2017,p21,m,12.11,ps,i00_0032,i00_0033,5,BL,B,low,23,left,0
10/5/2017,p21,m,12.11,ps,i00_0032,i00_0033,2,GL,G,low,24,left,0
10/5/2017,p21,m,12.11,ps,i00_0032,i00_0033,5,B,B,high,25,left,1
10/5/2017,p21,m,12.11,ps,i00_0032,i00_0033,5,Y,Y,high,26,left,0
10/5/2017,p21,m,12.11,ps,i00_0032,i00_0033,2,G,G,high,27,left,0
10/5/2017,p21,m,12.11,ps,i00_0032,i00_0033,5,Y,Y,high,28,left,0
10/5/2017,p22,m,12.16,ps,i00_0034,i00_0035,5,GL,G,low,1,left,0
10/5/2017,p22,m,12.16,ps,i00_0034,i00_0035,3,BL,B,low,2,left,0
10/5/2017,p22,m,12.16,ps,i00_0034,i00_0035,4,C,C,high,3,left,0
10/5/2017,p22,m,12.16,ps,i00_0034,i00_0035,3,B,B,high,4,left,1
10/5/2017,p22,m,12.16,ps,i00_0034,i00_0035,4,GL,G,low,5,left,1
10/5/2017,p22,m,12.16,ps,i00_0034,i00_0035,4,Y,Y,high,6,left,0
10/5/2017,p22,m,12.16,ps,i00_0034,i00_0035,2,BL,B,low,7,left,1
10/5/2017,p22,m,12.16,ps,i00_0034,i00_0035,5,C,C,high,8,left,0
10/5/2017,p22,m,12.16,ps,i00_0034,i00_0035,4,G,G,high,9,left,0
10/5/2017,p22,m,12.16,ps,i00_0034,i00_0035,4,BL,B,low,10,left,0
10/5/2017,p22,m,12.16,ps,i00_0034,i00_0035,3,GL,G,low,11,left,1
10/5/2017,p22,m,12.16,ps,i00_0034,i00_0035,2,B,B,high,12,left,0
10/5/2017,p22,m,12.16,ps,i00_0034,i00_0035,4,YL,Y,low,13,left,0
10/5/2017,p22,m,12.16,ps,i00_0034,i00_0035,4,B,B,high,14,left,1
10/5/2017,p22,m,12.16,ps,i00_0034,i00_0035,2,C,C,high,15,left,0
10/5/2017,p22,m,12.16,ps,i00_0034,i00_0035,3,Y,Y,high,16,left,1
10/5/2017,p22,m,12.16,ps,i00_0034,i00_0035,3,G,G,high,17,left,0
10/5/2017,p22,m,12.16,ps,i00_0034,i00_0035,3,YL,Y,low,18,left,1
10/5/2017,p22,m,12.16,ps,i00_0034,i00_0035,3,C,C,high,19,left,0
10/5/2017,p22,m,12.16,ps,i00_0034,i00_0035,2,YL,Y,low,20,left,1
10/5/2017,p22,m,12.16,ps,i00_0034,i00_0035,5,G,G,high,21,left,0
10/5/2017,p22,m,12.16,ps,i00_0034,i00_0035,2,Y,Y,high,22,left,0
10/5/2017,p22,m,12.16,ps,i00_0034,i00_0035,5,BL,B,low,23,left,0
10/5/2017,p22,m,12.16,ps,i00_0034,i00_0035,2,GL,G,low,24,left,0
10/5/2017,p22,m,12.16,ps,i00_0034,i00_0035,5,B,B,high,25,left,1
10/5/2017,p22,m,12.16,ps,i00_0034,i00_0035,5,Y,Y,high,26,left,0
10/5/2017,p22,m,12.16,ps,i00_0034,i00_0035,2,G,G,high,27,left,0
10/5/2017,p22,m,12.16,ps,i00_0034,i00_0035,5,Y,Y,high,28,left,1
10/5/2017,p23,m,12.21,ps,i00_0036,i00_0037,5,GL,G,low,1,left,0
10/5/2017,p23,m,12.21,ps,i00_0036,i00_0037,3,BL,B,low,2,left,0
10/5/2017,p23,m,12.21,ps,i00_0036,i00_0037,4,C,C,high,3,left,0
10/5/2017,p23,m,12.21,ps,i00_0036,i00_0037,3,B,B,high,4,left,0
10/5/2017,p23,m,12.21,ps,i00_0036,i00_0037,4,GL,G,low,5,left,0
10/5/2017,p23,m,12.21,ps,i00_0036,i00_0037,4,Y,Y,high,6,left,0
10/5/2017,p23,m,12.21,ps,i00_0036,i00_0037,2,BL,B,low,7,left,0
10/5/2017,p23,m,12.21,ps,i00_0036,i00_0037,5,C,C,high,8,left,0
10/5/2017,p23,m,12.21,ps,i00_0036,i00_0037,4,G,G,high,9,left,0
10/5/2017,p23,m,12.21,ps,i00_0036,i00_0037,4,BL,B,low,10,left,1
10/5/2017,p23,m,12.21,ps,i00_0036,i00_0037,3,GL,G,low,11,left,0
10/5/2017,p23,m,12.21,ps,i00_0036,i00_0037,2,B,B,high,12,left,0
10/5/2017,p23,m,12.21,ps,i00_0036,i00_0037,4,YL,Y,low,13,left,0
10/5/2017,p23,m,12.21,ps,i00_0036,i00_0037,4,B,B,high,14,left,0
10/5/2017,p23,m,12.21,ps,i00_0036,i00_0037,2,C,C,high,15,left,1
10/5/2017,p23,m,12.21,ps,i00_0036,i00_0037,3,Y,Y,high,16,left,1
10/5/2017,p23,m,12.21,ps,i00_0036,i00_0037,3,G,G,high,17,left,0
10/5/2017,p23,m,12.21,ps,i00_0036,i00_0037,3,YL,Y,low,18,left,1
10/5/2017,p23,m,12.21,ps,i00_0036,i00_0037,3,C,C,high,19,left,0
10/5/2017,p23,m,12.21,ps,i00_0036,i00_0037,2,YL,Y,low,20,left,1
10/5/2017,p23,m,12.21,ps,i00_0036,i00_0037,5,G,G,high,21,left,0
10/5/2017,p23,m,12.21,ps,i00_0036,i00_0037,2,Y,Y,high,22,left,0
10/5/2017,p23,m,12.21,ps,i00_0036,i00_0037,5,BL,B,low,23,left,0
10/5/2017,p23,m,12.21,ps,i00_0036,i00_0037,2,GL,G,low,24,left,1
10/5/2017,p23,m,12.21,ps,i00_0036,i00_0037,5,B,B,high,25,left,1
10/5/2017,p23,m,12.21,ps,i00_0036,i00_0037,5,Y,Y,high,26,left,1
10/5/2017,p23,m,12.21,ps,i00_0036,i00_0037,2,G,G,high,27,left,1
10/5/2017,p23,m,12.21,ps,i00_0036,i00_0037,5,Y,Y,high,28,left,1
10/5/2017,p24,m,12.38,su,i00_0038,i00_0039,5,GL,G,low,1,left,0
10/5/2017,p24,m,12.38,su,i00_0038,i00_0039,3,BL,B,low,2,left,0
10/5/2017,p24,m,12.38,su,i00_0038,i00_0039,4,C,C,high,3,left,0
10/5/2017,p24,m,12.38,su,i00_0038,i00_0039,3,B,B,high,4,left,0
10/5/2017,p24,m,12.38,su,i00_0038,i00_0039,4,GL,G,low,5,left,1
10/5/2017,p24,m,12.38,su,i00_0038,i00_0039,4,Y,Y,high,6,left,0
10/5/2017,p24,m,12.38,su,i00_0038,i00_0039,2,BL,B,low,7,left,1
10/5/2017,p24,m,12.38,su,i00_0038,i00_0039,5,C,C,high,8,left,0
10/5/2017,p24,m,12.38,su,i00_0038,i00_0039,4,G,G,high,9,left,0
10/5/2017,p24,m,12.38,su,i00_0038,i00_0039,4,BL,B,low,10,left,1
10/5/2017,p24,m,12.38,su,i00_0038,i00_0039,3,GL,G,low,11,left,0
10/5/2017,p24,m,12.38,su,i00_0038,i00_0039,2,B,B,high,12,left,0
10/5/2017,p24,m,12.38,su,i00_0038,i00_0039,4,YL,Y,low,13,left,0
10/5/2017,p24,m,12.38,su,i00_0038,i00_0039,4,B,B,high,14,left,0
10/5/2017,p24,m,12.38,su,i00_0038,i00_0039,2,C,C,high,15,left,0
10/5/2017,p24,m,12.38,su,i00_0038,i00_0039,3,Y,Y,high,16,left,0
10/5/2017,p24,m,12.38,su,i00_0038,i00_0039,3,G,G,high,17,left,0
10/5/2017,p24,m,12.38,su,i00_0038,i00_0039,3,YL,Y,low,18,left,0
10/5/2017,p24,m,12.38,su,i00_0038,i00_0039,3,C,C,high,19,left,0
10/5/2017,p24,m,12.38,su,i00_0038,i00_0039,2,YL,Y,low,20,left,0
10/5/2017,p24,m,12.38,su,i00_0038,i00_0039,5,G,G,high,21,left,0
10/5/2017,p24,m,12.38,su,i00_0038,i00_0039,2,Y,Y,high,22,left,0
10/5/2017,p24,m,12.38,su,i00_0038,i00_0039,5,BL,B,low,23,left,1
10/5/2017,p24,m,12.38,su,i00_0038,i00_0039,2,GL,G,low,24,left,1
10/5/2017,p24,m,12.38,su,i00_0038,i00_0039,5,B,B,high,25,left,1
10/5/2017,p24,m,12.38,su,i00_0038,i00_0039,5,Y,Y,high,26,left,0
10/5/2017,p24,m,12.38,su,i00_0038,i00_0039,2,G,G,high,27,left,1
10/5/2017,p24,m,12.38,su,i00_0038,i00_0039,5,Y,Y,high,28,left,0
10/5/2017,p25,f,12.43,ps,i00_0040,i00_0041,5,GL,G,low,1,left,0
10/5/2017,p25,f,12.43,ps,i00_0040,i00_0041,3,BL,B,low,2,left,0
10/5/2017,p25,f,12.43,ps,i00_0040,i00_0041,4,C,C,high,3,left,0
10/5/2017,p25,f,12.43,ps,i00_0040,i00_0041,3,B,B,high,4,left,1
10/5/2017,p25,f,12.43,ps,i00_0040,i00_0041,4,GL,G,low,5,left,1
10/5/2017,p25,f,12.43,ps,i00_0040,i00_0041,4,Y,Y,high,6,left,0
10/5/2017,p25,f,12.43,ps,i00_0040,i00_0041,2,BL,B,low,7,left,1
10/5/2017,p25,f,12.43,ps,i00_0040,i00_0041,5,C,C,high,8,left,0
10/5/2017,p25,f,12.43,ps,i00_0040,i00_0041,4,G,G,high,9,left,1
10/5/2017,p25,f,12.43,ps,i00_0040,i00_0041,4,BL,B,low,10,left,0
10/5/2017,p25,f,12.43,ps,i00_0040,i00_0041,3,GL,G,low,11,left,0
10/5/2017,p25,f,12.43,ps,i00_0040,i00_0041,2,B,B,high,12,left,0
10/5/2017,p25,f,12.43,ps,i00_0040,i00_0041,4,YL,Y,low,13,left,0
10/5/2017,p25,f,12.43,ps,i00_0040,i00_0041,4,B,B,high,14,left,0
10/5/2017,p25,f,12.43,ps,i00_0040,i00_0041,2,C,C,high,15,left,0
10/5/2017,p25,f,12.43,ps,i00_0040,i00_0041,3,Y,Y,high,16,left,0
10/5/2017,p25,f,12.43,ps,i00_0040,i00_0041,3,G,G,high,17,left,1
10/5/2017,p25,f,12.43,ps,i00_0040,i00_0041,3,YL,Y,low,18,left,1
10/5/2017,p25,f,12.43,ps,i00_0040,i00_0041,3,C,C,high,19,left,0
10/5/2017,p25,f,12.43,ps,i00_0040,i00_0041,2,YL,Y,low,20,left,0
10/5/2017,p25,f,12.43,ps,i00_0040,i00_0041,5,G,G,high,21,left,0
10/5/2017,p25,f,12.43,ps,i00_0040,i00_0041,2,Y,Y,high,22,left,0
10/5/2017,p25,f,12.43,ps,i00_0040,i00_0041,5,BL,B,low,23,left,0
10/5/2017,p25,f,12.43,ps,i00_0040,i00_0041,2,GL,G,low,24,left,1
10/5/2017,p25,f,12.43,ps,i00_0040,i00_0041,5,B,B,high,25,left,0
10/5/2017,p25,f,12.43,ps,i00_0040,i00_0041,5,Y,Y,high,26,left,0
10/5/2017,p25,f,12.43,ps,i00_0040,i00_0041,2,G,G,high,27,left,0
10/5/2017,p25,f,12.43,ps,i00_0040,i00_0041,5,Y,Y,high,28,left,0
10/5/2017,p26,f,12.58,sh,i00_0042,i00_0043,5,GL,G,low,1,left,0
10/5/2017,p26,f,12.58,sh,i00_0042,i00_0043,3,BL,B,low,2,left,0
10/5/2017,p26,f,12.58,sh,i00_0042,i00_0043,4,C,C,high,3,left,0
10/5/2017,p26,f,12.58,sh,i00_0042,i00_0043,3,B,B,high,4,left,1
10/5/2017,p26,f,12.58,sh,i00_0042,i00_0043,4,GL,G,low,5,left,1
10/5/2017,p26,f,12.58,sh,i00_0042,i00_0043,4,Y,Y,high,6,left,0
10/5/2017,p26,f,12.58,sh,i00_0042,i00_0043,2,BL,B,low,7,left,1
10/5/2017,p26,f,12.58,sh,i00_0042,i00_0043,5,C,C,high,8,left,0
10/5/2017,p26,f,12.58,sh,i00_0042,i00_0043,4,G,G,high,9,left,0
10/5/2017,p26,f,12.58,sh,i00_0042,i00_0043,4,BL,B,low,10,left,0
10/5/2017,p26,f,12.58,sh,i00_0042,i00_0043,3,GL,G,low,11,left,1
10/5/2017,p26,f,12.58,sh,i00_0042,i00_0043,2,B,B,high,12,left,0
10/5/2017,p26,f,12.58,sh,i00_0042,i00_0043,4,YL,Y,low,13,left,0
10/5/2017,p26,f,12.58,sh,i00_0042,i00_0043,4,B,B,high,14,left,1
10/5/2017,p26,f,12.58,sh,i00_0042,i00_0043,2,C,C,high,15,left,0
10/5/2017,p26,f,12.58,sh,i00_0042,i00_0043,3,Y,Y,high,16,left,0
10/5/2017,p26,f,12.58,sh,i00_0042,i00_0043,3,G,G,high,17,left,1
10/5/2017,p26,f,12.58,sh,i00_0042,i00_0043,3,YL,Y,low,18,left,1
10/5/2017,p26,f,12.58,sh,i00_0042,i00_0043,3,C,C,high,19,left,0
10/5/2017,p26,f,12.58,sh,i00_0042,i00_0043,2,YL,Y,low,20,left,1
10/5/2017,p26,f,12.58,sh,i00_0042,i00_0043,5,G,G,high,21,left,0
10/5/2017,p26,f,12.58,sh,i00_0042,i00_0043,2,Y,Y,high,22,left,0
10/5/2017,p26,f,12.58,sh,i00_0042,i00_0043,5,BL,B,low,23,left,0
10/5/2017,p26,f,12.58,sh,i00_0042,i00_0043,2,GL,G,low,24,left,1
10/5/2017,p26,f,12.58,sh,i00_0042,i00_0043,5,B,B,high,25,left,0
10/5/2017,p26,f,12.58,sh,i00_0042,i00_0043,5,Y,Y,high,26,left,0
10/5/2017,p26,f,12.58,sh,i00_0042,i00_0043,2,G,G,high,27,left,1
10/5/2017,p26,f,12.58,sh,i00_0042,i00_0043,5,Y,Y,high,28,left,1
10/5/2017,p27,f,13.14,ps,i00_0044,i00_0045,5,GL,G,low,1,left,0
10/5/2017,p27,f,13.14,ps,i00_0044,i00_0045,3,BL,B,low,2,left,0
10/5/2017,p27,f,13.14,ps,i00_0044,i00_0045,4,C,C,high,3,left,0
10/5/2017,p27,f,13.14,ps,i00_0044,i00_0045,3,B,B,high,4,left,1
10/5/2017,p27,f,13.14,ps,i00_0044,i00_0045,4,GL,G,low,5,left,1
10/5/2017,p27,f,13.14,ps,i00_0044,i00_0045,4,Y,Y,high,6,left,0
10/5/2017,p27,f,13.14,ps,i00_0044,i00_0045,2,BL,B,low,7,left,1
10/5/2017,p27,f,13.14,ps,i00_0044,i00_0045,5,C,C,high,8,left,0
10/5/2017,p27,f,13.14,ps,i00_0044,i00_0045,4,G,G,high,9,left,0
10/5/2017,p27,f,13.14,ps,i00_0044,i00_0045,4,BL,B,low,10,left,0
10/5/2017,p27,f,13.14,ps,i00_0044,i00_0045,3,GL,G,low,11,left,1
10/5/2017,p27,f,13.14,ps,i00_0044,i00_0045,2,B,B,high,12,left,0
10/5/2017,p27,f,13.14,ps,i00_0044,i00_0045,4,YL,Y,low,13,left,0
10/5/2017,p27,f,13.14,ps,i00_0044,i00_0045,4,B,B,high,14,left,0
10/5/2017,p27,f,13.14,ps,i00_0044,i00_0045,2,C,C,high,15,left,0
10/5/2017,p27,f,13.14,ps,i00_0044,i00_0045,3,Y,Y,high,16,left,0
10/5/2017,p27,f,13.14,ps,i00_0044,i00_0045,3,G,G,high,17,left,1
10/5/2017,p27,f,13.14,ps,i00_0044,i00_0045,3,YL,Y,low,18,left,0
10/5/2017,p27,f,13.14,ps,i00_0044,i00_0045,3,C,C,high,19,left,0
10/5/2017,p27,f,13.14,ps,i00_0044,i00_0045,2,YL,Y,low,20,left,0
10/5/2017,p27,f,13.14,ps,i00_0044,i00_0045,5,G,G,high,21,left,0
10/5/2017,p27,f,13.14,ps,i00_0044,i00_0045,2,Y,Y,high,22,left,0
10/5/2017,p27,f,13.14,ps,i00_0044,i00_0045,5,BL,B,low,23,left,0
10/5/2017,p27,f,13.14,ps,i00_0044,i00_0045,2,GL,G,low,24,left,0
10/5/2017,p27,f,13.14,ps,i00_0044,i00_0045,5,B,B,high,25,left,0
10/5/2017,p27,f,13.14,ps,i00_0044,i00_0045,5,Y,Y,high,26,left,0
10/5/2017,p27,f,13.14,ps,i00_0044,i00_0045,2,G,G,high,27,left,0
10/5/2017,p27,f,13.14,ps,i00_0044,i00_0045,5,Y,Y,high,28,left,0
10/5/2017,p28,m,13.28,sh,i00_0047,i00_0048,5,GL,G,low,1,left,0
10/5/2017,p28,m,13.28,sh,i00_0047,i00_0048,3,BL,B,low,2,left,0
10/5/2017,p28,m,13.28,sh,i00_0047,i00_0048,4,C,C,high,3,left,0
10/5/2017,p28,m,13.28,sh,i00_0047,i00_0048,3,B,B,high,4,left,0
10/5/2017,p28,m,13.28,sh,i00_0047,i00_0048,4,GL,G,low,5,left,1
10/5/2017,p28,m,13.28,sh,i00_0047,i00_0048,4,Y,Y,high,6,left,1
10/5/2017,p28,m,13.28,sh,i00_0047,i00_0048,2,BL,B,low,7,left,1
10/5/2017,p28,m,13.28,sh,i00_0047,i00_0048,5,C,C,high,8,left,0
10/5/2017,p28,m,13.28,sh,i00_0047,i00_0048,4,G,G,high,9,left,1
10/5/2017,p28,m,13.28,sh,i00_0047,i00_0048,4,BL,B,low,10,left,0
10/5/2017,p28,m,13.28,sh,i00_0047,i00_0048,3,GL,G,low,11,left,1
10/5/2017,p28,m,13.28,sh,i00_0047,i00_0048,2,B,B,high,12,left,0
10/5/2017,p28,m,13.28,sh,i00_0047,i00_0048,4,YL,Y,low,13,left,1
10/5/2017,p28,m,13.28,sh,i00_0047,i00_0048,4,B,B,high,14,left,0
10/5/2017,p28,m,13.28,sh,i00_0047,i00_0048,2,C,C,high,15,left,0
10/5/2017,p28,m,13.28,sh,i00_0047,i00_0048,3,Y,Y,high,16,left,1
10/5/2017,p28,m,13.28,sh,i00_0047,i00_0048,3,G,G,high,17,left,1
10/5/2017,p28,m,13.28,sh,i00_0047,i00_0048,3,YL,Y,low,18,left,1
10/5/2017,p28,m,13.28,sh,i00_0047,i00_0048,3,C,C,high,19,left,0
10/5/2017,p28,m,13.28,sh,i00_0047,i00_0048,2,YL,Y,low,20,left,1
10/5/2017,p28,m,13.28,sh,i00_0047,i00_0048,5,G,G,high,21,left,0
10/5/2017,p28,m,13.28,sh,i00_0047,i00_0048,2,Y,Y,high,22,left,1
10/5/2017,p28,m,13.28,sh,i00_0047,i00_0048,5,BL,B,low,23,left,0
10/5/2017,p28,m,13.28,sh,i00_0047,i00_0048,2,GL,G,low,24,left,1
10/5/2017,p28,m,13.28,sh,i00_0047,i00_0048,5,B,B,high,25,left,0
10/5/2017,p28,m,13.28,sh,i00_0047,i00_0048,5,Y,Y,high,26,left,0
10/5/2017,p28,m,13.28,sh,i00_0047,i00_0048,2,G,G,high,27,left,0
10/5/2017,p28,m,13.28,sh,i00_0047,i00_0048,5,Y,Y,high,28,left,1
10/5/2017,p29,m,13.39,ps,i00_0049,i00_0050,5,GL,G,low,1,left,0
10/5/2017,p29,m,13.39,ps,i00_0049,i00_0050,3,BL,B,low,2,left,0
10/5/2017,p29,m,13.39,ps,i00_0049,i00_0050,4,C,C,high,3,left,0
10/5/2017,p29,m,13.39,ps,i00_0049,i00_0050,3,B,B,high,4,left,0
10/5/2017,p29,m,13.39,ps,i00_0049,i00_0050,4,GL,G,low,5,left,0
10/5/2017,p29,m,13.39,ps,i00_0049,i00_0050,4,Y,Y,high,6,left,0
10/5/2017,p29,m,13.39,ps,i00_0049,i00_0050,2,BL,B,low,7,left,0
10/5/2017,p29,m,13.39,ps,i00_0049,i00_0050,5,C,C,high,8,left,0
10/5/2017,p29,m,13.39,ps,i00_0049,i00_0050,4,G,G,high,9,left,0
10/5/2017,p29,m,13.39,ps,i00_0049,i00_0050,4,BL,B,low,10,left,0
10/5/2017,p29,m,13.39,ps,i00_0049,i00_0050,3,GL,G,low,11,left,0
10/5/2017,p29,m,13.39,ps,i00_0049,i00_0050,2,B,B,high,12,left,0
10/5/2017,p29,m,13.39,ps,i00_0049,i00_0050,4,YL,Y,low,13,left,0
10/5/2017,p29,m,13.39,ps,i00_0049,i00_0050,4,B,B,high,14,left,0
10/5/2017,p29,m,13.39,ps,i00_0049,i00_0050,2,C,C,high,15,left,0
10/5/2017,p29,m,13.39,ps,i00_0049,i00_0050,3,Y,Y,high,16,left,0
10/5/2017,p29,m,13.39,ps,i00_0049,i00_0050,3,G,G,high,17,left,1
10/5/2017,p29,m,13.39,ps,i00_0049,i00_0050,3,YL,Y,low,18,left,1
10/5/2017,p29,m,13.39,ps,i00_0049,i00_0050,3,C,C,high,19,left,0
10/5/2017,p29,m,13.39,ps,i00_0049,i00_0050,2,YL,Y,low,20,left,1
10/5/2017,p29,m,13.39,ps,i00_0049,i00_0050,5,G,G,high,21,left,0
10/5/2017,p29,m,13.39,ps,i00_0049,i00_0050,2,Y,Y,high,22,left,1
10/5/2017,p29,m,13.39,ps,i00_0049,i00_0050,5,BL,B,low,23,left,0
10/5/2017,p29,m,13.39,ps,i00_0049,i00_0050,2,GL,G,low,24,left,0
10/5/2017,p29,m,13.39,ps,i00_0049,i00_0050,5,B,B,high,25,left,0
10/5/2017,p29,m,13.39,ps,i00_0049,i00_0050,5,Y,Y,high,26,left,0
10/5/2017,p29,m,13.39,ps,i00_0049,i00_0050,2,G,G,high,27,left,0
10/5/2017,p29,m,13.39,ps,i00_0049,i00_0050,5,Y,Y,high,28,left,0
11/5/2017,p30,m,11.04,ps,i00_0051,i00_0052,2,Y,Y,high,1,left,1
11/5/2017,p30,m,11.04,ps,i00_0051,i00_0052,5,BL,B,low,2,left,0
11/5/2017,p30,m,11.04,ps,i00_0051,i00_0052,4,G,G,high,3,left,1
11/5/2017,p30,m,11.04,ps,i00_0051,i00_0052,3,Y,Y,high,4,left,0
11/5/2017,p30,m,11.04,ps,i00_0051,i00_0052,5,C,C,high,5,left,0
11/5/2017,p30,m,11.04,ps,i00_0051,i00_0052,4,BL,B,low,6,left,0
11/5/2017,p30,m,11.04,ps,i00_0051,i00_0052,4,YL,Y,low,7,left,0
11/5/2017,p30,m,11.04,ps,i00_0051,i00_0052,2,B,B,high,8,left,1
11/5/2017,p30,m,11.04,ps,i00_0051,i00_0052,5,GL,G,low,9,left,0
11/5/2017,p30,m,11.04,ps,i00_0051,i00_0052,4,C,C,high,10,left,0
11/5/2017,p30,m,11.04,ps,i00_0051,i00_0052,2,G,G,high,11,left,0
11/5/2017,p30,m,11.04,ps,i00_0051,i00_0052,5,YL,Y,low,12,left,0
11/5/2017,p30,m,11.04,ps,i00_0051,i00_0052,2,BL,B,low,13,left,0
11/5/2017,p30,m,11.04,ps,i00_0051,i00_0052,3,GL,G,low,14,left,1
11/5/2017,p30,m,11.04,ps,i00_0051,i00_0052,5,Y,Y,high,15,left,0
11/5/2017,p30,m,11.04,ps,i00_0051,i00_0052,3,B,B,high,16,left,0
11/5/2017,p30,m,11.04,ps,i00_0051,i00_0052,5,G,G,high,17,left,0
11/5/2017,p30,m,11.04,ps,i00_0051,i00_0052,3,YL,Y,low,18,left,1
11/5/2017,p30,m,11.04,ps,i00_0051,i00_0052,3,C,C,high,19,left,0
11/5/2017,p30,m,11.04,ps,i00_0051,i00_0052,2,GL,G,low,20,left,0
11/5/2017,p30,m,11.04,ps,i00_0051,i00_0052,3,BL,B,low,21,left,1
11/5/2017,p30,m,11.04,ps,i00_0051,i00_0052,2,YL,Y,low,22,left,0
11/5/2017,p30,m,11.04,ps,i00_0051,i00_0052,4,B,B,high,23,left,1
11/5/2017,p30,m,11.04,ps,i00_0051,i00_0052,3,G,G,high,24,left,0
11/5/2017,p30,m,11.04,ps,i00_0051,i00_0052,2,C,C,high,25,left,0
11/5/2017,p30,m,11.04,ps,i00_0051,i00_0052,5,B,B,high,26,left,1
11/5/2017,p30,m,11.04,ps,i00_0051,i00_0052,4,GL,G,low,27,left,0
11/5/2017,p30,m,11.04,ps,i00_0051,i00_0052,4,Y,Y,high,28,left,0
11/5/2017,p31,m,11.1,ps,i00_0053,i00_0054,2,Y,Y,high,1,left,0
11/5/2017,p31,m,11.1,ps,i00_0053,i00_0054,5,BL,B,low,2,left,0
11/5/2017,p31,m,11.1,ps,i00_0053,i00_0054,4,G,G,high,3,left,0
11/5/2017,p31,m,11.1,ps,i00_0053,i00_0054,3,Y,Y,high,4,left,0
11/5/2017,p31,m,11.1,ps,i00_0053,i00_0054,5,C,C,high,5,left,0
11/5/2017,p31,m,11.1,ps,i00_0053,i00_0054,4,BL,B,low,6,left,0
11/5/2017,p31,m,11.1,ps,i00_0053,i00_0054,4,YL,Y,low,7,left,0
11/5/2017,p31,m,11.1,ps,i00_0053,i00_0054,2,B,B,high,8,left,1
11/5/2017,p31,m,11.1,ps,i00_0053,i00_0054,5,GL,G,low,9,left,0
11/5/2017,p31,m,11.1,ps,i00_0053,i00_0054,4,C,C,high,10,left,0
11/5/2017,p31,m,11.1,ps,i00_0053,i00_0054,2,G,G,high,11,left,1
11/5/2017,p31,m,11.1,ps,i00_0053,i00_0054,5,YL,Y,low,12,left,0
11/5/2017,p31,m,11.1,ps,i00_0053,i00_0054,2,BL,B,low,13,left,1
11/5/2017,p31,m,11.1,ps,i00_0053,i00_0054,3,GL,G,low,14,left,1
11/5/2017,p31,m,11.1,ps,i00_0053,i00_0054,5,Y,Y,high,15,left,1
11/5/2017,p31,m,11.1,ps,i00_0053,i00_0054,3,B,B,high,16,left,1
11/5/2017,p31,m,11.1,ps,i00_0053,i00_0054,5,G,G,high,17,left,0
11/5/2017,p31,m,11.1,ps,i00_0053,i00_0054,3,YL,Y,low,18,left,1
11/5/2017,p31,m,11.1,ps,i00_0053,i00_0054,3,C,C,high,19,left,1
11/5/2017,p31,m,11.1,ps,i00_0053,i00_0054,2,GL,G,low,20,left,1
11/5/2017,p31,m,11.1,ps,i00_0053,i00_0054,3,BL,B,low,21,left,1
11/5/2017,p31,m,11.1,ps,i00_0053,i00_0054,2,YL,Y,low,22,left,1
11/5/2017,p31,m,11.1,ps,i00_0053,i00_0054,4,B,B,high,23,left,0
11/5/2017,p31,m,11.1,ps,i00_0053,i00_0054,3,G,G,high,24,left,1
11/5/2017,p31,m,11.1,ps,i00_0053,i00_0054,2,C,C,high,25,left,0
11/5/2017,p31,m,11.1,ps,i00_0053,i00_0054,5,B,B,high,26,left,0
11/5/2017,p31,m,11.1,ps,i00_0053,i00_0054,4,GL,G,low,27,left,1
11/5/2017,p31,m,11.1,ps,i00_0053,i00_0054,4,Y,Y,high,28,left,0
11/5/2017,p32,f,11.37,ps,i00_0057,i00_0058,2,Y,Y,high,1,left,0
11/5/2017,p32,f,11.37,ps,i00_0057,i00_0058,5,BL,B,low,2,left,0
11/5/2017,p32,f,11.37,ps,i00_0057,i00_0058,4,G,G,high,3,left,0
11/5/2017,p32,f,11.37,ps,i00_0057,i00_0058,3,Y,Y,high,4,left,0
11/5/2017,p32,f,11.37,ps,i00_0057,i00_0058,5,C,C,high,5,left,0
11/5/2017,p32,f,11.37,ps,i00_0057,i00_0058,4,BL,B,low,6,left,0
11/5/2017,p32,f,11.37,ps,i00_0057,i00_0058,4,YL,Y,low,7,left,0
11/5/2017,p32,f,11.37,ps,i00_0057,i00_0058,2,B,B,high,8,left,0
11/5/2017,p32,f,11.37,ps,i00_0057,i00_0058,5,GL,G,low,9,left,0
11/5/2017,p32,f,11.37,ps,i00_0057,i00_0058,4,C,C,high,10,left,0
11/5/2017,p32,f,11.37,ps,i00_0057,i00_0058,2,G,G,high,11,left,0
11/5/2017,p32,f,11.37,ps,i00_0057,i00_0058,5,YL,Y,low,12,left,0
11/5/2017,p32,f,11.37,ps,i00_0057,i00_0058,2,BL,B,low,13,left,0
11/5/2017,p32,f,11.37,ps,i00_0057,i00_0058,3,GL,G,low,14,left,0
11/5/2017,p32,f,11.37,ps,i00_0057,i00_0058,5,Y,Y,high,15,left,0
11/5/2017,p32,f,11.37,ps,i00_0057,i00_0058,3,B,B,high,16,left,0
11/5/2017,p32,f,11.37,ps,i00_0057,i00_0058,5,G,G,high,17,left,0
11/5/2017,p32,f,11.37,ps,i00_0057,i00_0058,3,YL,Y,low,18,left,0
11/5/2017,p32,f,11.37,ps,i00_0057,i00_0058,3,C,C,high,19,left,0
11/5/2017,p32,f,11.37,ps,i00_0057,i00_0058,2,GL,G,low,20,left,0
11/5/2017,p32,f,11.37,ps,i00_0057,i00_0058,3,BL,B,low,21,left,0
11/5/2017,p32,f,11.37,ps,i00_0057,i00_0058,2,YL,Y,low,22,left,0
11/5/2017,p32,f,11.37,ps,i00_0057,i00_0058,4,B,B,high,23,left,0
11/5/2017,p32,f,11.37,ps,i00_0057,i00_0058,3,G,G,high,24,left,0
11/5/2017,p32,f,11.37,ps,i00_0057,i00_0058,2,C,C,high,25,left,0
11/5/2017,p32,f,11.37,ps,i00_0057,i00_0058,5,B,B,high,26,left,0
11/5/2017,p32,f,11.37,ps,i00_0057,i00_0058,4,GL,G,low,27,left,0
11/5/2017,p32,f,11.37,ps,i00_0057,i00_0058,4,Y,Y,high,28,left,0
11/5/2017,p33,f,11.42,ps,i00_0059,i00_0060,2,Y,Y,high,1,left,1
11/5/2017,p33,f,11.42,ps,i00_0059,i00_0060,5,BL,B,low,2,left,0
11/5/2017,p33,f,11.42,ps,i00_0059,i00_0060,4,G,G,high,3,left,0
11/5/2017,p33,f,11.42,ps,i00_0059,i00_0060,3,Y,Y,high,4,left,0
11/5/2017,p33,f,11.42,ps,i00_0059,i00_0060,5,C,C,high,5,left,0
11/5/2017,p33,f,11.42,ps,i00_0059,i00_0060,4,BL,B,low,6,left,0
11/5/2017,p33,f,11.42,ps,i00_0059,i00_0060,4,YL,Y,low,7,left,0
11/5/2017,p33,f,11.42,ps,i00_0059,i00_0060,2,B,B,high,8,left,1
11/5/2017,p33,f,11.42,ps,i00_0059,i00_0060,5,GL,G,low,9,left,1
11/5/2017,p33,f,11.42,ps,i00_0059,i00_0060,4,C,C,high,10,left,0
11/5/2017,p33,f,11.42,ps,i00_0059,i00_0060,2,G,G,high,11,left,0
11/5/2017,p33,f,11.42,ps,i00_0059,i00_0060,5,YL,Y,low,12,left,0
11/5/2017,p33,f,11.42,ps,i00_0059,i00_0060,2,BL,B,low,13,left,1
11/5/2017,p33,f,11.42,ps,i00_0059,i00_0060,3,GL,G,low,14,left,0
11/5/2017,p33,f,11.42,ps,i00_0059,i00_0060,5,Y,Y,high,15,left,0
11/5/2017,p33,f,11.42,ps,i00_0059,i00_0060,3,B,B,high,16,left,0
11/5/2017,p33,f,11.42,ps,i00_0059,i00_0060,5,G,G,high,17,left,0
11/5/2017,p33,f,11.42,ps,i00_0059,i00_0060,3,YL,Y,low,18,left,1
11/5/2017,p33,f,11.42,ps,i00_0059,i00_0060,3,C,C,high,19,left,0
11/5/2017,p33,f,11.42,ps,i00_0059,i00_0060,2,GL,G,low,20,left,1
11/5/2017,p33,f,11.42,ps,i00_0059,i00_0060,3,BL,B,low,21,left,0
11/5/2017,p33,f,11.42,ps,i00_0059,i00_0060,2,YL,Y,low,22,left,1
11/5/2017,p33,f,11.42,ps,i00_0059,i00_0060,4,B,B,high,23,left,0
11/5/2017,p33,f,11.42,ps,i00_0059,i00_0060,3,G,G,high,24,left,0
11/5/2017,p33,f,11.42,ps,i00_0059,i00_0060,2,C,C,high,25,left,0
11/5/2017,p33,f,11.42,ps,i00_0059,i00_0060,5,B,B,high,26,left,0
11/5/2017,p33,f,11.42,ps,i00_0059,i00_0060,4,GL,G,low,27,left,0
11/5/2017,p33,f,11.42,ps,i00_0059,i00_0060,4,Y,Y,high,28,left,0
11/5/2017,p34,f,12,ps,i00_0061,i00_0062,2,Y,Y,high,1,left,0
11/5/2017,p34,f,12,ps,i00_0061,i00_0062,5,BL,B,low,2,left,0
11/5/2017,p34,f,12,ps,i00_0061,i00_0062,4,G,G,high,3,left,0
11/5/2017,p34,f,12,ps,i00_0061,i00_0062,3,Y,Y,high,4,left,1
11/5/2017,p34,f,12,ps,i00_0061,i00_0062,5,C,C,high,5,left,0
11/5/2017,p34,f,12,ps,i00_0061,i00_0062,4,BL,B,low,6,left,1
11/5/2017,p34,f,12,ps,i00_0061,i00_0062,4,YL,Y,low,7,left,0
11/5/2017,p34,f,12,ps,i00_0061,i00_0062,2,B,B,high,8,left,1
11/5/2017,p34,f,12,ps,i00_0061,i00_0062,5,GL,G,low,9,left,0
11/5/2017,p34,f,12,ps,i00_0061,i00_0062,4,C,C,high,10,left,0
11/5/2017,p34,f,12,ps,i00_0061,i00_0062,2,G,G,high,11,left,0
11/5/2017,p34,f,12,ps,i00_0061,i00_0062,5,YL,Y,low,12,left,0
11/5/2017,p34,f,12,ps,i00_0061,i00_0062,2,BL,B,low,13,left,1
11/5/2017,p34,f,12,ps,i00_0061,i00_0062,3,GL,G,low,14,left,1
11/5/2017,p34,f,12,ps,i00_0061,i00_0062,5,Y,Y,high,15,left,0
11/5/2017,p34,f,12,ps,i00_0061,i00_0062,3,B,B,high,16,left,1
11/5/2017,p34,f,12,ps,i00_0061,i00_0062,5,G,G,high,17,left,0
11/5/2017,p34,f,12,ps,i00_0061,i00_0062,3,YL,Y,low,18,left,1
11/5/2017,p34,f,12,ps,i00_0061,i00_0062,3,C,C,high,19,left,0
11/5/2017,p34,f,12,ps,i00_0061,i00_0062,2,GL,G,low,20,left,0
11/5/2017,p34,f,12,ps,i00_0061,i00_0062,3,BL,B,low,21,left,0
11/5/2017,p34,f,12,ps,i00_0061,i00_0062,2,YL,Y,low,22,left,1
11/5/2017,p34,f,12,ps,i00_0061,i00_0062,4,B,B,high,23,left,0
11/5/2017,p34,f,12,ps,i00_0061,i00_0062,3,G,G,high,24,left,1
11/5/2017,p34,f,12,ps,i00_0061,i00_0062,2,C,C,high,25,left,0
11/5/2017,p34,f,12,ps,i00_0061,i00_0062,5,B,B,high,26,left,0
11/5/2017,p34,f,12,ps,i00_0061,i00_0062,4,GL,G,low,27,left,0
11/5/2017,p34,f,12,ps,i00_0061,i00_0062,4,Y,Y,high,28,left,0
11/5/2017,p35,f,12.18,ps,i00_0063,i00_0064,2,Y,Y,high,1,left,0
11/5/2017,p35,f,12.18,ps,i00_0063,i00_0064,5,BL,B,low,2,left,0
11/5/2017,p35,f,12.18,ps,i00_0063,i00_0064,4,G,G,high,3,left,0
11/5/2017,p35,f,12.18,ps,i00_0063,i00_0064,3,Y,Y,high,4,left,0
11/5/2017,p35,f,12.18,ps,i00_0063,i00_0064,5,C,C,high,5,left,0
11/5/2017,p35,f,12.18,ps,i00_0063,i00_0064,4,BL,B,low,6,left,0
11/5/2017,p35,f,12.18,ps,i00_0063,i00_0064,4,YL,Y,low,7,left,0
11/5/2017,p35,f,12.18,ps,i00_0063,i00_0064,2,B,B,high,8,left,0
11/5/2017,p35,f,12.18,ps,i00_0063,i00_0064,5,GL,G,low,9,left,0
11/5/2017,p35,f,12.18,ps,i00_0063,i00_0064,4,C,C,high,10,left,0
11/5/2017,p35,f,12.18,ps,i00_0063,i00_0064,2,G,G,high,11,left,1
11/5/2017,p35,f,12.18,ps,i00_0063,i00_0064,5,YL,Y,low,12,left,1
11/5/2017,p35,f,12.18,ps,i00_0063,i00_0064,2,BL,B,low,13,left,0
11/5/2017,p35,f,12.18,ps,i00_0063,i00_0064,3,GL,G,low,14,left,0
11/5/2017,p35,f,12.18,ps,i00_0063,i00_0064,5,Y,Y,high,15,left,1
11/5/2017,p35,f,12.18,ps,i00_0063,i00_0064,3,B,B,high,16,left,1
11/5/2017,p35,f,12.18,ps,i00_0063,i00_0064,5,G,G,high,17,left,0
11/5/2017,p35,f,12.18,ps,i00_0063,i00_0064,3,YL,Y,low,18,left,1
11/5/2017,p35,f,12.18,ps,i00_0063,i00_0064,3,C,C,high,19,left,0
11/5/2017,p35,f,12.18,ps,i00_0063,i00_0064,2,GL,G,low,20,left,1
11/5/2017,p35,f,12.18,ps,i00_0063,i00_0064,3,BL,B,low,21,left,1
11/5/2017,p35,f,12.18,ps,i00_0063,i00_0064,2,YL,Y,low,22,left,1
11/5/2017,p35,f,12.18,ps,i00_0063,i00_0064,4,B,B,high,23,left,0
11/5/2017,p35,f,12.18,ps,i00_0063,i00_0064,3,G,G,high,24,left,0
11/5/2017,p35,f,12.18,ps,i00_0063,i00_0064,2,C,C,high,25,left,0
11/5/2017,p35,f,12.18,ps,i00_0063,i00_0064,5,B,B,high,26,left,0
11/5/2017,p35,f,12.18,ps,i00_0063,i00_0064,4,GL,G,low,27,left,1
11/5/2017,p35,f,12.18,ps,i00_0063,i00_0064,4,Y,Y,high,28,left,0
11/5/2017,p36,f,12.23,ps,i00_0065,i00_0066,2,Y,Y,high,1,left,1
11/5/2017,p36,f,12.23,ps,i00_0065,i00_0066,5,BL,B,low,2,left,0
11/5/2017,p36,f,12.23,ps,i00_0065,i00_0066,4,G,G,high,3,left,0
11/5/2017,p36,f,12.23,ps,i00_0065,i00_0066,3,Y,Y,high,4,left,0
11/5/2017,p36,f,12.23,ps,i00_0065,i00_0066,5,C,C,high,5,left,0
11/5/2017,p36,f,12.23,ps,i00_0065,i00_0066,4,BL,B,low,6,left,0
11/5/2017,p36,f,12.23,ps,i00_0065,i00_0066,4,YL,Y,low,7,left,0
11/5/2017,p36,f,12.23,ps,i00_0065,i00_0066,2,B,B,high,8,left,1
11/5/2017,p36,f,12.23,ps,i00_0065,i00_0066,5,GL,G,low,9,left,0
11/5/2017,p36,f,12.23,ps,i00_0065,i00_0066,4,C,C,high,10,left,0
11/5/2017,p36,f,12.23,ps,i00_0065,i00_0066,2,G,G,high,11,left,0
11/5/2017,p36,f,12.23,ps,i00_0065,i00_0066,5,YL,Y,low,12,left,0
11/5/2017,p36,f,12.23,ps,i00_0065,i00_0066,2,BL,B,low,13,left,1
11/5/2017,p36,f,12.23,ps,i00_0065,i00_0066,3,GL,G,low,14,left,0
11/5/2017,p36,f,12.23,ps,i00_0065,i00_0066,5,Y,Y,high,15,left,0
11/5/2017,p36,f,12.23,ps,i00_0065,i00_0066,3,B,B,high,16,left,0
11/5/2017,p36,f,12.23,ps,i00_0065,i00_0066,5,G,G,high,17,left,0
11/5/2017,p36,f,12.23,ps,i00_0065,i00_0066,3,YL,Y,low,18,left,1
11/5/2017,p36,f,12.23,ps,i00_0065,i00_0066,3,C,C,high,19,left,0
11/5/2017,p36,f,12.23,ps,i00_0065,i00_0066,2,GL,G,low,20,left,1
11/5/2017,p36,f,12.23,ps,i00_0065,i00_0066,3,BL,B,low,21,left,0
11/5/2017,p36,f,12.23,ps,i00_0065,i00_0066,2,YL,Y,low,22,left,1
11/5/2017,p36,f,12.23,ps,i00_0065,i00_0066,4,B,B,high,23,left,0
11/5/2017,p36,f,12.23,ps,i00_0065,i00_0066,3,G,G,high,24,left,0
11/5/2017,p36,f,12.23,ps,i00_0065,i00_0066,2,C,C,high,25,left,0
11/5/2017,p36,f,12.23,ps,i00_0065,i00_0066,5,B,B,high,26,left,0
11/5/2017,p36,f,12.23,ps,i00_0065,i00_0066,4,GL,G,low,27,left,0
11/5/2017,p36,f,12.23,ps,i00_0065,i00_0066,4,Y,Y,high,28,left,0
11/5/2017,p37,m,12.57,su,NA,NA,2,Y,Y,high,1,left,1
11/5/2017,p37,m,12.57,su,NA,NA,5,BL,B,low,2,left,0
11/5/2017,p37,m,12.57,su,NA,NA,4,G,G,high,3,left,0
11/5/2017,p37,m,12.57,su,NA,NA,3,Y,Y,high,4,left,0
11/5/2017,p37,m,12.57,su,NA,NA,5,C,C,high,5,left,0
11/5/2017,p37,m,12.57,su,NA,NA,4,BL,B,low,6,left,0
11/5/2017,p37,m,12.57,su,NA,NA,4,YL,Y,low,7,left,1
11/5/2017,p37,m,12.57,su,NA,NA,2,B,B,high,8,left,0
11/5/2017,p37,m,12.57,su,NA,NA,5,GL,G,low,9,left,0
11/5/2017,p37,m,12.57,su,NA,NA,4,C,C,high,10,left,0
11/5/2017,p37,m,12.57,su,NA,NA,2,G,G,high,11,left,0
11/5/2017,p37,m,12.57,su,NA,NA,5,YL,Y,low,12,left,1
11/5/2017,p37,m,12.57,su,NA,NA,2,BL,B,low,13,left,0
11/5/2017,p37,m,12.57,su,NA,NA,3,GL,G,low,14,left,1
11/5/2017,p37,m,12.57,su,NA,NA,5,Y,Y,high,15,left,0
11/5/2017,p37,m,12.57,su,NA,NA,3,B,B,high,16,left,0
11/5/2017,p37,m,12.57,su,NA,NA,5,G,G,high,17,left,0
11/5/2017,p37,m,12.57,su,NA,NA,3,YL,Y,low,18,left,1
11/5/2017,p37,m,12.57,su,NA,NA,3,C,C,high,19,left,0
11/5/2017,p37,m,12.57,su,NA,NA,2,GL,G,low,20,left,1
11/5/2017,p37,m,12.57,su,NA,NA,3,BL,B,low,21,left,1
11/5/2017,p37,m,12.57,su,NA,NA,2,YL,Y,low,22,left,0
11/5/2017,p37,m,12.57,su,NA,NA,4,B,B,high,23,left,1
11/5/2017,p37,m,12.57,su,NA,NA,3,G,G,high,24,left,0
11/5/2017,p37,m,12.57,su,NA,NA,2,C,C,high,25,left,0
11/5/2017,p37,m,12.57,su,NA,NA,5,B,B,high,26,left,1
11/5/2017,p37,m,12.57,su,NA,NA,4,GL,G,low,27,left,1
11/5/2017,p37,m,12.57,su,NA,NA,4,Y,Y,high,28,left,1
11/5/2017,p38,f,13.02,sh,i00_0067,i00_0068,2,Y,Y,high,1,left,0
11/5/2017,p38,f,13.02,sh,i00_0067,i00_0068,5,BL,B,low,2,left,0
11/5/2017,p38,f,13.02,sh,i00_0067,i00_0068,4,G,G,high,3,left,0
11/5/2017,p38,f,13.02,sh,i00_0067,i00_0068,3,Y,Y,high,4,left,0
11/5/2017,p38,f,13.02,sh,i00_0067,i00_0068,5,C,C,high,5,left,0
11/5/2017,p38,f,13.02,sh,i00_0067,i00_0068,4,BL,B,low,6,left,0
11/5/2017,p38,f,13.02,sh,i00_0067,i00_0068,4,YL,Y,low,7,left,1
11/5/2017,p38,f,13.02,sh,i00_0067,i00_0068,2,B,B,high,8,left,0
11/5/2017,p38,f,13.02,sh,i00_0067,i00_0068,5,GL,G,low,9,left,0
11/5/2017,p38,f,13.02,sh,i00_0067,i00_0068,4,C,C,high,10,left,0
11/5/2017,p38,f,13.02,sh,i00_0067,i00_0068,2,G,G,high,11,left,0
11/5/2017,p38,f,13.02,sh,i00_0067,i00_0068,5,YL,Y,low,12,left,0
11/5/2017,p38,f,13.02,sh,i00_0067,i00_0068,2,BL,B,low,13,left,0
11/5/2017,p38,f,13.02,sh,i00_0067,i00_0068,3,GL,G,low,14,left,1
11/5/2017,p38,f,13.02,sh,i00_0067,i00_0068,5,Y,Y,high,15,left,0
11/5/2017,p38,f,13.02,sh,i00_0067,i00_0068,3,B,B,high,16,left,1
11/5/2017,p38,f,13.02,sh,i00_0067,i00_0068,5,G,G,high,17,left,0
11/5/2017,p38,f,13.02,sh,i00_0067,i00_0068,3,YL,Y,low,18,left,1
11/5/2017,p38,f,13.02,sh,i00_0067,i00_0068,3,C,C,high,19,left,0
11/5/2017,p38,f,13.02,sh,i00_0067,i00_0068,2,GL,G,low,20,left,1
11/5/2017,p38,f,13.02,sh,i00_0067,i00_0068,3,BL,B,low,21,left,1
11/5/2017,p38,f,13.02,sh,i00_0067,i00_0068,2,YL,Y,low,22,left,1
11/5/2017,p38,f,13.02,sh,i00_0067,i00_0068,4,B,B,high,23,left,0
11/5/2017,p38,f,13.02,sh,i00_0067,i00_0068,3,G,G,high,24,left,0
11/5/2017,p38,f,13.02,sh,i00_0067,i00_0068,2,C,C,high,25,left,0
11/5/2017,p38,f,13.02,sh,i00_0067,i00_0068,5,B,B,high,26,left,1
11/5/2017,p38,f,13.02,sh,i00_0067,i00_0068,4,GL,G,low,27,left,0
11/5/2017,p38,f,13.02,sh,i00_0067,i00_0068,4,Y,Y,high,28,left,1
11/5/2017,p39,m,13.26,sh,i00_0069,i00_0070,2,Y,Y,high,1,left,1
11/5/2017,p39,m,13.26,sh,i00_0069,i00_0070,5,BL,B,low,2,left,0
11/5/2017,p39,m,13.26,sh,i00_0069,i00_0070,4,G,G,high,3,left,0
11/5/2017,p39,m,13.26,sh,i00_0069,i00_0070,3,Y,Y,high,4,left,0
11/5/2017,p39,m,13.26,sh,i00_0069,i00_0070,5,C,C,high,5,left,0
11/5/2017,p39,m,13.26,sh,i00_0069,i00_0070,4,BL,B,low,6,left,0
11/5/2017,p39,m,13.26,sh,i00_0069,i00_0070,4,YL,Y,low,7,left,0
11/5/2017,p39,m,13.26,sh,i00_0069,i00_0070,2,B,B,high,8,left,1
11/5/2017,p39,m,13.26,sh,i00_0069,i00_0070,5,GL,G,low,9,left,0
11/5/2017,p39,m,13.26,sh,i00_0069,i00_0070,4,C,C,high,10,left,0
11/5/2017,p39,m,13.26,sh,i00_0069,i00_0070,2,G,G,high,11,left,0
11/5/2017,p39,m,13.26,sh,i00_0069,i00_0070,5,YL,Y,low,12,left,0
11/5/2017,p39,m,13.26,sh,i00_0069,i00_0070,2,BL,B,low,13,left,0
11/5/2017,p39,m,13.26,sh,i00_0069,i00_0070,3,GL,G,low,14,left,0
11/5/2017,p39,m,13.26,sh,i00_0069,i00_0070,5,Y,Y,high,15,left,0
11/5/2017,p39,m,13.26,sh,i00_0069,i00_0070,3,B,B,high,16,left,0
11/5/2017,p39,m,13.26,sh,i00_0069,i00_0070,5,G,G,high,17,left,0
11/5/2017,p39,m,13.26,sh,i00_0069,i00_0070,3,YL,Y,low,18,left,0
11/5/2017,p39,m,13.26,sh,i00_0069,i00_0070,3,C,C,high,19,left,0
11/5/2017,p39,m,13.26,sh,i00_0069,i00_0070,2,GL,G,low,20,left,1
11/5/2017,p39,m,13.26,sh,i00_0069,i00_0070,3,BL,B,low,21,left,0
11/5/2017,p39,m,13.26,sh,i00_0069,i00_0070,2,YL,Y,low,22,left,0
11/5/2017,p39,m,13.26,sh,i00_0069,i00_0070,4,B,B,high,23,left,0
11/5/2017,p39,m,13.26,sh,i00_0069,i00_0070,3,G,G,high,24,left,1
11/5/2017,p39,m,13.26,sh,i00_0069,i00_0070,2,C,C,high,25,left,0
11/5/2017,p39,m,13.26,sh,i00_0069,i00_0070,5,B,B,high,26,left,0
11/5/2017,p39,m,13.26,sh,i00_0069,i00_0070,4,GL,G,low,27,left,0
11/5/2017,p39,m,13.26,sh,i00_0069,i00_0070,4,Y,Y,high,28,left,0
11/5/2017,p40,m,13.39,sh,i00_0073,i00_0074,2,Y,Y,high,1,left,0
11/5/2017,p40,m,13.39,sh,i00_0073,i00_0074,5,BL,B,low,2,left,0
11/5/2017,p40,m,13.39,sh,i00_0073,i00_0074,4,G,G,high,3,left,0
11/5/2017,p40,m,13.39,sh,i00_0073,i00_0074,3,Y,Y,high,4,left,0
11/5/2017,p40,m,13.39,sh,i00_0073,i00_0074,5,C,C,high,5,left,0
11/5/2017,p40,m,13.39,sh,i00_0073,i00_0074,4,BL,B,low,6,left,1
11/5/2017,p40,m,13.39,sh,i00_0073,i00_0074,4,YL,Y,low,7,left,0
11/5/2017,p40,m,13.39,sh,i00_0073,i00_0074,2,B,B,high,8,left,0
11/5/2017,p40,m,13.39,sh,i00_0073,i00_0074,5,GL,G,low,9,left,0
11/5/2017,p40,m,13.39,sh,i00_0073,i00_0074,4,C,C,high,10,left,0
11/5/2017,p40,m,13.39,sh,i00_0073,i00_0074,2,G,G,high,11,left,0
11/5/2017,p40,m,13.39,sh,i00_0073,i00_0074,5,YL,Y,low,12,left,0
11/5/2017,p40,m,13.39,sh,i00_0073,i00_0074,2,BL,B,low,13,left,0
11/5/2017,p40,m,13.39,sh,i00_0073,i00_0074,3,GL,G,low,14,left,0
11/5/2017,p40,m,13.39,sh,i00_0073,i00_0074,5,Y,Y,high,15,left,0
11/5/2017,p40,m,13.39,sh,i00_0073,i00_0074,3,B,B,high,16,left,1
11/5/2017,p40,m,13.39,sh,i00_0073,i00_0074,5,G,G,high,17,left,1
11/5/2017,p40,m,13.39,sh,i00_0073,i00_0074,3,YL,Y,low,18,left,1
11/5/2017,p40,m,13.39,sh,i00_0073,i00_0074,3,C,C,high,19,left,0
11/5/2017,p40,m,13.39,sh,i00_0073,i00_0074,2,GL,G,low,20,left,0
11/5/2017,p40,m,13.39,sh,i00_0073,i00_0074,3,BL,B,low,21,left,0
11/5/2017,p40,m,13.39,sh,i00_0073,i00_0074,2,YL,Y,low,22,left,0
11/5/2017,p40,m,13.39,sh,i00_0073,i00_0074,4,B,B,high,23,left,0
11/5/2017,p40,m,13.39,sh,i00_0073,i00_0074,3,G,G,high,24,left,0
11/5/2017,p40,m,13.39,sh,i00_0073,i00_0074,2,C,C,high,25,left,0
11/5/2017,p40,m,13.39,sh,i00_0073,i00_0074,5,B,B,high,26,left,0
11/5/2017,p40,m,13.39,sh,i00_0073,i00_0074,4,GL,G,low,27,left,0
11/5/2017,p40,m,13.39,sh,i00_0073,i00_0074,4,Y,Y,high,28,left,0
11/5/2017,p41,f,13.43,ps,i00_0075,i00_0076,2,Y,Y,high,1,left,0
11/5/2017,p41,f,13.43,ps,i00_0075,i00_0076,5,BL,B,low,2,left,0
11/5/2017,p41,f,13.43,ps,i00_0075,i00_0076,4,G,G,high,3,left,0
11/5/2017,p41,f,13.43,ps,i00_0075,i00_0076,3,Y,Y,high,4,left,0
11/5/2017,p41,f,13.43,ps,i00_0075,i00_0076,5,C,C,high,5,left,0
11/5/2017,p41,f,13.43,ps,i00_0075,i00_0076,4,BL,B,low,6,left,0
11/5/2017,p41,f,13.43,ps,i00_0075,i00_0076,4,YL,Y,low,7,left,0
11/5/2017,p41,f,13.43,ps,i00_0075,i00_0076,2,B,B,high,8,left,0
11/5/2017,p41,f,13.43,ps,i00_0075,i00_0076,5,GL,G,low,9,left,0
11/5/2017,p41,f,13.43,ps,i00_0075,i00_0076,4,C,C,high,10,left,0
11/5/2017,p41,f,13.43,ps,i00_0075,i00_0076,2,G,G,high,11,left,0
11/5/2017,p41,f,13.43,ps,i00_0075,i00_0076,5,YL,Y,low,12,left,0
11/5/2017,p41,f,13.43,ps,i00_0075,i00_0076,2,BL,B,low,13,left,0
11/5/2017,p41,f,13.43,ps,i00_0075,i00_0076,3,GL,G,low,14,left,1
11/5/2017,p41,f,13.43,ps,i00_0075,i00_0076,5,Y,Y,high,15,left,0
11/5/2017,p41,f,13.43,ps,i00_0075,i00_0076,3,B,B,high,16,left,0
11/5/2017,p41,f,13.43,ps,i00_0075,i00_0076,5,G,G,high,17,left,0
11/5/2017,p41,f,13.43,ps,i00_0075,i00_0076,3,YL,Y,low,18,left,0
11/5/2017,p41,f,13.43,ps,i00_0075,i00_0076,3,C,C,high,19,left,1
11/5/2017,p41,f,13.43,ps,i00_0075,i00_0076,2,GL,G,low,20,left,0
11/5/2017,p41,f,13.43,ps,i00_0075,i00_0076,3,BL,B,low,21,left,0
11/5/2017,p41,f,13.43,ps,i00_0075,i00_0076,2,YL,Y,low,22,left,0
11/5/2017,p41,f,13.43,ps,i00_0075,i00_0076,4,B,B,high,23,left,0
11/5/2017,p41,f,13.43,ps,i00_0075,i00_0076,3,G,G,high,24,left,0
11/5/2017,p41,f,13.43,ps,i00_0075,i00_0076,2,C,C,high,25,left,1
11/5/2017,p41,f,13.43,ps,i00_0075,i00_0076,5,B,B,high,26,left,0
11/5/2017,p41,f,13.43,ps,i00_0075,i00_0076,4,GL,G,low,27,left,0
11/5/2017,p41,f,13.43,ps,i00_0075,i00_0076,4,Y,Y,high,28,left,0
11/5/2017,p42,f,13.47,sh,i00_0077,i00_0078,2,Y,Y,high,1,left,0
11/5/2017,p42,f,13.47,sh,i00_0077,i00_0078,5,BL,B,low,2,left,0
11/5/2017,p42,f,13.47,sh,i00_0077,i00_0078,4,G,G,high,3,left,0
11/5/2017,p42,f,13.47,sh,i00_0077,i00_0078,3,Y,Y,high,4,left,0
11/5/2017,p42,f,13.47,sh,i00_0077,i00_0078,5,C,C,high,5,left,0
11/5/2017,p42,f,13.47,sh,i00_0077,i00_0078,4,BL,B,low,6,left,1
11/5/2017,p42,f,13.47,sh,i00_0077,i00_0078,4,YL,Y,low,7,left,0
11/5/2017,p42,f,13.47,sh,i00_0077,i00_0078,2,B,B,high,8,left,0
11/5/2017,p42,f,13.47,sh,i00_0077,i00_0078,5,GL,G,low,9,left,0
11/5/2017,p42,f,13.47,sh,i00_0077,i00_0078,4,C,C,high,10,left,0
11/5/2017,p42,f,13.47,sh,i00_0077,i00_0078,2,G,G,high,11,left,0
11/5/2017,p42,f,13.47,sh,i00_0077,i00_0078,5,YL,Y,low,12,left,0
11/5/2017,p42,f,13.47,sh,i00_0077,i00_0078,2,BL,B,low,13,left,1
11/5/2017,p42,f,13.47,sh,i00_0077,i00_0078,3,GL,G,low,14,left,0
11/5/2017,p42,f,13.47,sh,i00_0077,i00_0078,5,Y,Y,high,15,left,0
11/5/2017,p42,f,13.47,sh,i00_0077,i00_0078,3,B,B,high,16,left,1
11/5/2017,p42,f,13.47,sh,i00_0077,i00_0078,5,G,G,high,17,left,0
11/5/2017,p42,f,13.47,sh,i00_0077,i00_0078,3,YL,Y,low,18,left,1
11/5/2017,p42,f,13.47,sh,i00_0077,i00_0078,3,C,C,high,19,left,0
11/5/2017,p42,f,13.47,sh,i00_0077,i00_0078,2,GL,G,low,20,left,1
11/5/2017,p42,f,13.47,sh,i00_0077,i00_0078,3,BL,B,low,21,left,1
11/5/2017,p42,f,13.47,sh,i00_0077,i00_0078,2,YL,Y,low,22,left,0
11/5/2017,p42,f,13.47,sh,i00_0077,i00_0078,4,B,B,high,23,left,1
11/5/2017,p42,f,13.47,sh,i00_0077,i00_0078,3,G,G,high,24,left,0
11/5/2017,p42,f,13.47,sh,i00_0077,i00_0078,2,C,C,high,25,left,0
11/5/2017,p42,f,13.47,sh,i00_0077,i00_0078,5,B,B,high,26,left,0
11/5/2017,p42,f,13.47,sh,i00_0077,i00_0078,4,GL,G,low,27,left,0
11/5/2017,p42,f,13.47,sh,i00_0077,i00_0078,4,Y,Y,high,28,left,1
11/5/2017,p43,f,13.53,sh,i00_0079,i00_0080,2,Y,Y,high,1,left,0
11/5/2017,p43,f,13.53,sh,i00_0079,i00_0080,5,BL,B,low,2,left,0
11/5/2017,p43,f,13.53,sh,i00_0079,i00_0080,4,G,G,high,3,left,1
11/5/2017,p43,f,13.53,sh,i00_0079,i00_0080,3,Y,Y,high,4,left,1
11/5/2017,p43,f,13.53,sh,i00_0079,i00_0080,5,C,C,high,5,left,0
11/5/2017,p43,f,13.53,sh,i00_0079,i00_0080,4,BL,B,low,6,left,0
11/5/2017,p43,f,13.53,sh,i00_0079,i00_0080,4,YL,Y,low,7,left,0
11/5/2017,p43,f,13.53,sh,i00_0079,i00_0080,2,B,B,high,8,left,0
11/5/2017,p43,f,13.53,sh,i00_0079,i00_0080,5,GL,G,low,9,left,0
11/5/2017,p43,f,13.53,sh,i00_0079,i00_0080,4,C,C,high,10,left,0
11/5/2017,p43,f,13.53,sh,i00_0079,i00_0080,2,G,G,high,11,left,0
11/5/2017,p43,f,13.53,sh,i00_0079,i00_0080,5,YL,Y,low,12,left,0
11/5/2017,p43,f,13.53,sh,i00_0079,i00_0080,2,BL,B,low,13,left,1
11/5/2017,p43,f,13.53,sh,i00_0079,i00_0080,3,GL,G,low,14,left,1
11/5/2017,p43,f,13.53,sh,i00_0079,i00_0080,5,Y,Y,high,15,left,0
11/5/2017,p43,f,13.53,sh,i00_0079,i00_0080,3,B,B,high,16,left,0
11/5/2017,p43,f,13.53,sh,i00_0079,i00_0080,5,G,G,high,17,left,0
11/5/2017,p43,f,13.53,sh,i00_0079,i00_0080,3,YL,Y,low,18,left,1
11/5/2017,p43,f,13.53,sh,i00_0079,i00_0080,3,C,C,high,19,left,0
11/5/2017,p43,f,13.53,sh,i00_0079,i00_0080,2,GL,G,low,20,left,1
11/5/2017,p43,f,13.53,sh,i00_0079,i00_0080,3,BL,B,low,21,left,0
11/5/2017,p43,f,13.53,sh,i00_0079,i00_0080,2,YL,Y,low,22,left,1
11/5/2017,p43,f,13.53,sh,i00_0079,i00_0080,4,B,B,high,23,left,0
11/5/2017,p43,f,13.53,sh,i00_0079,i00_0080,3,G,G,high,24,left,1
11/5/2017,p43,f,13.53,sh,i00_0079,i00_0080,2,C,C,high,25,left,0
11/5/2017,p43,f,13.53,sh,i00_0079,i00_0080,5,B,B,high,26,left,0
11/5/2017,p43,f,13.53,sh,i00_0079,i00_0080,4,GL,G,low,27,left,1
11/5/2017,p43,f,13.53,sh,i00_0079,i00_0080,4,Y,Y,high,28,left,1
12/5/2017,p44,m,11.42,ps,i00_0084,i00_0085,2,BL,B,low,1,left,1
12/5/2017,p44,m,11.42,ps,i00_0084,i00_0085,5,C,C,high,2,left,0
12/5/2017,p44,m,11.42,ps,i00_0084,i00_0085,2,YL,Y,low,3,left,1
12/5/2017,p44,m,11.42,ps,i00_0084,i00_0085,2,GL,G,low,4,left,1
12/5/2017,p44,m,11.42,ps,i00_0084,i00_0085,4,B,B,high,5,left,1
12/5/2017,p44,m,11.42,ps,i00_0084,i00_0085,4,G,G,high,6,left,0
12/5/2017,p44,m,11.42,ps,i00_0084,i00_0085,4,BL,B,low,7,left,1
12/5/2017,p44,m,11.42,ps,i00_0084,i00_0085,5,Y,Y,high,8,left,0
12/5/2017,p44,m,11.42,ps,i00_0084,i00_0085,4,C,C,high,9,left,0
12/5/2017,p44,m,11.42,ps,i00_0084,i00_0085,3,B,B,high,10,left,1
12/5/2017,p44,m,11.42,ps,i00_0084,i00_0085,4,GL,G,low,11,left,0
12/5/2017,p44,m,11.42,ps,i00_0084,i00_0085,4,Y,Y,high,12,left,0
12/5/2017,p44,m,11.42,ps,i00_0084,i00_0085,5,G,G,high,13,left,0
12/5/2017,p44,m,11.42,ps,i00_0084,i00_0085,2,B,B,high,14,left,1
12/5/2017,p44,m,11.42,ps,i00_0084,i00_0085,2,Y,Y,high,15,left,1
12/5/2017,p44,m,11.42,ps,i00_0084,i00_0085,5,GL,G,low,16,left,0
12/5/2017,p44,m,11.42,ps,i00_0084,i00_0085,5,B,B,high,17,left,0
12/5/2017,p44,m,11.42,ps,i00_0084,i00_0085,5,YL,Y,low,18,left,0
12/5/2017,p44,m,11.42,ps,i00_0084,i00_0085,2,G,G,high,19,left,0
12/5/2017,p44,m,11.42,ps,i00_0084,i00_0085,2,C,C,high,20,left,0
12/5/2017,p44,m,11.42,ps,i00_0084,i00_0085,3,Y,Y,high,21,left,0
12/5/2017,p44,m,11.42,ps,i00_0084,i00_0085,5,BL,B,low,22,left,0
12/5/2017,p44,m,11.42,ps,i00_0084,i00_0085,3,C,C,high,23,left,0
12/5/2017,p44,m,11.42,ps,i00_0084,i00_0085,4,YL,Y,low,24,left,1
12/5/2017,p44,m,11.42,ps,i00_0084,i00_0085,3,GL,G,low,25,left,0
12/5/2017,p44,m,11.42,ps,i00_0084,i00_0085,3,YL,Y,low,26,left,1
12/5/2017,p44,m,11.42,ps,i00_0084,i00_0085,3,BL,B,low,27,left,0
12/5/2017,p44,m,11.42,ps,i00_0084,i00_0085,3,G,G,high,28,left,0
12/5/2017,p45,f,11.45,sh,i00_0086,i00_0087,2,BL,B,low,1,left,0
12/5/2017,p45,f,11.45,sh,i00_0086,i00_0087,5,C,C,high,2,left,0
12/5/2017,p45,f,11.45,sh,i00_0086,i00_0087,2,YL,Y,low,3,left,1
12/5/2017,p45,f,11.45,sh,i00_0086,i00_0087,2,GL,G,low,4,left,0
12/5/2017,p45,f,11.45,sh,i00_0086,i00_0087,4,B,B,high,5,left,0
12/5/2017,p45,f,11.45,sh,i00_0086,i00_0087,4,G,G,high,6,left,0
12/5/2017,p45,f,11.45,sh,i00_0086,i00_0087,4,BL,B,low,7,left,0
12/5/2017,p45,f,11.45,sh,i00_0086,i00_0087,5,Y,Y,high,8,left,0
12/5/2017,p45,f,11.45,sh,i00_0086,i00_0087,4,C,C,high,9,left,0
12/5/2017,p45,f,11.45,sh,i00_0086,i00_0087,3,B,B,high,10,left,0
12/5/2017,p45,f,11.45,sh,i00_0086,i00_0087,4,GL,G,low,11,left,0
12/5/2017,p45,f,11.45,sh,i00_0086,i00_0087,4,Y,Y,high,12,left,0
12/5/2017,p45,f,11.45,sh,i00_0086,i00_0087,5,G,G,high,13,left,0
12/5/2017,p45,f,11.45,sh,i00_0086,i00_0087,2,B,B,high,14,left,1
12/5/2017,p45,f,11.45,sh,i00_0086,i00_0087,2,Y,Y,high,15,left,0
12/5/2017,p45,f,11.45,sh,i00_0086,i00_0087,5,GL,G,low,16,left,0
12/5/2017,p45,f,11.45,sh,i00_0086,i00_0087,5,B,B,high,17,left,0
12/5/2017,p45,f,11.45,sh,i00_0086,i00_0087,5,YL,Y,low,18,left,0
12/5/2017,p45,f,11.45,sh,i00_0086,i00_0087,2,G,G,high,19,left,1
12/5/2017,p45,f,11.45,sh,i00_0086,i00_0087,2,C,C,high,20,left,0
12/5/2017,p45,f,11.45,sh,i00_0086,i00_0087,3,Y,Y,high,21,left,1
12/5/2017,p45,f,11.45,sh,i00_0086,i00_0087,5,BL,B,low,22,left,0
12/5/2017,p45,f,11.45,sh,i00_0086,i00_0087,3,C,C,high,23,left,0
12/5/2017,p45,f,11.45,sh,i00_0086,i00_0087,4,YL,Y,low,24,left,0
12/5/2017,p45,f,11.45,sh,i00_0086,i00_0087,3,GL,G,low,25,left,0
12/5/2017,p45,f,11.45,sh,i00_0086,i00_0087,3,YL,Y,low,26,left,0
12/5/2017,p45,f,11.45,sh,i00_0086,i00_0087,3,BL,B,low,27,left,0
12/5/2017,p45,f,11.45,sh,i00_0086,i00_0087,3,G,G,high,28,left,0
12/5/2017,p46,f,12.08,su,i00_0089,i00_0090,2,BL,B,low,1,left,0
12/5/2017,p46,f,12.08,su,i00_0089,i00_0090,5,C,C,high,2,left,0
12/5/2017,p46,f,12.08,su,i00_0089,i00_0090,2,YL,Y,low,3,left,1
12/5/2017,p46,f,12.08,su,i00_0089,i00_0090,2,GL,G,low,4,left,1
12/5/2017,p46,f,12.08,su,i00_0089,i00_0090,4,B,B,high,5,left,0
12/5/2017,p46,f,12.08,su,i00_0089,i00_0090,4,G,G,high,6,left,0
12/5/2017,p46,f,12.08,su,i00_0089,i00_0090,4,BL,B,low,7,left,1
12/5/2017,p46,f,12.08,su,i00_0089,i00_0090,5,Y,Y,high,8,left,0
12/5/2017,p46,f,12.08,su,i00_0089,i00_0090,4,C,C,high,9,left,0
12/5/2017,p46,f,12.08,su,i00_0089,i00_0090,3,B,B,high,10,left,0
12/5/2017,p46,f,12.08,su,i00_0089,i00_0090,4,GL,G,low,11,left,0
12/5/2017,p46,f,12.08,su,i00_0089,i00_0090,4,Y,Y,high,12,left,1
12/5/2017,p46,f,12.08,su,i00_0089,i00_0090,5,G,G,high,13,left,0
12/5/2017,p46,f,12.08,su,i00_0089,i00_0090,2,B,B,high,14,left,0
12/5/2017,p46,f,12.08,su,i00_0089,i00_0090,2,Y,Y,high,15,left,1
12/5/2017,p46,f,12.08,su,i00_0089,i00_0090,5,GL,G,low,16,left,0
12/5/2017,p46,f,12.08,su,i00_0089,i00_0090,5,B,B,high,17,left,0
12/5/2017,p46,f,12.08,su,i00_0089,i00_0090,5,YL,Y,low,18,left,1
12/5/2017,p46,f,12.08,su,i00_0089,i00_0090,2,G,G,high,19,left,1
12/5/2017,p46,f,12.08,su,i00_0089,i00_0090,2,C,C,high,20,left,0
12/5/2017,p46,f,12.08,su,i00_0089,i00_0090,3,Y,Y,high,21,left,0
12/5/2017,p46,f,12.08,su,i00_0089,i00_0090,5,BL,B,low,22,left,0
12/5/2017,p46,f,12.08,su,i00_0089,i00_0090,3,C,C,high,23,left,0
12/5/2017,p46,f,12.08,su,i00_0089,i00_0090,4,YL,Y,low,24,left,1
12/5/2017,p46,f,12.08,su,i00_0089,i00_0090,3,GL,G,low,25,left,0
12/5/2017,p46,f,12.08,su,i00_0089,i00_0090,3,YL,Y,low,26,left,1
12/5/2017,p46,f,12.08,su,i00_0089,i00_0090,3,BL,B,low,27,left,0
12/5/2017,p46,f,12.08,su,i00_0089,i00_0090,3,G,G,high,28,left,1
12/5/2017,p47,m,12.38,oc,i00_0092,i00_0093,2,BL,B,low,1,left,1
12/5/2017,p47,m,12.38,oc,i00_0092,i00_0093,5,C,C,high,2,left,0
12/5/2017,p47,m,12.38,oc,i00_0092,i00_0093,2,YL,Y,low,3,left,1
12/5/2017,p47,m,12.38,oc,i00_0092,i00_0093,2,GL,G,low,4,left,1
12/5/2017,p47,m,12.38,oc,i00_0092,i00_0093,4,B,B,high,5,left,0
12/5/2017,p47,m,12.38,oc,i00_0092,i00_0093,4,G,G,high,6,left,0
12/5/2017,p47,m,12.38,oc,i00_0092,i00_0093,4,BL,B,low,7,left,0
12/5/2017,p47,m,12.38,oc,i00_0092,i00_0093,5,Y,Y,high,8,left,0
12/5/2017,p47,m,12.38,oc,i00_0092,i00_0093,4,C,C,high,9,left,0
12/5/2017,p47,m,12.38,oc,i00_0092,i00_0093,3,B,B,high,10,left,1
12/5/2017,p47,m,12.38,oc,i00_0092,i00_0093,4,GL,G,low,11,left,1
12/5/2017,p47,m,12.38,oc,i00_0092,i00_0093,4,Y,Y,high,12,left,0
12/5/2017,p47,m,12.38,oc,i00_0092,i00_0093,5,G,G,high,13,left,1
12/5/2017,p47,m,12.38,oc,i00_0092,i00_0093,2,B,B,high,14,left,1
12/5/2017,p47,m,12.38,oc,i00_0092,i00_0093,2,Y,Y,high,15,left,0
12/5/2017,p47,m,12.38,oc,i00_0092,i00_0093,5,GL,G,low,16,left,1
12/5/2017,p47,m,12.38,oc,i00_0092,i00_0093,5,B,B,high,17,left,0
12/5/2017,p47,m,12.38,oc,i00_0092,i00_0093,5,YL,Y,low,18,left,1
12/5/2017,p47,m,12.38,oc,i00_0092,i00_0093,2,G,G,high,19,left,0
12/5/2017,p47,m,12.38,oc,i00_0092,i00_0093,2,C,C,high,20,left,0
12/5/2017,p47,m,12.38,oc,i00_0092,i00_0093,3,Y,Y,high,21,left,1
12/5/2017,p47,m,12.38,oc,i00_0092,i00_0093,5,BL,B,low,22,left,1
12/5/2017,p47,m,12.38,oc,i00_0092,i00_0093,3,C,C,high,23,left,0
12/5/2017,p47,m,12.38,oc,i00_0092,i00_0093,4,YL,Y,low,24,left,1
12/5/2017,p47,m,12.38,oc,i00_0092,i00_0093,3,GL,G,low,25,left,1
12/5/2017,p47,m,12.38,oc,i00_0092,i00_0093,3,YL,Y,low,26,left,1
12/5/2017,p47,m,12.38,oc,i00_0092,i00_0093,3,BL,B,low,27,left,1
12/5/2017,p47,m,12.38,oc,i00_0092,i00_0093,3,G,G,high,28,left,0
12/5/2017,p48,f,12.53,oc,i00_0098,i00_0099,2,BL,B,low,1,left,1
12/5/2017,p48,f,12.53,oc,i00_0098,i00_0099,5,C,C,high,2,left,0
12/5/2017,p48,f,12.53,oc,i00_0098,i00_0099,2,YL,Y,low,3,left,0
12/5/2017,p48,f,12.53,oc,i00_0098,i00_0099,2,GL,G,low,4,left,1
12/5/2017,p48,f,12.53,oc,i00_0098,i00_0099,4,B,B,high,5,left,0
12/5/2017,p48,f,12.53,oc,i00_0098,i00_0099,4,G,G,high,6,left,1
12/5/2017,p48,f,12.53,oc,i00_0098,i00_0099,4,BL,B,low,7,left,0
12/5/2017,p48,f,12.53,oc,i00_0098,i00_0099,5,Y,Y,high,8,left,0
12/5/2017,p48,f,12.53,oc,i00_0098,i00_0099,4,C,C,high,9,left,0
12/5/2017,p48,f,12.53,oc,i00_0098,i00_0099,3,B,B,high,10,left,1
12/5/2017,p48,f,12.53,oc,i00_0098,i00_0099,4,GL,G,low,11,left,0
12/5/2017,p48,f,12.53,oc,i00_0098,i00_0099,4,Y,Y,high,12,left,1
12/5/2017,p48,f,12.53,oc,i00_0098,i00_0099,5,G,G,high,13,left,0
12/5/2017,p48,f,12.53,oc,i00_0098,i00_0099,2,B,B,high,14,left,1
12/5/2017,p48,f,12.53,oc,i00_0098,i00_0099,2,Y,Y,high,15,left,1
12/5/2017,p48,f,12.53,oc,i00_0098,i00_0099,5,GL,G,low,16,left,0
12/5/2017,p48,f,12.53,oc,i00_0098,i00_0099,5,B,B,high,17,left,0
12/5/2017,p48,f,12.53,oc,i00_0098,i00_0099,5,YL,Y,low,18,left,0
12/5/2017,p48,f,12.53,oc,i00_0098,i00_0099,2,G,G,high,19,left,1
12/5/2017,p48,f,12.53,oc,i00_0098,i00_0099,2,C,C,high,20,left,0
12/5/2017,p48,f,12.53,oc,i00_0098,i00_0099,3,Y,Y,high,21,left,0
12/5/2017,p48,f,12.53,oc,i00_0098,i00_0099,5,BL,B,low,22,left,1
12/5/2017,p48,f,12.53,oc,i00_0098,i00_0099,3,C,C,high,23,left,0
12/5/2017,p48,f,12.53,oc,i00_0098,i00_0099,4,YL,Y,low,24,left,1
12/5/2017,p48,f,12.53,oc,i00_0098,i00_0099,3,GL,G,low,25,left,1
12/5/2017,p48,f,12.53,oc,i00_0098,i00_0099,3,YL,Y,low,26,left,1
12/5/2017,p48,f,12.53,oc,i00_0098,i00_0099,3,BL,B,low,27,left,0
12/5/2017,p48,f,12.53,oc,i00_0098,i00_0099,3,G,G,high,28,left,1
12/5/2017,p49,f,13.1,oc,i01_0000,i01_0001,2,BL,B,low,1,left,1
12/5/2017,p49,f,13.1,oc,i01_0000,i01_0001,5,C,C,high,2,left,0
12/5/2017,p49,f,13.1,oc,i01_0000,i01_0001,2,YL,Y,low,3,left,1
12/5/2017,p49,f,13.1,oc,i01_0000,i01_0001,2,GL,G,low,4,left,1
12/5/2017,p49,f,13.1,oc,i01_0000,i01_0001,4,B,B,high,5,left,0
12/5/2017,p49,f,13.1,oc,i01_0000,i01_0001,4,G,G,high,6,left,0
12/5/2017,p49,f,13.1,oc,i01_0000,i01_0001,4,BL,B,low,7,left,0
12/5/2017,p49,f,13.1,oc,i01_0000,i01_0001,5,Y,Y,high,8,left,0
12/5/2017,p49,f,13.1,oc,i01_0000,i01_0001,4,C,C,high,9,left,0
12/5/2017,p49,f,13.1,oc,i01_0000,i01_0001,3,B,B,high,10,left,0
12/5/2017,p49,f,13.1,oc,i01_0000,i01_0001,4,GL,G,low,11,left,0
12/5/2017,p49,f,13.1,oc,i01_0000,i01_0001,4,Y,Y,high,12,left,0
12/5/2017,p49,f,13.1,oc,i01_0000,i01_0001,5,G,G,high,13,left,0
12/5/2017,p49,f,13.1,oc,i01_0000,i01_0001,2,B,B,high,14,left,1
12/5/2017,p49,f,13.1,oc,i01_0000,i01_0001,2,Y,Y,high,15,left,0
12/5/2017,p49,f,13.1,oc,i01_0000,i01_0001,5,GL,G,low,16,left,1
12/5/2017,p49,f,13.1,oc,i01_0000,i01_0001,5,B,B,high,17,left,0
12/5/2017,p49,f,13.1,oc,i01_0000,i01_0001,5,YL,Y,low,18,left,1
12/5/2017,p49,f,13.1,oc,i01_0000,i01_0001,2,G,G,high,19,left,0
12/5/2017,p49,f,13.1,oc,i01_0000,i01_0001,2,C,C,high,20,left,0
12/5/2017,p49,f,13.1,oc,i01_0000,i01_0001,3,Y,Y,high,21,left,0
12/5/2017,p49,f,13.1,oc,i01_0000,i01_0001,5,BL,B,low,22,left,1
12/5/2017,p49,f,13.1,oc,i01_0000,i01_0001,3,C,C,high,23,left,0
12/5/2017,p49,f,13.1,oc,i01_0000,i01_0001,4,YL,Y,low,24,left,1
12/5/2017,p49,f,13.1,oc,i01_0000,i01_0001,3,GL,G,low,25,left,1
12/5/2017,p49,f,13.1,oc,i01_0000,i01_0001,3,YL,Y,low,26,left,1
12/5/2017,p49,f,13.1,oc,i01_0000,i01_0001,3,BL,B,low,27,left,1
12/5/2017,p49,f,13.1,oc,i01_0000,i01_0001,3,G,G,high,28,left,0
12/5/2017,p50,f,13.25,oc,i01_0003,i01_0004,2,BL,B,low,1,left,1
12/5/2017,p50,f,13.25,oc,i01_0003,i01_0004,5,C,C,high,2,left,0
12/5/2017,p50,f,13.25,oc,i01_0003,i01_0004,2,YL,Y,low,3,left,0
12/5/2017,p50,f,13.25,oc,i01_0003,i01_0004,2,GL,G,low,4,left,0
12/5/2017,p50,f,13.25,oc,i01_0003,i01_0004,4,B,B,high,5,left,1
12/5/2017,p50,f,13.25,oc,i01_0003,i01_0004,4,G,G,high,6,left,1
12/5/2017,p50,f,13.25,oc,i01_0003,i01_0004,4,BL,B,low,7,left,1
12/5/2017,p50,f,13.25,oc,i01_0003,i01_0004,5,Y,Y,high,8,left,0
12/5/2017,p50,f,13.25,oc,i01_0003,i01_0004,4,C,C,high,9,left,0
12/5/2017,p50,f,13.25,oc,i01_0003,i01_0004,3,B,B,high,10,left,0
12/5/2017,p50,f,13.25,oc,i01_0003,i01_0004,4,GL,G,low,11,left,0
12/5/2017,p50,f,13.25,oc,i01_0003,i01_0004,4,Y,Y,high,12,left,1
12/5/2017,p50,f,13.25,oc,i01_0003,i01_0004,5,G,G,high,13,left,0
12/5/2017,p50,f,13.25,oc,i01_0003,i01_0004,2,B,B,high,14,left,0
12/5/2017,p50,f,13.25,oc,i01_0003,i01_0004,2,Y,Y,high,15,left,0
12/5/2017,p50,f,13.25,oc,i01_0003,i01_0004,5,GL,G,low,16,left,1
12/5/2017,p50,f,13.25,oc,i01_0003,i01_0004,5,B,B,high,17,left,1
12/5/2017,p50,f,13.25,oc,i01_0003,i01_0004,5,YL,Y,low,18,left,1
12/5/2017,p50,f,13.25,oc,i01_0003,i01_0004,2,G,G,high,19,left,1
12/5/2017,p50,f,13.25,oc,i01_0003,i01_0004,2,C,C,high,20,left,0
12/5/2017,p50,f,13.25,oc,i01_0003,i01_0004,3,Y,Y,high,21,left,0
12/5/2017,p50,f,13.25,oc,i01_0003,i01_0004,5,BL,B,low,22,left,1
12/5/2017,p50,f,13.25,oc,i01_0003,i01_0004,3,C,C,high,23,left,0
12/5/2017,p50,f,13.25,oc,i01_0003,i01_0004,4,YL,Y,low,24,left,1
12/5/2017,p50,f,13.25,oc,i01_0003,i01_0004,3,GL,G,low,25,left,0
12/5/2017,p50,f,13.25,oc,i01_0003,i01_0004,3,YL,Y,low,26,left,1
12/5/2017,p50,f,13.25,oc,i01_0003,i01_0004,3,BL,B,low,27,left,0
12/5/2017,p50,f,13.25,oc,i01_0003,i01_0004,3,G,G,high,28,left,0
12/5/2017,p51,f,13.47,oc,NA,NA,2,BL,B,low,1,left,1
12/5/2017,p51,f,13.47,oc,NA,NA,5,C,C,high,2,left,0
12/5/2017,p51,f,13.47,oc,NA,NA,2,YL,Y,low,3,left,0
12/5/2017,p51,f,13.47,oc,NA,NA,2,GL,G,low,4,left,0
12/5/2017,p51,f,13.47,oc,NA,NA,4,B,B,high,5,left,1
12/5/2017,p51,f,13.47,oc,NA,NA,4,G,G,high,6,left,0
12/5/2017,p51,f,13.47,oc,NA,NA,4,BL,B,low,7,left,1
12/5/2017,p51,f,13.47,oc,NA,NA,5,Y,Y,high,8,left,0
12/5/2017,p51,f,13.47,oc,NA,NA,4,C,C,high,9,left,0
12/5/2017,p51,f,13.47,oc,NA,NA,3,B,B,high,10,left,1
12/5/2017,p51,f,13.47,oc,NA,NA,4,GL,G,low,11,left,1
12/5/2017,p51,f,13.47,oc,NA,NA,4,Y,Y,high,12,left,0
12/5/2017,p51,f,13.47,oc,NA,NA,5,G,G,high,13,left,1
12/5/2017,p51,f,13.47,oc,NA,NA,2,B,B,high,14,left,1
12/5/2017,p51,f,13.47,oc,NA,NA,2,Y,Y,high,15,left,1
12/5/2017,p51,f,13.47,oc,NA,NA,5,GL,G,low,16,left,0
12/5/2017,p51,f,13.47,oc,NA,NA,5,B,B,high,17,left,0
12/5/2017,p51,f,13.47,oc,NA,NA,5,YL,Y,low,18,left,1
12/5/2017,p51,f,13.47,oc,NA,NA,2,G,G,high,19,left,1
12/5/2017,p51,f,13.47,oc,NA,NA,2,C,C,high,20,left,0
12/5/2017,p51,f,13.47,oc,NA,NA,3,Y,Y,high,21,left,0
12/5/2017,p51,f,13.47,oc,NA,NA,5,BL,B,low,22,left,1
12/5/2017,p51,f,13.47,oc,NA,NA,3,C,C,high,23,left,0
12/5/2017,p51,f,13.47,oc,NA,NA,4,YL,Y,low,24,left,1
12/5/2017,p51,f,13.47,oc,NA,NA,3,GL,G,low,25,left,0
12/5/2017,p51,f,13.47,oc,NA,NA,3,YL,Y,low,26,left,1
12/5/2017,p51,f,13.47,oc,NA,NA,3,BL,B,low,27,left,0
12/5/2017,p51,f,13.47,oc,NA,NA,3,G,G,high,28,left,1
12/5/2017,p52,m,NA,oc,NA,NA,2,BL,B,low,1,left,1
12/5/2017,p52,m,NA,oc,NA,NA,5,C,C,high,2,left,0
12/5/2017,p52,m,NA,oc,NA,NA,2,YL,Y,low,3,left,1
12/5/2017,p52,m,NA,oc,NA,NA,2,GL,G,low,4,left,1
12/5/2017,p52,m,NA,oc,NA,NA,4,B,B,high,5,left,1
12/5/2017,p52,m,NA,oc,NA,NA,4,G,G,high,6,left,0
12/5/2017,p52,m,NA,oc,NA,NA,4,BL,B,low,7,left,0
12/5/2017,p52,m,NA,oc,NA,NA,5,Y,Y,high,8,left,0
12/5/2017,p52,m,NA,oc,NA,NA,4,C,C,high,9,left,0
12/5/2017,p52,m,NA,oc,NA,NA,3,B,B,high,10,left,0
12/5/2017,p52,m,NA,oc,NA,NA,4,GL,G,low,11,left,0
12/5/2017,p52,m,NA,oc,NA,NA,4,Y,Y,high,12,left,1
12/5/2017,p52,m,NA,oc,NA,NA,5,G,G,high,13,left,0
12/5/2017,p52,m,NA,oc,NA,NA,2,B,B,high,14,left,1
12/5/2017,p52,m,NA,oc,NA,NA,2,Y,Y,high,15,left,1
12/5/2017,p52,m,NA,oc,NA,NA,5,GL,G,low,16,left,0
12/5/2017,p52,m,NA,oc,NA,NA,5,B,B,high,17,left,0
12/5/2017,p52,m,NA,oc,NA,NA,5,YL,Y,low,18,left,1
12/5/2017,p52,m,NA,oc,NA,NA,2,G,G,high,19,left,1
12/5/2017,p52,m,NA,oc,NA,NA,2,C,C,high,20,left,0
12/5/2017,p52,m,NA,oc,NA,NA,3,Y,Y,high,21,left,1
12/5/2017,p52,m,NA,oc,NA,NA,5,BL,B,low,22,left,1
12/5/2017,p52,m,NA,oc,NA,NA,3,C,C,high,23,left,0
12/5/2017,p52,m,NA,oc,NA,NA,4,YL,Y,low,24,left,1
12/5/2017,p52,m,NA,oc,NA,NA,3,GL,G,low,25,left,1
12/5/2017,p52,m,NA,oc,NA,NA,3,YL,Y,low,26,left,1
12/5/2017,p52,m,NA,oc,NA,NA,3,BL,B,low,27,left,0
12/5/2017,p52,m,NA,oc,NA,NA,3,G,G,high,28,left,0