wl,GL,G,BL,B,YL,Y,C,bkg
179.74,0,0,0,0,0,0,0,0
179.95,0,0,0,0,0,0,0,0
180.16,0,0,0,0,0,0,0,0
180.37,103.226,109.677,-877.778,-444.444,-217.857,-68.571,224,19.355
180.59,100,89.474,80.556,-52.778,-9.091,25,-238.889,-250
180.8,44.737,80.263,28.947,-126.316,130.38,200,138.71,55.556
181.01,-542.857,35.714,138.462,546.154,20.93,9.859,267.857,320
181.22,-578.571,-257.143,55.814,158.14,19.481,253.846,-32.258,106.25
181.43,158.065,54.839,960,-120,385.714,96.774,-77.922,-47.826
181.64,100,25,-371.429,128.571,115.789,139.655,84.615,-215.873
181.86,124.661,130.09,149.462,265.591,130.833,1128.571,2130.769,575.568
182.07,151.247,111.911,278.571,300,134.36,-1017.778,9175,641.104
182.28,142.982,89.693,-1045.455,-790.909,130.919,554.545,3308.889,1147.475
182.49,140.588,86.275,-1200,-906.667,109.668,503.15,1253.435,-12700
182.7,154.731,77.749,1923.529,1300,132.517,294.538,923.37,14900
182.91,141.015,83.087,-106.081,-172.297,120.848,229.091,842.5,3686.667
183.13,148.5,89.5,-3644.444,-2955.556,100.772,272.642,910.938,1353.488
183.34,207.468,79.87,16200,11050,108.578,193.38,990.123,855.797
183.55,160.1,74.813,490.476,365.079,110.377,156.667,914.439,1763.333
183.76,169.66,83.738,580.328,429.508,109.657,153.024,705.907,674.534
183.97,224.768,99.071,341.176,240.196,110.51,144.016,1016.071,433.333
184.18,307.531,110.46,1119.231,800,115.27,157.906,953.977,1196.97
184.4,282.334,101.262,2200,840,116.41,145.167,548.521,-27766.667
184.61,518.243,150,-416.327,18.367,126.138,177.65,701.158,938.947
184.82,528.689,151.639,206.25,-36.607,129.677,196.755,934.01,1824.444
185.03,1219.149,429.787,154.331,-103.15,140.428,132.153,1652.577,-7390.909
185.24,584.211,263.158,180.851,-214.894,151.007,152.025,1877.907,1286.364
185.45,329.461,152.697,179.245,-171.698,183.943,136.236,82400,-877.528
185.66,350,226.768,497.5,-632.5,166.82,146.726,1954.023,-3328
185.88,269.141,187.109,-1892.857,2650,136.782,137.432,2480,2006.818
186.09,332.719,193.088,-556.364,540,141.99,135.04,1526.724,763.333
186.3,468.944,233.54,-230.973,261.947,118.182,166.54,1182.313,744.444
186.51,314.729,229.457,-434.848,136.364,125.486,159.066,663.929,473.709
186.72,315,278.182,-456.14,150.877,128.554,243.75,1126.036,376.316
186.93,1140,1049.091,640,-114.545,161.884,420.952,2449.315,280.615
187.14,1402.174,1450,-1950,1194.444,160.161,487.5,-1931.325,246.563
187.36,3340.909,2922.727,384.8,-114.4,152.664,-351.563,-3634.694,259.39
187.57,-760,-580,607.812,-320.312,191.725,-362,-10141.176,265.702
187.78,1442.308,1246.154,-1300,720.588,165.451,-292.857,-3322.222,305.61
187.99,-991.667,-804.167,-5481.818,1081.818,159.287,-51.866,-4465,290.02
188.2,-322.581,-275.269,-3095.238,828.571,141.884,4.935,-3923.404,426.426
188.41,-282.955,-355.114,-1045.902,262.295,152.333,-4.651,-18270,392.105
188.62,-402.19,-416.058,-751.25,186.25,155.415,-18.75,16491.667,380.161
188.84,-250,-326.19,1232.143,-175,145.577,-23.846,13260,264.831
189.05,-854.098,-878.689,529.71,60.145,136.196,-80.479,39740,278.067
189.26,-440.476,-456.349,1203.333,-56.667,147.213,-72.202,12837.5,276.117
189.47,-969.841,-888.889,1335.088,126.316,123.014,-163.445,2635,276.311
189.68,-291.623,-282.723,391.441,121.171,111.338,-652.5,-1662.712,281.871
189.89,-195.918,-216.327,430.412,111.34,94.731,-250.303,-4411.111,254.823
190.1,-211.159,-220.601,573.649,144.595,86.814,-381.884,-2743.243,333.252
190.32,-274.468,-268.085,1917.949,705.128,100,-150.207,-2845.07,425.552
190.53,-1134.694,-1116.327,445.775,214.789,95.034,-101.195,-7751.852,301.732
190.74,34550,29350,322.66,209.852,118.685,-184.038,13218.75,331.626
190.95,6500,5318.182,319.167,190.417,104.493,-150.893,-4982.5,378.393
191.16,-551.145,-430.534,308.647,220.301,113.643,-182.96,1526.619,382.796
191.37,2248.718,1741.026,331.308,242.991,89.43,-13666.667,2001.802,436.937
191.58,896.875,741.667,266.92,242.205,87.515,-1174.286,1502.667,686.441
191.79,617.188,503.906,453.947,381.579,92.528,673.846,1814.655,596.094
192.01,386.667,272.593,671.429,611.905,86.864,592.593,-5415.789,475.806
192.22,609.868,407.237,482.828,587.879,88.242,542.308,104600,424.367
192.43,688.406,442.754,483.544,587.342,96.648,326.374,-3272.131,542.636
192.64,696.35,386.861,317.355,412.397,96.801,628.261,-22133.333,417.009
192.85,709.655,253.103,348.333,471.667,84.488,446.552,-9919.048,460.502
193.06,630.201,211.409,371.579,475.789,92.275,246.083,-197200,377.752
193.27,909.474,246.316,-1228,-1836,78.726,250.87,-2042.708,531.488
193.48,723.577,204.065,2918.182,4300,76.19,161.976,-1605,677.57
193.7,1097.59,390.361,7700,18000,71.785,133.673,-18400,509.18
193.91,-25533.333,-10233.333,397.849,648.387,76.786,116.422,-1605.738,654.545
194.12,2466.667,775.758,787.179,1102.564,70.596,97.899,4700,1062.121
194.33,-6416.667,-2050,304.478,408.955,84.109,86.557,11594.118,932
194.54,1280,338.182,236.875,296.875,113.115,86.831,4038.298,792.778
194.75,2971.429,671.429,211.111,360,102.111,102.821,5368.571,615.417
194.96,-2264.516,-641.935,426.761,625.352,95.346,124.709,-10038.889,32825
195.17,-653.922,-178.431,710.169,725.424,85,111.207,-1613.208,4579.31
195.38,-316.425,-90.821,1370.833,1275,80.495,101.887,-1632.71,2569.811
195.6,-2163.889,-897.222,467.606,385.915,69.617,82.514,-1076.282,-3551.429
195.81,-419.255,-170.186,393.151,473.973,60.34,88.991,-888.202,6160
196.02,-233.096,-78.648,552.727,623.636,62.868,117.063,-998.802,1791.935
196.23,-206.78,-81.356,630,797.5,57.901,158.791,-1205.224,3147.222
196.44,-168.608,-103.236,663.043,810.87,54.23,575.676,-1786.17,-18700
196.65,-491.667,-357.576,973.684,921.053,49.855,-154.545,-944,-2795.122
196.86,-1500,-1097.727,-1175,-1285.714,50.069,-185.333,-964.407,-1600
197.07,-2134.375,-1878.125,-478.947,-488.158,69.776,363.158,-635.878,2023.636
197.28,31050,31900,-422.973,-339.189,81.839,278.125,-827.411,-6052.941
197.5,3843.75,4343.75,-205.65,-159.887,69.752,-1516.667,-691.358,-1793.103
197.71,454.14,507.006,-261.538,-303.419,81.985,-2415.789,-591.765,-983.186
197.92,451.829,461.585,-195.333,-210.667,82.809,-647.619,-655.932,-2789.744
198.13,463.333,480,-166.667,-229.545,87.732,-158.031,-407.263,-1495.833
198.34,356.148,301.639,-107.595,-196.203,81.623,-424,-468.671,-7320
198.55,358.824,331.674,-106.25,-207.5,81.102,-27600,-429.003,12666.667
198.76,3.70E+02,3.69E+02,-1.53E+02,-2.06E+02,7.57E+01,6.73E+02,-384.399,-9.63E+15
198.97,1170.833,1126.389,-203.012,-281.928,69.077,459.633,-421.785,1891.045
199.18,5720,5560,-1039.583,-887.5,59.632,-1050,-428.272,1370.833
199.4,4183.333,3927.778,970.769,824.615,56.244,-1964,-535.197,567.22
199.61,874.627,956.716,1256.41,1166.667,65.198,341.618,-1321.805,576.754
199.82,304.487,363.462,513.402,480.412,63.99,505.405,-1160.14,632.642
200.03,-1082.857,-1314.286,1582.143,1667.857,67.037,648.276,-947.059,448.264
200.24,392.958,561.972,-1087.755,-804.082,87.133,950.769,-2062.5,572.973
200.45,203.623,231.159,-279.021,-234.965,91.409,1543.182,-8833.333,542.339
200.66,374.757,439.806,-1402.941,-1279.412,100.097,798.913,28716.667,520.553
200.87,194.393,185.981,2204.762,2542.857,99.102,310.8,3185.455,680
201.08,756.522,726.087,398.02,480.198,100.338,180.482,5529.032,567.873
201.29,670.833,793.75,339.865,379.73,106.02,199.536,2210.39,555.794
201.5,356.436,357.426,402.941,584.314,104.362,195.51,1294.697,674.566
201.72,182.653,225.51,-773.81,-1492.857,101.279,202.004,2098.78,395.925
201.93,256.463,280.272,-237.168,-439.823,106.971,143.449,2037.647,322.111
202.14,754.902,729.412,-537.5,-617.857,113.612,105.33,911.735,305.867
202.35,-1723.077,-2992.308,-695.918,-722.449,118.647,108.4,972.781,278.851
202.56,1564.706,2076.471,-1026.415,-730.189,134.184,111.812,1264.234,352.493
202.77,274.648,505.634,-1414.286,-848.571,136.184,102.387,826.866,338.938
202.98,806.897,1213.793,-594.805,-403.896,145.962,111.497,831.818,528.384
203.19,-639.535,-544.186,-251.034,-156.552,166.746,139.852,500.559,581.383
203.4,632.5,752.5,-175.362,-113.768,175.226,139.451,447.887,480.203
203.61,541.026,605.128,-46.429,-50,191.093,105.198,423.326,461.137
203.82,-279.747,-298.734,-37,-22,202.861,103.542,631.273,642.593
204.04,-410.294,-472.059,-79.111,-50.222,187.179,104.412,1892.857,410.196
204.25,-275.833,-306.667,-37.374,-39.394,197.33,105.149,2134.568,529.817
204.46,585.526,631.579,-50,-13.462,193.289,114.045,1863.83,423.358
204.67,951.786,917.857,-14.765,-7.718,183.267,103.953,2792.308,473.75
204.88,950,891.935,-66.857,-30.286,151.139,99.611,-48250,581.081
205.09,581.481,514.815,-101.418,39.716,151.683,97.696,-4027.66,531.624
205.3,-2053.571,-1939.286,-158.268,76.378,162.982,90.08,-8450,405.793
205.51,444.755,365.734,-169.106,28.455,180.795,107.749,2044.792,481.985
205.72,369.318,339.205,-411.667,-53.333,184.771,81.791,2463.855,413.824
205.93,369.519,378.61,-455.357,44.643,183.095,96.141,1653.488,612.785
206.14,504.478,461.194,991.429,-151.429,178.015,100.488,2082,713.776
206.35,390.374,323.529,325.954,51.908,164.563,127.198,3400,1037.692
206.56,473.214,331.548,-2800,-146.154,146.539,176.829,-6179.412,703.535
206.78,555.263,321.711,-550,54.839,140.829,188.926,10905,3073.913
206.99,305.993,166.667,-1846.667,40,118.115,255.072,3866.667,1426
207.2,407.339,198.165,3666.667,644.444,113.146,415.493,2677.907,1634.409
207.41,364.53,169.658,530.508,-188.136,109.842,481.818,1235.676,703.883
207.62,274.021,164.057,461.429,-15.714,101.581,272.139,940.316,551.095
207.83,239.589,146.628,1770.588,341.176,93.135,348.901,970.982,671.795
208.04,217.488,122.167,574.242,243.939,102.302,821.622,1677.037,1139.669
208.25,186.804,128.66,617.544,326.316,109.701,663.095,1075.117,1377.228
208.46,207.183,119.093,-6360,-2820,121.793,-1083.333,673.961,-4442.424
208.67,197.683,121.39,942.5,350,135.851,-563.636,775.884,1218.898
208.88,206.772,112.19,534.524,235.714,143.421,-281.707,875.725,1401.961
209.09,242.017,119.328,243.802,118.182,147.795,-247.929,877.82,646.383
209.3,211.358,107.16,314.943,121.839,150.751,-210.059,1026.027,651.22
209.51,197.253,90.659,452.294,244.954,126.786,-215.789,1133,762.051
209.73,205.222,120.366,732.759,401.724,126.54,-242.273,1837.097,867.262
209.94,259.928,154.152,-877.778,-240,110.882,-418.657,5006.977,2208.955
210.15,217.933,114.286,-1604.348,-669.565,107.028,-460.839,18936.364,949.359
210.36,171.159,52.561,-1330,-460,107.134,-352.349,-4202.083,676.233
210.57,190.836,69.272,544.068,274.576,107.645,-231.183,1.77E+16,817.073
210.78,169.487,59.231,215.596,162.385,121.182,-226.203,1833.036,1142.857
210.99,112.766,49.468,164.848,185.455,127.865,-408.14,1396.599,809.714
211.2,104.033,51.878,178.035,186.127,151.487,-156.098,771.481,481.338
211.41,119.97,60.961,102.797,160.14,147.626,-194.702,794.007,798.817
211.62,117.429,60.143,207.937,331.746,174.088,-652,1365.306,661.749
211.83,109.807,67.013,170.27,313.514,159.799,-1032.5,2654.667,634.328
212.04,120.909,57.576,135.374,117.007,154.646,-1709.091,-1349.612,638.235
212.25,131.179,45.073,96.54,48.789,154.502,-691.304,-1259.589,470.82
212.46,132.784,41.516,120.779,32.468,127.832,2116,-1866.667,397.347
212.67,123.802,26.116,99.471,22.222,117.412,1521.875,-2342.857,444.937
212.88,114.758,24.67,77.344,55.469,115.808,347.273,-3424.074,420.872
213.09,105.857,29.067,45.946,81.081,109.913,213.986,2920.313,512.917
213.31,129.563,54.365,42.963,71.111,115,200.608,1745.283,530.859
213.52,111.774,52.747,152.027,120.27,105.657,290.98,1620.87,608.5
213.73,121.593,49.735,203.659,54.878,116.891,162.648,921.675,631.351
213.94,117.185,57.587,189.844,30.469,122.927,154.067,1725.714,682.317
214.15,96.78,25,123.529,17.059,115.864,110.537,1279.562,706.897
214.36,106.115,34.353,210.256,-162.821,114.259,122.904,1464.407,474.9
214.57,145.301,36.386,181.982,-45.045,118.567,159.551,827.317,721.918
214.78,154.617,49.604,-9.091,-395.455,117.659,172.48,707.087,565.714
214.99,243.165,46.043,20.896,437.313,118.13,175.831,573.29,702.186
215.2,220,71.429,38.961,425.974,104.189,189.095,750.226,765.823
215.41,463.91,146.617,6.667,460,112.669,213.819,1074.839,779.487
215.62,-8771.429,-2785.714,185,-395,107.211,203.885,-14427.273,2678
215.83,-839.344,-304.918,-20.721,-133.333,112.132,189.266,-2389.062,1035.659
216.04,-387.97,-130.827,-110.87,-291.304,106.339,237.327,2170.667,663.761
216.25,-1067.164,-362.687,31.492,-70.166,105.596,254.177,1331.092,484.95
216.46,5373.333,2553.333,26.104,-91.566,102.262,264.689,663.396,530.35
216.67,-3678.947,-2494.737,18.539,-77.247,102.736,262.712,725.108,1648.718
216.88,-745.679,-564.198,-11.897,-100.965,110.075,215.315,571.579,1114.286
217.09,-743.038,-673.418,-38.75,-140.833,103.246,220.243,643.191,838.554
217.3,-1602.439,-1248.78,-117.355,-238.017,96.662,273.253,843.147,804.494
217.51,-1105.172,-686.207,-7766.667,-11833.333,84.548,309.804,671.369,1006.207
217.72,-788.889,-554.167,192.366,270.229,80.227,221.937,837.368,801.714
217.93,-284.615,-181.319,462.903,619.355,82.934,191.023,16922.222,2639.623
218.14,-433.607,-368.852,461.017,701.695,76.553,281.89,2305.714,3390.244
218.36,-1353.488,-886.047,400.943,412.264,76.746,301.087,734.247,836.723
218.57,-2753.846,-2138.462,321.333,294.667,76.898,373.267,622.932,729.189
218.78,-1081.667,-753.333,390.09,279.279,78.471,474.654,580.063,909.459
218.99,6581.818,3827.273,420.388,244.66,89.194,338.832,550.685,3337.5
219.2,23800,16533.333,304.8,216,86.547,265.642,545.455,-4938.462
219.41,-1962.069,-1768.966,-1220.588,-502.941,82.319,237.572,643.73,1289.109
219.62,-744.118,-676.471,0,0,86.765,269.759,677.104,752.261
219.83,943.939,757.576,1222.222,768.889,94.077,565.185,658.73,1108.73
220.04,397.744,359.398,234.495,157.143,84.109,757.534,578.689,739.205
220.25,264.918,207.541,238.298,202.482,97.824,448.201,432.265,768.605
220.46,264.982,228.881,230.315,247.244,88.354,286.869,509.501,1917.46
220.67,306.723,238.655,182.301,163.717,96.127,225.498,814,2360.784
220.88,415.942,365.942,152.987,131.429,103.544,163.251,1303.593,1306.25
221.09,324.599,206.417,153.974,130.464,110.363,162,1754.472,604.412
221.3,374.85,230.539,152.381,170.37,100.744,293.893,8029.63,850.694
221.51,1069.231,353.846,183.803,180.282,114.799,-2266.667,5716.216,1556.757
221.72,3037.5,1537.5,454.054,424.324,113.043,212.222,-3406.557,1161.29
221.93,1111.111,615.556,1616.667,1166.667,161.072,152.239,-631.27,2665.789
222.14,979.63,298.148,-1510.526,-1515.789,144.731,-61.224,-849.787,-785.385
222.35,975.472,386.792,-278.571,-308.333,154.177,-61.616,-2134.043,-2830.233
222.56,-1148.78,-192.683,504.412,450,160.514,-137.931,-1166.867,-18400
222.77,-243.396,-35.849,-611.111,-619.444,123.992,-180.723,-1195.21,-1339.785
222.98,-385,27,-536.364,-584.091,126.667,-125.926,-1300.641,-3373.81
223.19,-250.345,-35.172,3122.222,4266.667,125.192,-157.463,-2015,1635.484
223.4,-85.714,0.461,-28000,-42500,110.334,839.286,-683.395,667.984
223.61,-53.112,48.133,-802.941,-814.706,122.097,-414.286,-712.295,686.777
223.82,-75,24.576,529.333,388,139.808,-651.064,-691.304,834.466
224.03,-30.508,33.616,-780,-516,138.608,352.273,-512.13,926.257
224.24,-0.445,39.198,-293.75,-98.437,116.736,150.521,-579.791,710.442
224.45,-3.982,37.389,-48.78,-18.699,110.329,206.863,-550.329,532.609
224.66,23.907,46.356,-30.575,9.655,84.667,185.787,-417.15,451.989
224.87,27.064,51.223,-35.402,19.77,94.612,265.254,-557.986,357.261
225.08,40.862,43.532,-53.717,-4.556,84.342,291.729,-934.807,324.412
225.29,25.058,28.77,-42.022,3.371,80.23,1207.407,-1379.646,399.776
225.5,7.933,29.228,-89.655,-0.287,74.45,164.972,-2652.542,384.564
225.71,24.174,12.603,-269.412,-77.059,75.194,133.54,-2574.545,374.249
225.92,21.689,-17.58,-856.667,-275,78.098,128.571,-1555.556,333.7
226.13,-12.462,-38.602,725,378,85.414,196.774,5113.793,360.388
226.34,6.25,-10.511,363.298,218.085,93.209,236.508,1324.138,304.012
226.55,-10.526,-35.714,251.082,105.195,93.624,282.84,8661.111,254.318
226.76,18.777,-41.048,229.286,76.429,91.781,223.451,1033.951,221.388
226.97,-64.865,-112.162,2794.118,888.235,100.569,340.541,850.246,223.467
227.18,-1331.818,-1386.364,559.434,168.868,107.709,238.389,1516.364,191.952
227.39,-308.621,-629.31,418.605,53.488,93.929,161.564,1629.293,189.137
227.6,936.842,2168.421,382.993,43.537,94.076,126.984,-3710,181.576
227.81,251.282,435.043,919.149,-106.383,89.946,133.835,1059.722,190.931
228.02,172.157,266.667,533.766,88.312,81.105,107.86,1778.409,168.599
228.23,120.303,210,746.154,433.333,77.603,118.125,1003.659,161.942
228.44,106.458,151.076,194.059,87.129,63.147,114.217,853,149.285
228.65,102.857,131.579,163.953,95.349,66.521,145.93,628.767,145.659
228.86,114.395,147.167,93.289,78.188,68.542,140.404,389.53,147.672
229.07,89.539,116.438,91.029,46.438,70.867,151.603,317.588,142.337
229.28,90.148,107.635,79.303,39.434,62.168,139.823,389.888,140.791
229.49,93.887,124.138,67.416,51.873,65.618,125.905,451.397,136.287
229.7,93.192,105.446,63.847,53.731,67.506,120.312,531.561,138.754
229.91,76.691,97.554,45.688,49.924,70.661,186.301,494,145.602
230.12,77.423,82.822,39.694,40.39,63.97,177.744,438.208,135.688
230.33,76.113,81.542,36.214,45.405,63.917,131.612,412.222,140.019
230.54,55.494,75.694,29.172,52.374,51.486,106.276,478.177,135.34
230.75,68.032,90.785,35.809,55.776,46.575,91.209,507.895,143.431
230.96,60.6,83.833,32.113,60,45.084,72.201,443.37,140
231.17,69.833,84.447,26.292,68.693,42.92,56.584,695.023,146.72
231.38,61.612,85.509,22.98,47.475,33.071,50.501,661.039,137.989
231.59,48.968,74.435,21.319,49.231,34.803,40.323,550.345,180.213
231.8,53.831,76.915,13.237,51.502,32.956,21.442,512.913,186.888
232.01,59.008,71.356,4.465,42.068,19.43,14.561,314.464,186.754
232.22,52.294,70.234,9.859,43.77,12.315,-34,363.918,152.673
232.43,54.104,65.335,10.736,37.935,14.42,-21.405,342.909,173.507
232.64,52.703,66.329,6.959,28.313,10.808,-40.254,331.298,187.879
232.85,54.618,73.432,13.953,37.888,16.018,-27.308,309.559,222.688
233.06,40.533,72,6.963,33.172,9.568,1.163,369.978,242.827
233.27,33.816,59.903,22.845,39.045,4.444,0.456,528.618,304.144
233.48,48.684,78.589,20.636,51.398,11.155,6.929,860,450.347
233.69,45.936,81.037,24.847,58.452,16.369,7.953,668.826,490.347
233.9,46.571,67.367,23.05,52.867,15.924,-1.347,520.882,682.32
234.11,43.699,70.058,30.064,60.661,23.689,-3.488,509.863,774.051
234.32,48.633,77.883,32.733,61.755,28.536,1.36,529.326,802.74
234.53,47.416,63.034,24.461,67.554,39.457,11.83,491.176,803.448
234.74,55.595,64.193,21.795,69.658,35.901,4.201,428.668,807.947
234.95,75.095,55.752,22.006,62.46,38.953,7.042,382.534,1227.473
235.16,67.095,48.308,8.246,55.172,41.508,10.41,358.875,685.475
235.37,74.501,60.256,0.654,71.895,43.498,14.969,325.758,1444.048
235.58,81.751,65.282,11.174,59.848,40.541,15.161,303.76,2015.789
235.79,76.647,58.832,33.779,64.548,44.618,23.938,311.095,1242.157
235.99,89.886,72.792,35.417,62.5,47.434,26.844,288.186,818.71
236.2,97.508,62.617,50,76.295,52.114,35.793,328.25,966.667
236.41,102.058,73.756,61.943,74.089,58.616,36.339,403.766,1904.167
236.62,94.577,64.753,64.767,72.539,56.187,39.572,430.691,-2026.027
236.83,110.976,66.376,83.366,74.662,61.202,45.238,497.867,-2172.308
237.04,124.007,77.978,81.565,78.783,57.233,35.304,472.414,-844.444
237.25,136.628,67.248,74.732,67.381,60.033,35.281,400.552,-411.921
237.46,144.224,66.832,80.67,75.951,74.535,31.696,344.352,-420.134
237.67,171.267,65.595,76.563,86.08,81.273,28.84,348.849,-466.667
237.88,179.531,49.893,62.791,73.11,81.795,29.575,367.027,-751.497
238.09,166.667,57.447,64.776,65.821,87.442,28.713,328.505,-440.678
238.3,170.401,60.201,87.122,75.994,91.095,23.264,316.006,-459.649
238.51,170.728,46.362,86.691,88.355,90.399,29.725,288.34,-580.18
238.72,172.212,39.488,88.406,86.542,88.609,30.801,283.609,-588.936
238.93,190.417,70.208,95.957,91.915,80.264,24.044,314.673,-517.375
239.14,212.927,51.951,109.585,79.016,84.759,12.783,297.879,-1005.594
239.35,185.232,66.878,111.696,73.684,87.97,21.559,282.476,-751.546
239.56,190.408,80.204,124.433,97.229,81.966,26.977,261.658,-441.86
239.77,194.455,74.653,114.351,107.517,85.862,26.614,327.406,-260.69
239.98,176.396,55.856,82.975,112.133,96.717,21.289,324.836,-273.81
240.19,172.638,61.811,91.193,145.17,111.296,6.647,355.062,-242.299
240.4,183.372,60.277,69.845,125.942,100.819,16.401,443.791,-212.5
240.61,185.151,97.216,89.865,125,94.406,28.409,336.047,-147.002
240.82,187.164,108.282,61.1,123.014,80.31,26.84,366.603,-127.314
241.02,271.384,169.811,76.398,160.559,91.18,37.838,351.103,-143.554
241.23,245.11,168.454,41.623,146.859,86.187,26.096,314.725,-143.167
241.44,196.658,116.452,17.13,175.463,97.605,28.723,330.601,-155.172
241.65,207.848,122.785,-1.653,164.05,95.349,94.562,331.239,-310.063
241.86,221.555,175.972,-16.387,160.084,83.191,107.062,391.633,-365.704
242.07,224.088,224.088,-246.067,231.461,62.687,146.885,441.593,-328.808
242.28,373.288,419.863,-57.692,273.077,60.531,123.196,458.296,-254.857
242.49,1032.075,935.849,-63.277,198.87,62.737,120.12,603.869,-267.203
242.7,0,0,-40.12,112.275,64.209,119.414,863.721,-171.065
242.91,5985.714,8685.714,-24.422,93.069,62.733,136.782,1070.186,-223.161
243.12,1287.097,1825.806,-0.287,125.501,58.221,133.433,1878.409,-260.261
243.33,5262.5,6612.5,37.931,125.431,61.76,152.717,1110.563,-196.25
243.54,7820,12160,45.617,121.467,55.707,168.877,2169.014,-129.701
243.75,-582.857,-795.714,53.373,146.825,53.095,133.891,5048.276,-138.731
243.96,-242.759,-306.897,56.504,139.431,48.779,137.647,-39350,-260
244.17,-90,-157.083,57.708,130.83,55.804,117.222,4281.081,-670.922
244.38,-78.929,-115.714,105.181,148.705,55.841,132.569,-3119.608,-1089.412
244.58,-103.526,-102.244,113.421,146.579,55.768,135.308,0,-810.4
244.79,-109.119,-107.295,116.229,131.742,59.648,133.293,1941.772,-3315.152
245,-108.182,-76.364,86.667,165.217,62.272,126.612,4718.75,1544
245.21,-93.197,-47.619,164.216,263.235,64.499,131.182,2500,1518.182
245.42,-169.048,-80.952,110.989,198.168,56.787,134.818,1240,-4508.333
245.63,-91.398,-40.502,126.203,254.545,59.622,136.877,2173.77,-2856.757
245.84,-81.481,-35.613,185.065,350,56.512,150.471,2756.604,-1312.5
246.05,-41.106,-33.413,490.141,822.535,52.2,126.474,-3052.273,-504.396
246.26,-56.51,-39.583,-1390,-2150,47.95,123.472,-3785.714,-515.578
246.47,-25.41,-25.137,2283.333,2355.556,49.619,116.667,-18185.714,-688.312
246.68,-42.661,-42.661,-804.255,-825.532,45.979,124.66,2390.741,-2139.623
246.89,-46.781,-105.15,-1578.125,-1231.25,38.863,116.366,5279.167,-882.171
247.1,-29.609,-50.559,-544.828,-378.161,39.442,126.804,1922.667,-14625
247.31,-38.482,-35.772,-1230.769,-848.718,34.838,104.896,719.617,-1069.811
247.51,-62.211,-73.265,-1263.636,-543.182,43.711,112.987,572.34,-1803.077
247.72,-27.716,-56.541,-182.988,-7.884,43.516,98.99,725.551,3745.714
247.93,-45.012,-68.445,-206.034,-55.603,43.918,93.79,1387.395,-8231.25
248.14,-101.825,-161.679,-407.857,-137.857,41.915,111.051,-7290.909,-3109.091
248.35,-90.11,-184.249,-200.386,-55.212,40.193,102.259,-2900,-3905.714
248.56,-156.15,-273.262,-261.435,-37.22,32.027,109.549,30520,-2122.222
248.77,-69.17,-230.83,-108.94,14.238,23.43,110.782,998,-1408.889
248.98,-49.186,-159.283,-256.863,-22.222,21.336,121.488,787.368,-1617.333
249.19,-61.181,-232.068,-157.971,7.729,20.28,117.188,1232.479,60400
249.4,-96.183,-419.084,-243.949,93.631,22.542,71.132,1081.452,2746.809
249.61,-107.2,-504.8,2126.087,-213.043,25.821,65.708,717.073,968.966
249.82,-27.404,-235.577,2710,0,32.077,56.885,648.485,645.333
250.02,-66.25,-345.625,9216.667,100,30.359,47.879,585.385,617.886
250.23,-90.741,-561.111,-3821.429,-500,32.108,87.805,561.338,646.862
250.44,956.522,2926.087,1180,-62.5,36.152,74.725,606.122,581.455
250.65,-597.561,-1348.78,503.39,92.373,42.388,98.02,663.158,730.769
250.86,-246.825,-392.063,204.365,83.333,51.882,98.361,518.467,1040.127
251.07,-613.846,-823.077,140.169,67.416,58.604,94.667,505.592,5796
251.28,-452.941,-560.294,146.575,92.237,65.171,135.036,456.798,943.871
251.49,260.833,334.167,190,145.714,58.991,91.935,438.192,-14440
251.7,216.484,309.341,240.909,165.455,60.357,95.217,1000.658,3945.946
251.91,149.099,225.225,130,146,57.993,50,673.707,-9246.667
252.12,134.759,150.535,109.767,156.744,63.723,121.759,639.326,4123.333
252.32,106.211,108.903,67.411,61.161,90.73,171.127,489.16,1056.303
252.53,97.494,119.134,40.351,-17.544,119.468,218.812,388.032,1024.074
252.74,106.127,115.755,23.333,-64.667,105.198,296.226,384.825,2985.714
252.95,121.622,124.116,-60.241,-68.675,99.305,532.727,377.688,1134.043
253.16,124.782,99.302,96.552,67.816,111.736,2377.778,428.982,516.183
253.37,120.44,100.472,12.698,-146.032,121.684,-221.277,522.133,490.909
253.58,136.948,98.394,-355.556,-561.111,113.948,-188,486.842,472.119
253.79,159.414,83.682,-117.308,-218.269,92.259,-190.123,454.329,780.769
254,157.768,76.368,31.6,-32,114.066,-126.601,443.177,4348
254.21,151.747,82.314,30,-23,110.678,-99.167,568.085,2686.047
254.41,135.783,73.642,-23.789,-40.969,93.033,-57.941,556.176,-7700
254.62,154.72,56.818,-10.274,2.74,83.985,-51.974,621.053,2683.333
254.83,151.773,47.045,-11.321,20.755,89.4,-384.314,426.974,1491.549
255.04,150.904,49.354,6.936,66.474,91.477,-1314.815,332.828,1502.899
255.25,120,42.553,-5.556,41.453,83.811,383.846,354.344,712.5
255.46,97.128,55.875,-1.521,18.631,77.567,680.952,352.529,623.232
255.67,89.95,99.246,2.62,11.354,70.508,434.343,337.23,437.722
255.88,129.72,94.406,-13.415,-4.878,75.97,247.917,269.809,340.974
256.09,98.193,60.843,-17.514,-12.429,71.086,175.333,230.612,392.308
256.3,68.776,51.899,-22.069,-55.172,58.3,162.192,254.401,263.793
256.5,82.743,46.903,115.385,446.154,53.72,122.2,228.809,323.097
256.71,48.858,20.091,-41.667,820.833,42.165,94.236,204.501,332.199
256.92,14.833,-39.234,23.616,112.177,37.473,75.485,207.188,279.281
257.13,4.578,-27.711,26.786,103.316,37.664,51.321,187.318,212
257.34,-18.29,-26.243,29.808,64.103,36.686,49.683,160.752,183.403
257.55,-13.056,-14.392,22.7,45,34.273,47.093,149.131,198.321
257.76,-23.415,-16.098,19.321,30.642,31.88,34.325,127.121,160.881
257.97,-7.143,-3.401,9.685,25.91,30.147,32.351,112.006,148.148
258.17,-9.965,6.219,9.843,27.312,24.132,29.894,108.339,125.07
258.38,-8.441,6.83,15.537,28.477,21.049,26.146,96.375,112.393
258.59,-2.47,8.485,13.68,26.442,16.209,22.024,86.11,96.042
258.8,-6.637,5.489,10.797,24.884,16.319,16.823,80.671,89.09
259.01,-3.602,7.034,11.948,22.454,13.296,13.887,71.251,82.632
259.22,2.771,8.622,10.428,19.841,8.881,7.527,69.217,77.264
259.43,7.755,12.597,8.342,17.996,6.703,2.406,65.784,63.547
259.64,8.997,11.093,5.554,14.836,6.531,-0.378,58.204,57.551
259.84,11.042,10.57,2.26,11.13,5.443,-2.276,54.789,54.916
260.05,10.573,6.237,3.979,9.836,3.668,-3.263,49.083,53.677
260.26,10.705,7.829,2.931,9.6,0.673,-5.329,48.124,55.096
260.47,10.866,8.408,2.102,8.486,-2.321,-7.927,43.845,50.339
260.68,11.039,6.511,0.248,4.128,-1.256,-9.07,37.192,48.947
260.89,10.56,6.008,-0.258,2.637,-3.199,-9.931,33.628,48.658
261.1,9.824,6.804,-0.788,2.31,-5.515,-13.808,33.342,44.823
261.31,11.177,6.35,-3.275,1,-6.493,-14.709,30.899,42.111
261.51,11.447,5.623,-2.713,-0.761,-9.048,-11.6,28.311,39.047
261.72,11.37,6.406,-3.595,-1.798,-10.341,-13.958,28.663,40.539
261.93,12.104,8.185,-4.079,-4.537,-11.793,-15.07,27.196,36.281
262.14,13.255,8.386,-6.02,-5.793,-10.795,-13.339,26.457,36.185
262.35,11.707,6.634,-7.407,-7.227,-13.534,-19.033,27.232,34.963
262.56,11.45,5.997,-7.991,-8.504,-13.962,-20.179,27.234,34.153
262.77,10.448,4.111,-8.645,-8.014,-16.485,-22.722,29.594,33.268
262.98,8.275,3.861,-9.447,-9.115,-15.958,-20.29,27.619,31.909
263.18,8.071,3.663,-9.806,-10.042,-16.736,-20.021,25.595,31.23
263.39,6.723,3.201,-10.397,-9.55,-15.375,-20.118,26.591,31.934
263.6,6.586,2.376,-12.332,-8.761,-15.618,-21.397,27.286,31.401
263.81,6.446,2.354,-9.516,-6.112,-15.859,-18.53,25.499,32.577
264.02,5.814,3.219,-8.995,-7.562,-18.451,-19.098,25.929,32.884
264.23,6.599,3.422,-7.789,-7.138,-17.722,-18.093,27.755,31.402
264.44,6.508,3.315,-7.112,-7.029,-16.747,-16.629,27.084,33.093
264.64,6.525,3.101,-7.507,-8.79,-18.788,-16.616,27.358,31.639
264.85,5.686,3.18,-6.611,-8.254,-19.357,-18.643,28.501,31.551
265.06,4.224,3.465,-5.61,-7.054,-21.827,-19.865,29.847,30.182
265.27,2.466,3.073,-4.849,-7.508,-23.054,-22.054,28.028,28.358
265.48,3.179,3.021,-3.818,-6.444,-24.558,-21.39,27.309,28.305
265.69,2.034,3.438,-2.479,-6.12,-23.428,-20.746,26.696,28.451
265.9,2.108,3.005,-3.598,-4.858,-23.612,-22.285,26.21,30.91
266.1,2.188,2.648,-3.056,-4.33,-24.301,-22.129,26.024,28.35
266.31,0.64,0.86,-3.269,-2.566,-24.854,-22.203,25.771,26.401
266.52,-0.033,0.9,-2.047,-2.184,-25.593,-23.224,25.307,26.565
266.73,1.003,1.748,-2.525,-3.175,-27.243,-22.749,24.46,26.81
266.94,0.287,1.042,-1.597,-2.924,-25.247,-22.874,22.933,25.354
267.15,1.908,3.017,-1.544,-4.267,-24.374,-22.35,21.45,24.399
267.35,2.711,3.057,-1.579,-3.717,-21.611,-19.722,22.166,24.895
267.56,3.091,3.688,-1.538,-3.951,-21.35,-18.624,22.897,24.427
267.77,3.168,4.757,-2.348,-4.551,-21.318,-17.458,21.05,22.6
267.98,3.016,5.204,-1.449,-4.471,-20.955,-17.658,19.474,20.54
268.19,2.394,4.437,-2.466,-5.695,-20.494,-17.618,19.396,19.717
268.4,2.178,3.841,-1.59,-5.2,-19.249,-17.021,20.085,19.412
268.61,1.568,3.012,-2.249,-5.382,-18.402,-16.58,19.123,18.169
268.81,1.914,3.628,-3.05,-5.581,-18.354,-17.096,19.895,16.85
269.02,1.238,4.049,-2.885,-5.604,-17.102,-16.46,17.534,15.845
269.23,2.401,4.173,-3.354,-6.077,-15.811,-15.178,17.344,14.777
269.44,3.383,4.529,-2.99,-5.646,-13.632,-13.38,16.831,15.278
269.65,4.201,5.33,-3.893,-5.478,-13.702,-12.884,16.737,14.415
269.86,3.77,4.655,-4.398,-6.106,-13.467,-12.998,16.775,13.195
270.06,3.722,4.301,-5.149,-6.159,-14.07,-13.172,16.476,13.27
270.27,2.617,4.255,-4.853,-6.19,-13.186,-12.16,15.086,12.68
270.48,2.495,3.769,-5.093,-5.922,-12.603,-12.03,15.698,13.437
270.69,3.053,4.227,-4.423,-5.788,-11.385,-10.787,14.835,14.004
270.9,3.038,3.221,-4.14,-5.93,-12.104,-12.023,14.968,13.067
271.11,2.642,3.01,-4.306,-5.158,-10.633,-11.678,15.689,13.472
271.31,3.998,2.881,-5.33,-5.722,-11.258,-11.512,15.309,14.402
271.52,2.68,1.977,-5.079,-5.37,-10.556,-9.287,14.741,15.053
271.73,2.468,1.981,-4.612,-4.856,-11.969,-10.783,14.953,15.514
271.94,2.169,1.813,-4.753,-4.932,-12.858,-12.138,14.682,15.264
272.15,1.823,1.388,-4.728,-5.152,-12.762,-12.472,15.364,15.03
272.35,1.406,0.418,-5.007,-4.868,-12.801,-10.874,15.508,16.745
272.56,1.952,0.66,-4.674,-4.941,-12.966,-11.648,15.579,16.634
272.77,2.127,1.036,-4.908,-5.019,-13.443,-12.054,14.75,16.279
272.98,2.476,1.183,-4.52,-5.111,-14.666,-12.911,13.367,17.155
273.19,1.762,0.594,-3.831,-5.66,-14.165,-13.238,12.373,16.629
273.4,2.094,0.494,-3.861,-5.295,-13.842,-12.461,13.929,16.931
273.6,2.109,0.404,-4.018,-5.042,-14.129,-12.617,13.173,17.438
273.81,1.773,0.351,-4.539,-5.614,-15.246,-14.48,12.929,17.504
274.02,0.739,-0.328,-4.298,-5.578,-15.093,-14.279,13.047,19.532
274.23,0.754,0.166,-3.869,-4.515,-14.26,-14.169,12.866,19.857
274.44,1.157,-0.482,-3.441,-4.181,-14.617,-14.953,12.376,19.561
274.65,1.511,0.425,-3.552,-4.531,-14.56,-15.233,13.393,17.9
274.85,2.448,0.934,-3.051,-4.265,-13.992,-14.175,11.834,18.43
275.06,1.929,1.044,-3.091,-4.7,-14.178,-15.02,12.327,17.799
275.27,2.022,2.181,-3.202,-4.749,-12.097,-12.998,12.043,18.994
275.48,2.151,1.976,-1.841,-4.078,-12.149,-12.662,11.309,18.526
275.69,1.686,2.74,-1.237,-3.526,-12.154,-12.735,11.92,17.619
275.89,1.566,2.299,-1.805,-3.27,-12.293,-13.413,12.928,15.893
276.1,2.527,3.116,-2.083,-3.694,-11.882,-13.75,12.799,15.189
276.31,1.87,2.271,-2.311,-4.395,-10.425,-12.355,12.819,14.709
276.52,2.414,3.176,-1.212,-3.819,-10.83,-12.517,12.086,15.523
276.73,2.275,4.357,-1.097,-4.403,-11.288,-13.016,12.025,14.802
276.93,2.117,4.149,-1.081,-3.672,-11.737,-13.184,12.38,14.453
277.14,2.136,3.822,-0.785,-3.87,-12.297,-14.404,12.477,14.235
277.35,2.406,4.008,-0.372,-3.272,-10.485,-13.026,13.053,13.911
277.56,3.218,5.017,-0.494,-2.041,-10.793,-12.692,13.467,14.303
277.77,2.676,4.875,-0.039,-1.633,-11.065,-13.961,12.93,13.975
277.97,2.891,5.245,0.354,-1.463,-11.286,-14.296,14.02,14.128
278.18,3.091,4.385,0.574,-0.698,-11.845,-13.358,14.621,13.507
278.39,4.086,4.837,0.801,-0.312,-10.988,-13.577,15.128,12.908
278.6,4.245,4.935,0.868,-1.114,-10.325,-12.546,14.46,12.804
278.81,4.04,5.469,1.229,-0.547,-10.314,-12.204,14.696,12.183
279.01,5.45,5.943,1.336,-0.965,-10.44,-12.099,14.454,13.073
279.22,4.573,5.498,0.333,-0.959,-10.072,-13.568,14.624,13.009
279.43,4.4,5.71,0.677,-0.316,-10.759,-13.444,14.977,13.605
279.64,4.013,5.366,-0.22,-0.755,-12.292,-14.114,15.276,12.643
279.85,4.115,5.371,-1.221,-2.266,-12.531,-14.587,15.335,12.535
280.05,3.813,5.121,-1.095,-1.805,-12.164,-15.027,15.066,12.643
280.26,4.326,4.827,-1.016,-2.083,-11.693,-15.497,14.335,13.714
280.47,3.774,4.475,-0.614,-1.768,-12.578,-16.291,13.936,13.77
280.68,4.262,4.863,-1.111,-1.743,-12.568,-16.685,14.016,13.503
280.89,3.208,2.824,-2.388,-2.091,-12.358,-16.826,14.41,12.414
281.09,3.773,2.697,-2.11,-1.511,-12.669,-17.945,14.27,11.521
281.3,3.399,3.166,-2.72,-1.399,-13.22,-17.766,13.746,11.945
281.51,3.013,3.51,-2.616,-1.331,-11.49,-16.372,14.354,12.33
281.72,2.22,2.983,-2.656,-1.233,-11.534,-16.436,14.872,12.673
281.93,2.821,2.692,-2.591,-1.781,-12.877,-16.808,14.523,11.759
282.13,3.56,3.391,-2.925,-2.087,-13.133,-16.507,15.043,11.44
282.34,3.401,3.022,-2.757,-2.002,-12.916,-16.265,14.903,11.472
282.55,3.217,3.354,-3.295,-2.321,-12.491,-16.62,14.399,11.981
282.76,2.859,2.513,-3.558,-2.339,-12.564,-15.501,13.57,11.57
282.96,2.92,2.487,-3.062,-1.924,-13.027,-16.107,13.349,10.655
283.17,2.996,2.831,-4.276,-2.854,-12.886,-16.007,13.892,11.651
283.38,1.94,1.889,-3.8,-2.069,-12.792,-15.487,14.514,12.093
283.59,2.027,1.589,-3.332,-2.08,-12.698,-14.978,14.04,12.288
283.8,2.423,1.071,-4.051,-2.815,-12.515,-14.778,12.882,12.939
284,3.159,0.97,-3.72,-1.863,-12.803,-15.211,12.788,12.922
284.21,3,0.676,-3.661,-1.902,-12.831,-15.379,12.683,12.759
284.42,3.057,0.355,-4.017,-2.798,-12.854,-14.991,12.322,12.248
284.63,3.386,0.934,-4.263,-3.039,-13.247,-14.525,12.501,11.551
284.83,2.896,0.203,-4.6,-3.174,-11.626,-12.339,12.276,11.728
285.04,3.138,0.413,-4.495,-2.834,-12.033,-12.218,12.469,12.514
285.25,3.482,0.992,-4.164,-3.425,-12.151,-11.979,12.151,12.877
285.46,2.783,0.485,-3.178,-3.417,-11.912,-11.526,12.199,13.063
285.67,2.736,0.021,-2.982,-3.478,-11.125,-10.985,12.226,12.942
285.87,3.223,0.057,-3.545,-3.42,-12.155,-11.393,11.828,12.935
286.08,3.169,0.082,-3.478,-3.469,-12.611,-11.457,11.659,12.172
286.29,1.98,-0.422,-3.92,-3.91,-11.489,-10.906,12.346,12.907
286.5,1.954,-0.41,-3.236,-3.702,-11.148,-11.119,11.362,13.005
286.7,1.778,-0.397,-3.704,-4.042,-10.911,-11.001,10.545,13.161
286.91,1.946,-0.13,-3.152,-4.078,-10.899,-10.548,10.636,13.186
287.12,2.067,0.419,-3.082,-4.289,-10.763,-10.929,10.555,12.841
287.33,1.708,0.224,-3.69,-4.405,-10.355,-10.526,10.147,13.22
287.53,1.929,0.428,-2.647,-3.973,-10.256,-10.481,9.518,12.793
287.74,2.245,0.783,-3.004,-4.142,-10.699,-11.348,9.501,12.23
287.95,2.282,1.668,-2.648,-4.035,-11.092,-11.442,9.37,11.679
288.16,1.702,1.625,-2.493,-3.463,-10.829,-11.425,10.58,10.889
288.37,1.326,2.073,-2.343,-3.705,-10.377,-10.861,11.371,10.859
288.57,1.416,2.655,-2.343,-3.341,-9.909,-10.073,10.924,10.797
288.78,1.319,2.456,-2.316,-2.755,-10.393,-10.795,10.594,11.198
288.99,1.365,2.859,-1.532,-2.645,-10.741,-11.419,10.906,11.045
289.2,1.472,3.03,-1.66,-2.858,-11.566,-12.478,11.465,10.79
289.4,0.899,2.682,-1.211,-2.576,-10.788,-11.789,11.249,10.08
289.61,0.439,2.311,-0.871,-1.924,-9.781,-11.513,11.548,10.215
289.82,0.901,2.144,-1.774,-1.881,-9.517,-11.647,11.173,10.681
290.03,0.619,2.236,-1.47,-1.625,-9.64,-11.545,11.446,10.696
290.23,0.886,1.982,-1.63,-1.63,-9.673,-11.351,11.461,10.355
290.44,0.971,2.157,-1.485,-1.423,-9.657,-11.102,11.064,10.523
290.65,1.771,2.551,-0.919,-0.764,-10.196,-11.372,10.638,10.489
290.86,1.033,1.752,-1.404,-1.07,-10.276,-11.475,10.847,10.534
291.06,1.084,1.801,-1.508,-0.881,-10.362,-11.496,10.985,9.85
291.27,0.896,1.884,-1.391,-0.878,-10.013,-11.183,10.875,9.388
291.48,0.64,1.513,-1.575,-0.996,-10.239,-11.552,11.008,9.541
291.69,0.141,1.202,-1.201,-0.934,-10.43,-11.457,11.908,10.083
291.89,-0.029,1.147,-1.282,-1.09,-10.273,-10.771,11.45,10.096
292.1,-0.422,0.687,-1.029,-0.998,-10.038,-10.076,10.564,10.288
292.31,-0.47,0.308,-1.108,-1.063,-10.545,-9.798,10.917,10.19
292.52,-0.256,0.32,-1.185,-1.336,-11.127,-10.404,10.141,10.524
292.72,-0.226,0.27,-1.312,-1.034,-10.934,-10.301,9.086,10.046
292.93,-0.72,-0.156,-0.94,-0.711,-10.913,-10.23,8.906,9.836
293.14,-0.406,0.44,-0.782,-0.756,-10.238,-9.206,8.989,9.694
293.35,-0.474,-0.024,-1.132,-0.425,-9.598,-8.629,8.157,9.932
293.55,-0.675,-0.189,-1.036,-0.478,-8.895,-8.015,7.949,9.647
293.76,-0.819,-0.065,-0.688,-0.271,-9.148,-8.54,7.417,9.41
293.97,-0.133,0.755,-0.874,-0.295,-9.958,-8.783,7.185,10.094
294.17,-0.51,0.6,-0.817,-0.364,-9.51,-8.46,7.521,9.341
294.38,-0.539,0.424,-0.981,-0.434,-8.704,-8.444,7.431,9.042
294.59,-0.556,1.287,-0.653,-0.386,-8.164,-8.039,6.98,8.568
294.8,-0.519,1.371,-1.049,-0.681,-8.393,-8.591,6.575,8.474
295,-1.033,1.328,-1.287,-0.902,-8.352,-9.216,6.478,7.886
295.21,-0.856,1.732,-1.271,-0.498,-8.192,-9.176,6.5,8.406
295.42,-0.806,1.84,-0.865,-0.285,-8.483,-9.437,6.178,9.084
295.63,-0.867,1.503,-1.304,-0.455,-8.308,-9.456,5.863,9.168
295.83,-0.687,1.858,-1.13,-0.636,-8.322,-9.369,6.177,9.23
296.04,-0.359,2.362,-1.342,-0.922,-8.252,-9.492,5.979,9.37
296.25,-0.379,2.499,-1.341,-0.97,-7.95,-9.716,7.027,9.369
296.46,0.012,2.825,-1.559,-1.097,-7.615,-9.888,7.485,9.239
296.66,0.26,2.892,-2.009,-1.27,-7.556,-10.465,7.669,9.251
296.87,0.479,2.721,-1.675,-1.142,-7.184,-10.106,7.704,8.985
297.08,0.449,2.496,-1.666,-1.714,-7.16,-10.211,8.267,9.482
297.28,0.781,2.418,-1.716,-1.845,-7.208,-10.671,8.135,9.589
297.49,0.493,2.207,-2.078,-2.052,-7.374,-10.726,7.833,9.566
297.7,0.234,2.351,-2.18,-2.165,-8.056,-11.062,8.07,10.343
297.91,0.51,2.518,-1.976,-1.88,-8.574,-11.582,7.912,10.772
298.11,1.088,2.905,-2.476,-1.919,-8.752,-11.221,8.432,11.217
298.32,0.906,2.781,-2.632,-1.921,-8.305,-10.807,8.095,10.958
298.53,1.272,3.093,-2.441,-2.276,-8.319,-10.69,8.051,11.418
298.73,1.657,3.392,-2.355,-2.31,-8.988,-10.765,7.77,11.123
298.94,1.423,2.476,-1.925,-2.157,-9.258,-10.896,7.613,11.817
299.15,1.634,2.477,-2.09,-2.628,-8.923,-10.776,7.99,11.621
299.36,2.099,2.224,-2.106,-2.297,-8.542,-10.075,8.108,12.18
299.56,1.976,1.833,-2.114,-2.82,-8.063,-9.355,8.603,11.917
299.77,1.791,1.771,-2.464,-3.175,-7.633,-9.043,9,11.668
299.98,2.155,1.785,-2.654,-3.155,-7.936,-9.197,8.739,11.758
300.18,2.117,1.414,-2.663,-3.005,-7.343,-8.873,8.26,11.431
300.39,2.139,1.31,-2.417,-2.752,-7.311,-9.024,8.281,11.558
300.6,2.262,1.171,-2.598,-2.797,-7.785,-9.289,8.025,11.754
300.81,2.169,1.261,-2.396,-2.736,-7.678,-9.509,7.42,11.8
301.01,1.704,0.892,-2.071,-2.826,-6.999,-8.518,7.319,12.082
301.22,1.968,1.375,-2.235,-3.044,-7.008,-8.257,7.515,12.203
301.43,2.297,0.908,-1.926,-2.572,-6.501,-7.783,7.083,12.257
301.63,2.187,0.98,-2.015,-2.547,-6.658,-7.766,7.354,12.455
301.84,1.528,0.748,-1.503,-2.077,-6.782,-7.837,7.92,12.603
302.05,1.893,0.286,-1.285,-2.282,-6.651,-7.922,7.972,12.446
302.26,1.91,0.148,-1.866,-2.697,-6.212,-7.674,8.365,12.537
302.46,1.588,-0.568,-1.95,-2.929,-6.581,-8.329,8.178,12.157
302.67,2.166,-0.266,-1.687,-2.521,-6.567,-9.128,8.621,11.936
302.88,1.898,-0.434,-1.841,-2.463,-7.313,-9.499,9.069,11.583
303.08,1.878,-0.725,-2.196,-2.81,-7.044,-10.087,9.59,12.102
303.29,1.521,-0.475,-2.381,-2.534,-7.021,-9.648,9.685,11.657
303.5,1.368,-0.504,-1.942,-1.97,-7.395,-10.006,9.959,11.982
303.7,1.219,-0.445,-2.093,-2.11,-7.803,-10.164,9.914,12.016
303.91,1.305,-0.266,-2.221,-2.245,-7.933,-10.025,9.69,12.418
304.12,1.537,-0.456,-1.878,-1.612,-7.783,-9.996,10.042,12.384
304.32,1.408,-0.545,-1.5,-1.459,-7.503,-9.735,10.76,12.53
304.53,1.357,-0.275,-1.098,-1.166,-8.452,-10.288,10.273,12.677
304.74,1.347,-0.809,-1.209,-1.566,-8.674,-10.107,9.775,12.175
304.95,1.548,-1.003,-1.216,-1.432,-8.624,-9.899,9.251,12.07
305.15,1.062,-1.272,-1.41,-1.394,-8.592,-9.368,9.64,11.629
305.36,0.989,-1.406,-1.353,-0.858,-8.656,-9.882,9.625,11.724
305.57,0.643,-1.512,-1.187,-0.647,-8.437,-9.986,9.496,11.797
305.77,0.54,-0.901,-1.126,-1,-9.356,-10.118,10.103,11.236
305.98,0.916,-1.097,-0.997,-1.107,-9.175,-9.627,10.334,11.492
306.19,1.341,-1.056,-1.215,-1.207,-9.208,-9.6,10.513,11.817
306.39,0.796,-0.654,-1.545,-1.229,-9.287,-9.745,10.541,11.467
306.6,0.878,0.045,-1.638,-1.228,-8.719,-9.442,10.194,11.379
306.81,0.56,-0.155,-0.936,-1.137,-7.91,-8.801,9.835,11.676
307.01,0.483,-0.069,-1.142,-1.679,-8.195,-8.338,9.502,11.597
307.22,0.889,0.217,-1.264,-1.665,-7.796,-8.206,9.137,11.958
307.43,0.508,0.068,-1.223,-1.686,-7.607,-7.513,8.678,11.501
307.63,1.063,0.282,-1.736,-2.301,-7.54,-7.752,8.894,12.027
307.84,1.138,0.251,-1.621,-2.243,-7.096,-7.347,8.284,12.498
308.05,0.793,0.397,-1.723,-2.425,-6.569,-7.325,8.162,12.282
308.25,1.238,0.788,-1.648,-2.023,-6.8,-7.802,7.753,12.086
308.46,1.194,0.706,-1.765,-2.447,-6.906,-8.211,7.412,12.037
308.67,1.076,1.122,-1.678,-2.66,-6.583,-8.058,7.452,12.368
308.88,1.275,1.211,-2.241,-2.895,-6.5,-7.483,7.731,12.436
309.08,1.371,1.401,-2.289,-2.892,-6.305,-7.498,8.362,12.224
309.29,1.112,1.855,-1.991,-2.973,-6.633,-7.886,8.619,12.038
309.5,1.376,1.652,-1.75,-2.865,-7.017,-8.586,9.09,12.305
309.7,1.983,1.912,-1.664,-2.902,-6.918,-8.226,8.763,12.185
309.91,2.242,1.891,-1.618,-2.973,-7.473,-8.36,8.846,12.331
310.12,1.956,1.667,-1.904,-2.885,-7.044,-8.408,8.076,12.426
310.32,1.532,1.952,-2.271,-2.674,-6.916,-8.487,8.313,11.9
310.53,1.535,1.908,-2.187,-3.019,-6.63,-8.9,7.756,11.642
310.74,1.73,2.048,-2.148,-2.852,-6.49,-9.107,8.102,11.798
310.94,1.557,1.693,-2.004,-2.588,-7.247,-9.562,8.006,11.94
311.15,1.821,1.73,-2.521,-2.898,-7.516,-9.739,7.944,11.756
311.36,1.317,1.126,-2.474,-2.58,-7.176,-9.462,7.907,11.506
311.56,0.794,0.958,-2.389,-1.875,-7.047,-9.058,7.432,11.369
311.77,1.116,1.496,-2.221,-1.747,-7.239,-9.012,7.564,11.7
311.98,1.015,1.489,-1.899,-1.423,-7.083,-8.778,8.091,11.293
312.18,1.058,2.028,-1.453,-1.127,-7.141,-8.712,8.773,10.999
312.39,1.458,2.354,-1.458,-1.17,-7.172,-8.145,8.627,10.886
312.59,1.057,1.894,-1.425,-0.85,-7.438,-8.127,8.564,10.818
312.8,0.96,1.995,-1.457,-0.433,-7.46,-7.171,8.664,10.867
313.01,1.102,1.613,-1.534,-0.155,-7.687,-6.796,8.691,10.027
313.21,0.632,1.529,-1.132,-0.019,-6.956,-6.146,9.245,9.74
313.42,0.671,1.797,-1.292,0.428,-7.084,-6.064,9.051,9.77
313.63,0.633,1.214,-1.522,0.795,-6.656,-5.315,8.836,9.87
313.83,1.008,1.826,-1.626,0.714,-6.202,-4.018,8.31,10.57
314.04,0.557,1.994,-2.079,0.681,-6.127,-3.845,8.554,10.259
314.25,0.556,1.991,-2.393,0.654,-5.822,-3.269,8.577,9.805
314.45,0.789,2.11,-2.068,1.396,-6.216,-3.191,9.181,9.499
314.66,1.02,2.32,-1.917,1.588,-6.599,-3.197,8.91,10.147
314.87,0.876,2.568,-1.76,2.016,-6.909,-2.577,9.738,9.479
315.07,0.851,2.825,-1.646,2.236,-6.709,-1.331,10.141,9.24
315.28,0.993,3.288,-1.275,2.52,-6.407,-0.618,10.72,8.76
315.49,1.242,4.486,-1.19,3.242,-6.173,0.273,10.853,9.097
315.69,1.486,4.977,-1.251,3.354,-5.949,0.956,10.515,9.188
315.9,1.827,5.356,-1.285,3.166,-5.603,1.377,11.071,9.329
316.11,1.817,5.546,-1.519,3.581,-5.677,2.118,11.426,9.543
316.31,1.81,5.711,-1.566,4.292,-5.692,2.538,11.213,9.57
316.52,1.765,5.352,-1.881,4.627,-5.262,3.447,10.708,9.094
316.72,1.69,5.514,-1.933,5.051,-4.706,3.819,10.904,8.948
316.93,2.003,6.29,-1.843,5.198,-4.129,4.563,11.413,8.85
317.14,2.32,6.645,-1.846,5.066,-3.826,5.394,11.564,9.02
317.34,2.322,7.418,-1.79,5.336,-4.264,5.46,11.418,9.451
317.55,2.227,7.544,-1.54,5.866,-4.64,5.168,11.184,9.705
317.76,2.679,7.934,-1.224,6.416,-4.722,5.928,11.322,10.459
317.96,2.81,8.732,-1.186,7.251,-4.8,6.291,11.169,10.351
318.17,2.351,8.997,-0.894,8.223,-5.248,6.278,11.06,9.841
318.38,2.454,9.497,-0.439,9.122,-5.409,7.371,11.015,9.399
318.58,2.395,10.242,-0.769,9.338,-4.812,7.864,10.746,9.752
318.79,2.238,11.109,-0.583,9.57,-3.892,9.021,10.075,10.471
318.99,2.527,11.695,-0.252,10.633,-3.151,10.221,10.639,10.855
319.2,3.188,12.942,-0.3,11.348,-2.244,11.383,10.192,11.067
319.41,3.951,13.523,0.067,11.996,-2.145,11.78,9.307,10.778
319.61,4.394,14.176,0.57,12.966,-1.259,12.786,8.893,10.677
319.82,4.646,14.421,0.674,13.16,-1.039,13.134,8.592,10.356
320.03,4.741,15.32,1.094,13.813,-1.08,13.986,9.108,9.931
320.23,4.889,16.013,1.255,14.39,-0.702,14.805,8.921,9.802
320.44,5.314,16.783,1.815,15.25,0.254,15.625,8.582,9.682
320.64,5.378,17.485,2.014,15.442,1.4,17.076,8.326,9.5
320.85,5.761,18.348,2.008,15.861,1.633,18.114,8.33,9.621
321.06,6.064,19.095,2.662,17.025,1.678,19.448,7.618,9.625
321.26,6.233,19.856,2.677,18.047,2.068,20.482,7.663,9.512
321.47,6.16,21.021,3.166,19.241,2.768,21.178,7.693,9.621
321.68,6.29,21.18,3.226,20.128,3.865,22.333,7.486,9.499
321.88,6.9,21.753,3.269,21.11,4.45,23.786,7.759,9.478
322.09,6.823,22.308,3.564,21.986,5.332,24.888,7.695,9.239
322.29,6.871,22.651,3.923,22.434,6.012,26.24,7.842,9.496
322.5,7.178,22.894,3.945,22.848,7.182,27.44,8,9.389
322.71,7.203,23.722,4.004,23.153,7.966,28.753,8.303,9.858
322.91,7.184,24.197,4.872,24.556,8.744,30.024,8.73,10.075
323.12,7.63,24.824,4.674,24.939,9.114,30.797,9.053,10.052
323.32,7.384,25.373,4.921,25.147,9.597,31.572,8.786,9.13
323.53,7.787,25.517,5.459,25.381,10.096,32.677,9.268,9.058
323.74,7.716,26.405,5.882,26.113,10.779,33.691,9.629,9.144
323.94,7.702,26.768,5.566,26.725,10.58,34.749,9.905,9.293
324.15,7.797,27.401,6.13,27.652,11.041,35.465,10.184,9.648
324.36,8.118,27.789,6.535,28.235,11.678,36.036,10.021,10.102
324.56,8.577,28.494,6.525,28.664,11.848,36.834,9.989,10.281
324.77,8.592,28.764,6.592,28.673,11.733,37.497,9.905,9.974
324.97,8.768,29.184,6.508,29.341,11.977,37.568,9.882,10.099
325.18,8.691,29.585,6.687,29.691,12.41,38.01,10.185,10.375
325.39,8.926,29.886,7.266,30.063,12.965,38.131,10.69,10.335
325.59,8.906,29.984,7.595,30.129,13.479,38.69,11.006,10.231
325.8,9.433,30.106,7.972,30.568,13.698,39.363,10.77,9.68
326,9.711,30.891,8.549,31.293,14.128,40.122,11.3,9.648
326.21,9.784,31.418,8.724,31.392,14.483,40.406,11.002,9.628
326.42,9.924,31.923,9,32.007,15.107,41.185,11.309,9.359
326.62,10.389,32.622,9.069,32.263,15.905,41.844,11.218,9.671
326.83,10.196,33.209,9.451,32.963,16.295,42.339,11.346,10.007
327.03,11.035,33.666,10.279,33.621,16.873,42.438,11.435,9.826
327.24,11.408,33.682,10.197,33.694,16.875,42.627,11.544,9.567
327.45,11.485,34.011,10.28,34.432,17.522,43.597,12.276,9.317
327.65,11.801,34.543,10.742,35.002,18.113,44.226,12.008,9.199
327.86,11.892,34.99,10.988,35.81,18.762,44.738,11.385,9.494
328.06,11.993,35.101,10.877,36.112,19.365,45.41,11.267,9.754
328.27,12.162,35.082,11.417,36.218,20.151,45.96,10.506,9.821
328.47,12.133,35.034,11.806,36.927,20.653,46.513,10.263,9.299
328.68,12.284,35.372,12.027,37.643,20.889,47.068,10.293,9.013
328.89,12.329,35.569,12.79,38.432,21.409,47.316,10.204,8.998
329.09,12.554,35.914,13.343,39.151,22.307,47.598,10.246,9.49
329.3,12.448,36.128,14.25,39.558,22.262,48.25,10.484,9.41
329.5,12.743,36.253,14.069,40.114,22.773,48.674,10.096,9.246
329.71,12.518,36.187,13.755,40.339,22.907,49.306,10.044,9.064
329.92,12.938,36.415,14.021,40.436,23.289,49.774,9.874,9.182
330.12,12.808,36.525,14.09,40.828,23.83,50.116,9.487,9.591
330.33,13.211,36.696,14.388,41.055,24.33,50.333,9.093,9.481
330.53,13.42,36.88,14.718,41.474,24.665,50.609,9.228,9.61
330.74,13.382,37.316,15.031,41.625,24.747,50.478,8.951,9.607
330.94,13.716,37.679,15.46,42.211,24.968,50.648,8.971,8.883
331.15,14.043,37.976,15.515,42.191,25.068,51.28,8.614,8.353
331.36,13.744,37.884,15.663,42.412,25.544,51.635,8.564,8.533
331.56,13.909,38.803,15.864,42.65,26.063,51.977,8.236,8.402
331.77,14.026,38.733,16.381,42.78,26.409,51.993,7.654,8.854
331.97,14.501,39.059,16.364,43.229,26.67,52.276,7.973,9.072
332.18,14.536,39.132,16.459,43.396,26.624,52.071,7.936,9.114
332.38,14.446,39.256,16.871,43.895,26.832,51.883,8.202,9.199
332.59,14.497,39.741,16.795,44.087,26.83,52.32,8.29,8.759
332.8,14.956,40.102,16.993,44.105,27.551,52.987,8.734,8.942
333,15.095,40.067,17.016,44.213,28.055,53.425,8.588,9.241
333.21,15.093,40.148,17.211,44.249,28.404,53.685,8.577,9.046
333.41,15.484,40.7,17.402,44.484,28.458,54.088,8.978,8.432
333.62,15.886,40.851,17.331,44.66,28.856,54.62,8.762,7.998
333.82,16.032,41.354,18.141,44.98,29.308,54.876,9.054,8.079
334.03,16.443,41.942,18.366,45.185,29.821,55.253,9.418,7.939
334.24,16.358,42.307,18.66,45.594,29.896,55.326,9.23,8.221
334.44,16.721,42.522,18.813,45.724,30.198,55.782,9.659,7.91
334.65,16.747,42.462,18.832,46.107,30.47,56.289,9.668,7.962
334.85,16.751,42.604,19.066,46.193,30.911,56.695,9.411,7.577
335.06,16.99,42.546,19.271,46.384,31.039,57.142,9.531,7.68
335.26,16.696,42.665,19.455,46.45,31.474,57.423,9.279,8.014
335.47,17.001,42.703,19.925,46.976,31.944,57.351,9.282,8.897
335.68,16.865,42.719,19.787,47.372,31.93,57.544,8.769,8.782
335.88,16.901,42.67,20.176,47.908,32.033,57.803,8.659,8.344
336.09,17.229,43.148,20.439,48.129,31.944,57.632,8.733,7.884
336.29,17.189,43.003,20.78,48.261,31.947,57.556,8.81,8.277
336.5,17.303,43.276,20.936,48.71,31.989,57.906,9.047,8.355
336.7,17.552,43.302,21.008,48.822,32.129,58.544,9.047,7.676
336.91,17.896,43.11,21.525,49.047,32.567,58.048,9.343,8.35
337.11,18.01,43.187,21.554,48.895,32.349,58.074,9.524,8.207
337.32,17.972,43.3,21.865,49.181,32.528,58.114,9.504,8.103
337.52,18.312,43.797,21.814,49.436,32.587,58.422,9.783,8.426
337.73,18.058,43.292,21.76,49.611,32.733,58.349,9.605,8.946
337.94,18.137,43.499,22.163,49.875,32.83,58.28,9.514,9.294
338.14,17.972,43.491,22.236,50.006,32.817,58.453,9.226,9.181
338.35,18.079,43.394,22.598,50.084,32.93,58.565,8.809,9.56
338.55,18.366,43.806,22.892,50.695,33.444,58.793,8.713,8.923
338.76,18.099,43.621,22.833,50.932,33.619,58.629,8.633,9.099
338.96,17.989,44.039,22.89,50.798,33.736,58.31,8.617,9.084
339.17,18.457,44.292,23.118,51.327,33.653,58.317,8.922,9.525
339.37,18.498,44.534,23.002,51.199,33.797,58.459,8.783,9.454
339.58,18.769,44.17,23.138,51.379,33.728,58.603,9.19,9.597
339.78,18.926,44.41,23.04,51.115,33.891,58.694,9.683,9.036
339.99,19.373,44.623,23.297,50.998,34.014,58.61,10.208,8.905
340.2,19.374,44.471,23.788,51.142,34.038,58.856,10.462,9.287
340.4,19.286,44.284,23.876,51.152,34.542,59.653,10.148,9.397
340.61,19.351,44.365,24.01,51.087,35.07,60.243,9.909,8.786
340.81,19.502,44.326,24.39,51.142,35.152,60.58,9.901,8.514
341.02,19.542,44.134,24.653,51.48,35.263,60.314,9.794,9.105
341.22,19.362,44.599,24.531,51.91,35.181,60.829,9.818,8.206
341.43,19.459,44.713,24.387,52.062,35.468,60.893,9.641,8.299
341.63,19.521,44.93,24.486,51.841,35.954,61.09,10.389,8.57
341.84,19.305,44.799,24.438,51.87,36.429,61.478,10.15,8.177
342.04,19.44,45.224,24.599,52.072,36.487,61.916,10.077,8.352
342.25,19.509,45.425,24.628,52.262,36.677,62.012,10.185,8.316
342.45,19.789,45.503,24.698,52.246,36.487,62.145,10.223,8.196
342.66,19.968,45.638,24.906,52.565,36.566,62.184,10.476,8.44
342.86,20.044,45.397,24.813,52.479,36.374,62.243,10.418,8.798
343.07,20.358,45.767,25.147,52.279,36.402,62.26,10.522,8.389
343.27,20.564,45.733,25.315,52.274,36.283,62.474,10.283,8.216
343.48,20.245,45.688,25.425,52.316,36.499,62.586,10.352,7.866
343.69,20.367,45.733,25.513,52.649,36.864,62.826,10.311,8.054
343.89,20.437,46.083,25.839,52.652,37.161,63.014,10.702,7.891
344.1,20.501,46.082,25.842,52.791,37.383,63.248,10.617,7.72
344.3,20.425,46.035,25.763,52.737,37.528,63.333,10.196,7.66
344.51,20.759,46.432,25.612,52.704,38.033,63.511,9.912,7.529
344.71,20.769,46.365,25.847,52.894,37.748,63.223,9.958,7.357
344.92,20.844,46.395,25.788,52.967,37.425,62.881,10.148,7.545
345.12,20.854,46.615,25.829,53.071,37.707,62.836,9.669,7.589
345.33,20.906,47.002,26.047,52.746,37.994,63.282,9.709,7.619
345.53,21.145,46.829,26.338,52.597,38.27,63.378,9.944,7.99
345.74,21.025,47.088,26.514,52.857,38.229,63.27,10.006,8.258
345.94,21.145,47.2,26.64,53.346,37.94,63.26,9.782,7.975
346.15,21.361,47.179,26.968,53.524,37.69,63.188,9.997,7.845
346.35,21.419,47.167,27.051,53.504,37.977,63.02,9.988,7.815
346.56,21.552,47.092,27.166,53.792,38.328,62.959,9.999,7.824
346.76,21.627,47.264,27.281,54.06,38.57,62.913,10.207,8.112
346.97,21.556,47.57,27.387,54.314,38.882,63.121,10.199,7.663
347.17,21.708,47.715,27.656,54.534,38.96,63.323,10.241,7.531
347.38,21.645,47.917,27.623,54.734,39.239,63.327,10.062,7.576
347.58,21.629,48.199,27.732,54.883,39.631,63.418,10.464,7.672
347.79,22.152,48.521,27.542,54.775,39.922,63.465,10.478,8.028
347.99,22.386,48.537,27.863,54.929,40.033,63.542,10.299,7.437
348.2,22.386,48.803,27.527,54.865,39.935,63.51,10.182,6.935
348.4,22.684,49.175,27.904,55.052,39.741,63.486,10.186,6.785
348.61,23.075,49.712,28.103,55.287,39.839,63.926,10.316,6.899
348.81,23.078,49.465,28.167,55.394,39.8,63.828,10.562,6.976
349.02,23.499,49.958,28.311,55.68,40.038,63.977,10.845,7.169
349.22,23.542,50.388,28.811,55.743,40.154,64.104,10.908,7.364
349.43,23.642,50.381,28.637,55.793,40.456,64.283,11.611,7.464
349.63,23.816,50.257,28.515,56.16,40.679,64.195,11.378,7.062
349.84,23.904,50.469,28.561,56.114,40.803,64.062,11.233,7.057
350.04,24.169,50.611,28.589,56.143,40.875,64.265,11.387,6.73
350.25,24.442,50.891,28.654,56.07,41.132,64.245,11.025,6.92
350.45,24.707,51.143,28.825,56.251,41.634,64.352,11.091,7.082
350.66,24.915,51.279,29.093,56.297,41.934,64.549,10.957,7
350.86,25.059,51.486,29.187,56.075,42.027,64.866,11.311,7.169
351.07,25.187,51.655,29.399,56.094,42.141,64.943,11.063,6.916
351.27,25.25,51.451,29.386,55.96,41.974,64.794,10.87,7.015
351.48,25.483,51.56,29.567,55.93,42.343,64.749,10.96,7.043
351.68,25.743,51.332,29.774,55.968,42.323,65.116,11.392,7.411
351.89,25.807,51.354,30.134,56.313,42.519,65.295,11.196,7.751
352.09,25.814,51.346,30.402,56.388,42.606,65.621,11.192,7.684
352.3,25.816,51.547,30.498,56.427,42.545,65.532,11.167,7.977
352.5,26.049,51.467,30.818,56.765,42.755,65.691,11.273,8.348
352.71,25.951,51.265,30.707,56.74,42.912,65.639,11.195,8.223
352.91,26.03,51.259,30.753,56.926,43.206,65.424,11.348,8.1
353.11,26.249,51.692,30.772,57.01,43.331,65.729,11.256,8.285
353.32,25.948,51.661,30.908,56.931,43.404,65.541,10.843,8.16
353.52,26.116,51.445,30.76,57.1,43.893,65.945,10.934,7.62
353.73,26.243,51.486,30.823,57.255,43.932,66.08,10.794,7.378
353.93,26.272,51.774,30.932,57.349,43.823,66.375,10.938,7.4
354.14,26.45,52.02,30.852,57.539,44.032,66.684,10.747,7.579
354.34,26.501,52.007,31.076,57.608,44.069,66.946,10.649,7.619
354.55,26.52,51.937,31.216,57.738,44.246,67.121,10.703,7.389
354.75,26.398,51.995,31.364,57.752,44.181,67.039,10.576,7.528
354.96,26.531,52.268,31.491,57.886,44.075,66.984,10.843,7.518
355.16,26.433,52.311,31.653,58.089,44.072,67.208,10.671,7.587
355.37,26.547,52.511,31.715,58.094,44.343,67.551,10.632,7.697
355.57,26.656,52.945,31.746,58.124,44.57,67.982,10.867,7.64
355.78,26.73,53.067,31.85,58.17,44.612,68.375,10.965,7.391
355.98,26.767,53.468,31.974,58.545,44.681,68.477,10.725,7.322
356.19,26.855,53.683,32.001,58.639,44.831,68.539,10.586,6.767
356.39,27.023,53.889,32.208,59.049,45.051,68.361,10.27,6.564
356.59,27.281,54.21,32.221,58.877,45.529,68.489,10.407,6.527
356.8,27.491,54.348,32.185,59.103,45.78,68.543,10.07,6.405
357,27.541,54.594,32.37,59.363,46.137,68.729,9.949,6.774
357.21,27.431,54.559,32.687,59.556,46.265,68.985,9.811,6.658
357.41,27.583,54.554,32.89,59.616,46.378,68.956,9.655,6.435
357.62,27.845,54.713,32.952,59.759,46.558,69.492,9.992,6.52
357.82,28.034,54.98,32.966,59.809,46.68,69.386,9.709,6.72
358.03,28.117,55.171,33.159,59.701,46.827,69.537,9.693,6.748
358.23,28.453,55.292,33.328,59.643,46.923,69.505,9.647,6.821
358.44,28.683,55.421,33.586,59.691,47.034,69.833,9.689,6.819
358.64,28.772,55.544,33.854,59.901,47.436,70.084,9.57,6.899
358.84,28.931,55.625,34.07,60.096,47.416,70.236,9.735,6.721
359.05,29.133,55.931,34.156,60.19,47.496,70.48,9.681,6.568
359.25,29.199,56.073,34.12,60.347,47.701,70.737,9.625,6.473
359.46,29.43,56.169,34.219,60.43,47.878,70.749,9.389,6.248
359.66,29.49,56.215,34.45,60.66,47.963,70.979,9.583,6.211
359.87,29.524,55.931,34.763,60.823,48.165,70.917,9.29,6.157
360.07,29.601,56.028,34.831,60.932,48.31,70.936,9.174,6.286
360.28,29.73,56.205,34.989,60.791,48.431,70.986,9.266,6.131
360.48,29.812,56.352,34.845,60.687,48.491,71.084,9.359,6.276
360.68,30.035,56.448,34.828,60.528,48.543,71.265,9.723,6.07
360.89,30.112,56.478,35.026,60.788,48.533,71.454,9.769,6.098
361.09,30.158,56.627,35.301,60.682,48.699,71.588,9.625,6.068
361.3,30.278,56.783,35.374,60.836,48.696,71.709,9.733,5.752
361.5,30.571,56.948,35.326,60.767,48.887,71.659,10.023,5.863
361.71,30.568,57.198,35.39,60.698,49.062,71.721,10.264,5.89
361.91,30.87,57.414,35.438,60.711,49.392,71.727,9.95,5.503
362.12,31.014,57.42,35.503,60.697,49.434,71.949,10.158,5.563
362.32,31.19,57.542,35.617,60.888,49.488,71.896,10.136,5.664
362.52,31.019,57.626,35.831,61.136,49.633,71.902,10.436,5.71
362.73,30.957,57.715,35.888,61.308,49.905,71.748,10.433,5.538
362.93,31.083,57.875,35.886,61.336,49.959,71.696,10.685,5.427
363.14,31.152,58.003,35.918,61.267,50.148,71.755,10.504,5.518
363.34,31.225,57.991,35.992,61.295,50.42,71.75,10.509,5.672
363.55,31.315,57.883,36.177,61.396,50.555,71.804,10.564,5.689
363.75,31.333,58.022,36.29,61.569,50.651,71.822,10.654,5.823
363.95,31.506,58.028,36.407,61.749,50.746,71.527,10.722,5.621
364.16,31.736,58.373,36.335,61.711,50.74,71.633,11.201,5.789
364.36,31.836,58.523,36.413,61.869,50.876,71.709,11.252,5.827
364.57,32.057,58.535,36.717,62.067,50.909,71.86,11.343,5.827
364.77,32.203,58.448,37.007,62.531,50.898,71.869,11.41,5.898
364.98,32.04,58.617,37.121,62.637,51.089,72.053,11.465,5.991
365.18,32.147,58.579,37.199,62.879,51.046,72.048,11.453,5.872
365.38,32.224,58.682,37.351,63.074,50.999,72.126,11.772,5.797
365.59,32.445,58.682,37.515,63.034,51.078,72.159,11.785,5.887
365.79,32.572,58.774,37.791,63.245,51.098,72.337,11.658,5.994
366,32.884,58.786,37.993,63.584,51.074,72.476,11.678,6.192
366.2,32.806,58.784,38.237,63.792,51.007,72.597,12.143,6.551
366.41,32.759,59.083,38.555,64.004,51.254,72.509,12.171,6.572
366.61,32.706,59.197,38.789,64.327,51.359,72.716,12.202,6.564
366.81,32.707,59.231,38.917,64.515,51.531,72.851,11.879,6.408
367.02,32.885,59.292,38.984,64.586,51.449,73.267,12.041,6.575
367.22,32.892,59.314,39.246,64.895,51.62,73.314,12.129,6.62
367.43,33.124,59.603,39.393,65.159,51.731,73.39,12.394,6.665
367.63,33.343,59.679,39.676,65.312,51.745,73.489,12.603,6.391
367.83,33.574,59.901,39.839,65.51,51.701,73.521,12.466,6.173
368.04,33.675,59.919,39.95,65.65,51.816,73.688,12.566,6.032
368.24,33.724,60.043,40.026,65.621,51.851,73.915,12.625,6.23
368.45,33.864,60.077,40.206,65.801,52.001,73.873,12.283,5.959
368.65,34.082,60.033,40.369,65.942,51.99,73.721,12.245,5.94
368.85,34.116,60.14,40.334,66.158,52.174,73.725,12.365,6.15
369.06,34.313,60.321,40.647,66.216,52.154,73.837,12.742,5.843
369.26,34.368,60.381,40.863,66.424,52.253,73.89,12.564,5.944
369.47,34.559,60.504,41.131,66.442,52.37,74.011,12.817,6.062
369.67,34.468,60.446,41.162,66.657,52.591,73.923,13.031,6.127
369.87,34.58,60.524,41.498,66.977,52.445,73.985,13.186,6.276
370.08,34.492,60.501,41.637,67.025,52.467,73.923,13.049,6.035
370.28,34.282,60.539,41.827,67.235,52.521,73.953,13.169,5.902
370.49,34.357,60.601,41.978,67.482,52.455,73.95,13.01,5.802
370.69,34.541,60.701,42.156,67.721,52.33,74.28,13.041,5.695
370.89,34.655,60.688,42.339,67.867,52.402,74.021,13.375,5.716
371.1,34.903,60.703,42.574,67.992,52.345,73.919,13.613,5.633
371.3,34.993,60.758,42.872,67.846,52.349,73.724,13.646,5.294
371.51,35.076,60.844,43.057,67.828,52.331,73.578,13.577,5.093
371.71,35.043,60.843,43.217,67.924,52.479,73.539,13.575,5.099
371.91,34.982,60.877,43.303,68.07,52.394,73.603,13.633,5.234
372.12,34.678,60.816,43.589,68.18,52.341,73.707,13.577,5.266
372.32,34.97,60.933,43.879,68.247,52.184,73.585,13.678,5.386
372.53,35.031,60.732,44.002,68.363,52.3,73.34,13.641,5.091
372.73,34.976,60.814,44.219,68.563,52.214,73.287,13.958,5.276
372.93,34.822,60.904,44.444,68.582,52.202,73.494,14.133,5.246
373.14,34.89,60.904,44.674,68.667,52.247,73.501,14.058,5.084
373.34,34.827,60.848,44.731,68.578,52.299,73.534,13.866,5.303
373.54,35.267,61.155,45.194,68.962,52.229,73.561,14.828,5.103
373.75,35.162,61.231,45.195,69.194,52.128,73.51,14.875,4.913
373.95,35.32,61.404,45.416,69.26,51.993,73.524,14.891,4.938
374.16,35.325,61.443,45.442,69.213,52.066,73.537,14.99,4.835
374.36,35.341,61.507,45.655,69.434,52.036,73.582,15.128,4.947
374.56,35.5,61.526,45.708,69.483,52.02,73.565,14.964,4.679
374.77,35.572,61.552,45.816,69.553,51.903,73.38,15.134,4.846
374.97,35.535,61.486,45.83,69.729,51.924,73.133,15.29,4.923
375.17,35.554,61.536,45.845,69.714,51.802,73.258,15.109,4.75
375.38,35.715,61.752,45.996,69.675,51.729,73.368,15.159,4.928
375.58,35.538,61.702,46.136,70.066,51.696,73.229,15.483,5.213
375.79,35.514,61.682,46.198,70.276,51.42,73.199,15.448,5.289
375.99,35.648,61.639,46.286,70.324,51.179,73.05,15.386,5.467
376.19,35.704,61.647,46.282,70.548,51.094,72.94,15.528,5.496
376.4,35.884,61.641,46.308,70.607,51.023,72.876,15.622,5.553
376.6,35.752,61.474,46.373,70.687,50.845,72.734,15.804,5.536
376.8,35.689,61.658,46.399,70.681,50.607,72.826,15.879,5.599
377.01,35.756,61.557,46.447,70.797,50.534,72.705,15.95,5.631
377.21,35.759,61.541,46.536,70.902,50.401,72.467,15.944,5.403
377.42,35.631,61.537,46.596,71.068,50.289,72.445,16.05,5.349
377.62,35.629,61.543,46.782,71.291,50.223,72.359,16.333,5.319
377.82,35.225,61.251,46.595,71.142,49.93,72.235,15.599,5.58
378.03,35.243,61.334,46.678,71.135,49.725,72.182,15.58,5.672
378.23,35.168,61.176,46.87,71.232,49.671,72.158,15.761,5.553
378.43,35.12,61.219,46.952,71.409,49.625,72.05,15.932,5.455
378.64,35.198,61.253,47.067,71.555,49.405,71.899,15.995,5.292
378.84,35.123,61.294,47.335,71.768,49.213,71.767,16.118,5.463
379.04,35.102,61.321,47.384,71.803,49.117,71.8,16.213,5.218
379.25,35.03,61.149,47.646,71.949,48.94,71.817,16.038,5.199
379.45,34.985,61.074,47.928,72.132,48.867,71.78,16.19,5.203
379.65,34.851,61.034,47.969,72.247,48.846,71.692,16.326,5.082
379.86,35.002,61.113,48.179,72.286,48.793,71.637,16.251,4.813
380.06,35.144,61.251,48.344,72.383,48.699,71.586,16.302,5.097
380.27,34.971,61.236,48.435,72.596,48.525,71.53,16.654,4.946
380.47,34.93,61.251,48.63,72.586,48.412,71.51,16.633,4.851
380.67,34.915,61.368,48.761,72.738,48.321,71.361,16.805,4.728
380.88,34.807,61.459,48.816,72.828,48.428,71.361,16.863,4.555
381.08,34.83,61.494,48.977,73.013,48.391,71.416,17.351,4.655
381.28,34.71,61.516,49.175,73.174,48.304,71.387,17.302,4.599
381.49,34.65,61.533,49.348,73.268,48.265,71.407,17.301,4.806
381.69,34.815,61.536,49.465,73.236,48.249,71.4,17.426,5.086
381.89,34.822,61.473,49.45,73.169,48.07,71.322,17.249,5.106
382.1,34.907,61.39,49.564,73.271,48.074,71.099,17.453,5.166
382.3,34.917,61.26,49.825,73.329,48.117,70.985,17.55,4.982
382.5,34.911,61.233,49.963,73.351,47.947,70.867,17.254,5.107
382.71,34.906,61.151,50.272,73.358,47.766,70.766,17.318,5.438
382.91,34.867,61.151,50.325,73.403,47.753,70.757,17.609,5.554
383.11,34.775,61.16,50.244,73.262,47.689,70.729,17.789,5.545
383.32,34.748,61.045,50.495,73.4,47.736,70.652,17.873,5.66
383.52,34.767,61.107,50.606,73.449,47.672,70.495,18.041,5.707
383.72,34.828,61.211,50.689,73.426,47.444,70.423,18.096,5.74
383.93,34.837,61.08,50.839,73.574,47.333,70.287,18.132,5.889
384.13,34.808,61.105,50.924,73.719,47.12,70.033,18.129,6.231
384.33,34.74,60.921,51.11,73.867,46.887,70.083,18.191,5.984
384.54,34.766,60.871,51.391,73.998,46.773,70.131,18.054,6.076
384.74,34.593,60.738,51.575,74.155,46.711,69.918,17.981,6.037
384.94,34.501,60.618,51.707,74.214,46.611,69.772,18.131,6.075
385.15,34.542,60.471,51.883,74.49,46.458,69.723,18.338,6.131
385.35,34.458,60.287,52.153,74.708,46.375,69.576,18.247,6.098
385.55,34.393,60.24,52.217,74.754,46.201,69.563,18.448,6.162
385.76,34.303,60.089,52.333,75.054,46.074,69.418,18.737,6.244
385.96,34.101,59.933,52.566,75.334,45.827,69.197,18.763,5.944
386.16,33.959,59.86,52.683,75.529,45.726,69.208,18.976,5.916
386.37,33.881,59.795,52.887,75.682,45.554,69.159,18.943,5.845
386.57,33.696,59.685,52.932,75.814,45.48,69.065,19.047,6.153
386.77,33.573,59.704,53.009,75.94,45.37,68.935,19.4,6.088
386.98,33.544,59.686,52.993,76.224,45.287,68.928,19.443,6.061
387.18,33.359,59.447,53.094,76.269,45.146,68.701,19.469,6
387.38,33.242,59.197,53.335,76.547,45.08,68.509,19.532,5.861
387.58,33.044,59.123,53.46,76.649,44.88,68.372,19.546,5.883
387.79,32.915,58.987,53.732,76.708,44.625,68.363,19.847,5.923
387.99,32.685,58.811,53.876,76.881,44.53,68.179,19.969,5.916
388.19,32.62,58.803,53.887,76.814,44.338,68.117,20.061,5.683
388.4,32.47,58.56,54.016,76.84,44.197,68.164,20.345,5.615
388.6,32.258,58.406,53.933,76.815,44.195,67.991,20.442,5.771
388.8,32.076,58.226,53.942,76.727,44.151,67.764,20.494,5.747
389.01,31.972,58.193,54.016,76.802,43.974,67.701,20.648,5.863
389.21,31.894,58.059,54.163,76.933,43.841,67.53,20.66,5.857
389.41,31.665,58.012,54.299,76.909,43.692,67.354,20.638,5.886
389.62,31.643,58.013,54.422,76.967,43.512,67.245,20.439,5.9
389.82,31.591,57.876,54.583,76.983,43.434,67.215,20.438,5.885
390.02,31.567,57.789,54.593,76.907,43.228,67.109,20.288,5.564
390.22,31.513,57.732,54.6,76.862,43.061,66.958,20.345,5.625
390.43,31.428,57.593,54.779,76.936,42.871,66.601,20.343,5.714
390.63,31.201,57.418,54.895,76.99,42.787,66.587,20.274,5.677
390.83,31.072,57.282,55.047,77.162,42.585,66.449,20.321,5.665
391.04,30.968,57.134,55.172,77.264,42.33,66.309,20.371,5.74
391.24,30.702,56.946,55.25,77.249,42.102,66.176,20.141,5.679
391.44,30.523,56.849,55.443,77.422,41.844,66.013,20.117,5.696
391.65,30.306,56.774,55.588,77.362,41.646,65.931,20.032,5.891
391.85,30.199,56.58,55.65,77.376,41.452,65.711,20.005,5.889
392.05,30.019,56.495,55.641,77.404,41.306,65.401,19.725,5.757
392.25,29.933,56.384,55.743,77.436,41.128,65.224,19.744,5.753
392.46,29.729,56.212,55.857,77.584,40.925,64.961,19.711,5.843
392.66,29.488,56.078,55.86,77.689,40.723,64.723,19.444,5.738
392.86,29.326,55.957,56.012,77.776,40.582,64.556,19.565,5.622
393.07,29.238,55.823,56.075,77.868,40.245,64.436,19.453,5.618
393.27,29.143,55.648,56.114,77.88,40.05,64.312,19.392,5.619
393.47,28.898,55.351,56.153,77.938,39.794,64.326,19.339,5.592
393.67,28.847,55.176,56.202,77.982,39.578,64.166,19.178,5.495
393.88,28.539,54.832,56.223,77.993,39.248,64.02,19.225,5.531
394.08,28.27,54.605,56.267,78.074,39.006,63.756,19.009,5.455
394.28,27.972,54.488,56.449,78.104,38.831,63.532,19.084,5.572
394.49,27.607,54.239,56.533,78.141,38.577,63.396,19.012,5.659
394.69,27.406,54.055,56.626,78.255,38.349,63.35,18.768,5.53
394.89,27.234,53.985,56.68,78.308,38.048,63.09,18.681,5.483
395.09,27.081,53.835,56.833,78.362,37.787,62.894,18.624,5.476
395.3,26.934,53.702,56.869,78.303,37.624,62.667,18.396,5.484
395.5,26.635,53.444,57.021,78.303,37.472,62.387,18.515,5.47
395.7,26.552,53.363,57.07,78.331,37.29,62.308,18.524,5.465
395.91,26.407,53.064,57.14,78.41,37.084,62.074,18.49,5.326
396.11,26.226,52.937,57.272,78.52,36.822,61.851,18.508,5.117
396.31,26.091,52.794,57.312,78.567,36.531,61.751,18.595,5.081
396.51,25.924,52.659,57.323,78.633,36.319,61.559,18.441,5.149
396.72,25.723,52.424,57.47,78.695,36.041,61.398,18.364,5.324
396.92,25.547,52.292,57.68,78.739,35.774,61.108,18.433,5.271
397.12,25.365,52.109,57.866,78.933,35.478,60.885,18.313,5.411
397.32,25.021,51.918,57.974,79.066,35.299,60.682,18.423,5.263
397.53,24.723,51.602,58.078,79.128,35.015,60.423,18.505,5.183
397.73,24.54,51.576,58.128,79.126,34.78,60.096,18.566,5.162
397.93,24.296,51.445,58.213,79.188,34.514,59.789,18.437,5.182
398.14,24.162,51.357,58.173,79.256,34.347,59.472,18.3,5.106
398.34,23.98,51.251,58.297,79.379,33.96,59.206,18.31,5.113
398.54,23.855,50.976,58.304,79.463,33.727,58.982,18.207,5.293
398.74,23.777,50.78,58.41,79.527,33.451,58.705,18.073,5.247
398.95,23.617,50.648,58.499,79.608,33.198,58.416,18.341,5.444
399.15,23.445,50.428,58.571,79.689,32.907,58.289,18.389,5.606
399.35,23.232,50.211,58.532,79.595,32.642,58.03,18.285,5.537
399.55,23.052,49.936,58.611,79.767,32.237,57.93,18.229,5.388
399.76,23.046,49.851,58.65,79.85,31.946,57.757,18.232,5.142
399.96,22.825,49.574,58.773,79.806,31.591,57.411,18.031,5.184
400.16,22.651,49.402,58.799,79.842,31.304,57.173,17.815,5.196
400.36,22.456,49.212,58.894,79.829,31.078,56.999,17.624,5.354
400.57,22.267,49,58.955,79.82,30.845,56.65,17.572,5.364
400.77,22.095,48.814,59.158,79.943,30.595,56.479,17.472,5.274
400.97,21.875,48.611,59.216,79.981,30.374,56.247,17.479,5.064
401.17,21.781,48.356,59.205,80.009,30.15,56.182,17.243,4.989
401.38,21.591,48.122,59.191,79.888,29.891,55.935,17.086,4.735
401.58,21.426,47.877,59.3,79.898,29.701,55.705,16.952,4.898
401.78,21.354,47.785,59.314,79.91,29.464,55.487,16.719,4.825
401.98,21.269,47.638,59.442,79.865,29.242,55.266,16.517,4.846
402.19,21.164,47.482,59.506,79.968,29.018,55.21,16.531,5.011
402.39,21.043,47.313,59.705,80.071,28.788,55.042,16.495,5.119
402.59,20.912,47.172,59.802,80.103,28.656,54.856,16.468,5.203
402.79,20.728,47.027,59.807,80.157,28.364,54.773,16.467,5.141
403,20.585,46.929,59.874,80.276,28.144,54.587,16.382,5.266
403.2,20.439,46.814,59.861,80.177,28.003,54.406,16.24,5.248
403.4,20.341,46.635,59.825,80.101,27.889,54.252,16.081,5.221
403.6,20.275,46.479,59.947,80.207,27.724,54.113,15.914,5.124
403.8,20.134,46.343,59.92,80.254,27.682,53.98,15.849,5.272
404.01,19.966,46.144,59.94,80.267,27.448,53.772,15.66,5.409
404.21,19.775,46.023,59.844,80.296,27.331,53.658,15.471,5.295
404.41,19.733,46.061,59.908,80.441,27.097,53.542,15.461,5.374
404.61,19.629,45.931,59.885,80.476,26.95,53.492,15.409,5.331
404.82,19.461,45.723,59.973,80.617,26.773,53.422,15.168,5.289
405.02,19.27,45.551,59.866,80.566,26.573,53.261,15.147,5.392
405.22,19.079,45.382,59.896,80.634,26.429,53.044,14.878,5.358
405.42,18.961,45.316,59.945,80.754,26.24,52.877,15.022,5.418
405.63,18.815,45.198,59.869,80.655,26.119,52.8,14.897,5.532
405.83,18.764,45.157,59.87,80.676,25.912,52.667,14.73,5.504
406.03,18.647,44.981,60.031,80.787,25.818,52.552,14.649,5.614
406.23,18.499,44.767,59.996,80.941,25.693,52.477,14.536,5.452
406.43,18.226,44.569,60.001,80.914,25.522,52.337,14.615,5.417
406.64,18.093,44.48,60.025,80.876,25.413,52.15,14.516,5.376
406.84,18.03,44.249,60.046,80.934,25.228,52.092,14.489,5.28
407.04,17.954,44.179,60.037,80.863,25.118,51.879,14.463,5.277
407.24,17.782,43.986,59.957,80.736,25.029,51.841,14.514,5.29
407.45,17.73,43.841,60.016,80.826,24.821,51.709,14.295,5.366
407.65,17.558,43.609,60.18,80.936,24.593,51.431,14.085,5.117
407.85,17.39,43.485,60.122,80.888,24.429,51.311,14.192,5.247
408.05,17.207,43.342,60.338,80.955,24.256,51.095,14.242,5.149
408.25,17.091,43.209,60.4,80.959,24.245,50.999,14.008,4.972
408.46,16.976,43.024,60.507,81.037,24.145,50.953,13.947,5.171
408.66,16.812,42.765,60.541,80.994,24.191,50.903,13.942,5.292
408.86,16.645,42.508,60.525,81.104,24.033,50.695,13.922,5.397
409.06,16.565,42.386,60.45,81.103,23.925,50.668,14.012,5.572
409.26,16.541,42.2,60.519,81.164,23.833,50.565,13.843,5.47
409.47,16.463,42.029,60.575,81.21,23.777,50.501,13.862,5.59
409.67,16.29,41.791,60.575,81.145,23.675,50.293,13.689,5.513
409.87,16.197,41.583,60.709,81.251,23.544,50.167,13.658,5.486
410.07,16.104,41.353,60.804,81.362,23.34,50.064,13.65,5.521
410.27,16.021,41.231,60.705,81.331,23.137,49.903,13.459,5.53
410.48,15.896,40.993,60.782,81.303,22.992,49.734,13.488,5.73
410.68,15.822,40.779,60.853,81.21,22.861,49.481,13.174,5.66
410.88,15.67,40.48,60.875,81.192,22.646,49.268,13.046,5.574
411.08,15.509,40.295,60.869,81.183,22.555,48.994,12.834,5.579
411.28,15.34,40.031,60.937,81.221,22.36,48.755,12.627,5.697
411.49,15.199,39.827,61.093,81.289,22.144,48.574,12.305,5.552
411.69,15.072,39.579,61.151,81.443,22.022,48.454,12.264,5.538
411.89,14.939,39.342,61.26,81.547,21.948,48.248,12.439,5.752
412.09,14.758,39.03,61.367,81.732,21.79,48.043,12.229,5.723
412.29,14.619,38.81,61.27,81.615,21.532,47.811,11.846,5.73
412.5,14.509,38.556,61.272,81.656,21.228,47.563,11.886,5.927
412.7,14.4,38.353,61.299,81.574,21.046,47.279,11.763,5.945
412.9,14.232,38.124,61.359,81.674,20.752,46.866,11.635,5.847
413.1,14.059,37.916,61.382,81.534,20.524,46.552,11.358,5.738
413.3,13.852,37.638,61.486,81.557,20.325,46.235,11.055,5.701
413.51,13.549,37.274,61.479,81.464,20.087,45.935,10.968,5.885
413.71,13.412,37.063,61.48,81.43,19.828,45.681,10.799,5.945
413.91,13.128,36.756,61.544,81.455,19.61,45.406,10.533,6.032
414.11,12.961,36.498,61.603,81.537,19.409,45.117,10.38,6.055
414.31,12.718,36.192,61.608,81.476,19.216,44.783,10.113,5.935
414.51,12.454,35.82,61.629,81.468,18.956,44.522,10.059,5.986
414.72,12.201,35.535,61.652,81.521,18.723,44.203,9.861,5.891
414.92,12,35.291,61.582,81.505,18.483,43.939,9.74,5.952
415.12,11.732,34.922,61.551,81.526,18.263,43.639,9.598,6.092
415.32,11.471,34.633,61.579,81.557,17.994,43.325,9.383,6.185
415.52,11.266,34.3,61.635,81.498,17.717,43.079,9.065,6.123
415.73,11.081,33.97,61.585,81.485,17.458,42.703,9.007,6.109
415.93,10.75,33.592,61.525,81.368,17.197,42.328,8.709,6.063
416.13,10.535,33.327,61.439,81.342,16.95,42.007,8.508,6.073
416.33,10.348,32.993,61.403,81.224,16.68,41.699,8.162,6.116
416.53,10.163,32.625,61.41,81.237,16.49,41.4,8.105,6.114
416.73,9.873,32.328,61.425,81.193,16.285,41.143,7.79,6.059
416.94,9.641,32.001,61.426,81.288,16.025,40.924,7.574,6.04
417.14,9.461,31.667,61.384,81.1,15.809,40.753,7.255,6.011
417.34,9.318,31.412,61.422,81.184,15.598,40.456,7.058,6.129
417.54,9.181,31.199,61.318,81.11,15.378,40.174,7.002,6.191
417.74,9.075,30.985,61.305,81.14,15.156,39.926,6.927,6.131
417.94,8.917,30.684,61.257,81.128,14.977,39.625,6.779,6.075
418.15,8.821,30.419,61.203,81.152,14.711,39.334,6.712,6.007
418.35,8.659,30.104,61.128,81.144,14.489,39.06,6.566,6.023
418.55,8.499,29.848,61.08,81.175,14.326,38.787,6.539,6.072
418.75,8.372,29.627,61.117,81.218,14.167,38.506,6.399,5.984
418.95,8.267,29.402,61.119,81.119,13.921,38.228,6.19,6.063
419.15,8.128,29.115,61.154,81.241,13.708,38.002,6.039,5.902
419.36,8.053,28.913,61.158,81.194,13.518,37.791,6.064,5.859
419.56,7.907,28.634,61.084,81.16,13.313,37.561,5.92,5.74
419.76,7.772,28.41,61.077,81.197,13.157,37.254,5.852,5.814
419.96,7.632,28.206,61.054,81.268,12.972,36.951,5.695,5.812
420.16,7.537,28.025,61.055,81.264,12.791,36.718,5.669,5.757
420.36,7.455,27.812,61.054,81.298,12.597,36.505,5.455,5.74
420.56,7.369,27.676,61.108,81.372,12.405,36.28,5.464,5.743
420.77,7.274,27.547,61.154,81.378,12.244,36.088,5.29,5.69
420.97,7.227,27.403,61.149,81.461,12.062,35.836,5.363,5.712
421.17,7.166,27.214,61.144,81.479,11.93,35.567,5.322,5.694
421.37,7.14,27.086,61.1,81.593,11.756,35.291,5.339,5.706
421.57,7.04,26.893,61.113,81.601,11.648,35.123,5.342,5.663
421.77,6.949,26.682,61.176,81.627,11.496,34.926,5.139,5.591
421.97,6.855,26.498,61.189,81.601,11.369,34.658,4.904,5.521
422.18,6.746,26.323,61.179,81.63,11.173,34.498,4.856,5.534
422.38,6.637,26.166,61.214,81.581,11.07,34.372,4.726,5.503
422.58,6.548,26.083,61.24,81.574,10.917,34.133,4.637,5.421
422.78,6.498,25.953,61.228,81.584,10.783,33.967,4.477,5.364
422.98,6.461,25.819,61.219,81.575,10.606,33.776,4.468,5.392
423.18,6.398,25.695,61.214,81.621,10.495,33.586,4.518,5.425
423.38,6.358,25.582,61.23,81.618,10.401,33.373,4.578,5.491
423.59,6.271,25.506,61.245,81.683,10.283,33.202,4.376,5.466
423.79,6.232,25.42,61.287,81.705,10.143,33.005,4.352,5.412
423.99,6.187,25.336,61.23,81.699,10.029,32.881,4.372,5.428
424.19,6.115,25.196,61.204,81.614,9.937,32.743,4.324,5.368
424.39,6.101,25.088,61.184,81.592,9.84,32.56,4.3,5.33
424.59,6.048,25.025,61.186,81.527,9.706,32.404,4.304,5.241
424.79,5.975,24.912,61.093,81.488,9.612,32.235,4.288,5.042
425,5.953,24.783,61.068,81.51,9.55,32.073,4.405,5.156
425.2,5.918,24.695,61.055,81.499,9.475,31.971,4.378,5.205
425.4,5.849,24.587,61.092,81.45,9.304,31.811,4.358,5.221
425.6,5.77,24.52,61.105,81.419,9.191,31.676,4.402,5.172
425.8,5.709,24.448,61.104,81.401,9.039,31.483,4.496,5.168
426,5.675,24.385,61.151,81.435,8.929,31.308,4.498,5.139
426.2,5.638,24.333,61.123,81.49,8.809,31.218,4.721,5.221
426.4,5.63,24.286,61.22,81.496,8.759,31.104,4.728,5.26
426.61,5.658,24.296,61.17,81.569,8.673,30.939,4.751,5.418
426.81,5.65,24.254,61.187,81.521,8.572,30.817,4.83,5.498
427.01,5.634,24.244,61.244,81.567,8.448,30.697,4.808,5.586
427.21,5.596,24.177,61.186,81.499,8.396,30.577,4.835,5.554
427.41,5.565,24.139,61.159,81.502,8.331,30.473,4.691,5.458
427.61,5.557,24.152,61.153,81.43,8.241,30.359,4.592,5.559
427.81,5.576,24.151,61.181,81.448,8.218,30.269,4.726,5.668
428.01,5.606,24.19,61.206,81.428,8.165,30.163,4.765,5.782
428.21,5.611,24.165,61.266,81.468,8.113,30.056,4.71,5.767
428.42,5.642,24.178,61.368,81.584,8.063,29.995,4.706,5.848
428.62,5.639,24.196,61.416,81.68,8.017,29.97,4.563,5.91
428.82,5.66,24.161,61.458,81.727,7.983,29.943,4.613,5.961
429.02,5.676,24.185,61.517,81.786,7.943,29.875,4.616,6.057
429.22,5.663,24.242,61.502,81.776,7.872,29.795,4.614,5.938
429.42,5.641,24.267,61.543,81.783,7.856,29.73,4.594,5.895
429.62,5.66,24.385,61.439,81.732,7.875,29.703,4.566,5.804
429.82,5.643,24.379,61.474,81.74,7.865,29.729,4.585,5.853
430.02,5.647,24.371,61.429,81.739,7.887,29.745,4.493,5.886
430.22,5.657,24.419,61.33,81.721,7.932,29.741,4.508,5.853
430.43,5.699,24.467,61.357,81.682,7.914,29.728,4.377,5.687
430.63,5.7,24.579,61.299,81.721,7.885,29.673,4.377,5.605
430.83,5.702,24.596,61.322,81.659,7.865,29.666,4.368,5.572
431.03,5.761,24.642,61.309,81.739,7.869,29.687,4.335,5.578
431.23,5.776,24.656,61.253,81.647,7.867,29.687,4.324,5.579
431.43,5.734,24.712,61.294,81.705,7.887,29.681,4.19,5.619
431.63,5.772,24.811,61.312,81.683,7.871,29.7,4.267,5.758
431.83,5.807,24.811,61.298,81.652,7.91,29.701,4.328,5.712
432.03,5.817,24.814,61.248,81.621,7.882,29.74,4.173,5.654
432.23,5.793,24.81,61.249,81.623,7.912,29.798,4.152,5.588
432.44,5.793,24.812,61.264,81.644,7.889,29.834,4.145,5.521
432.64,5.789,24.855,61.177,81.528,7.875,29.848,4.194,5.471
432.84,5.775,24.872,61.186,81.457,7.896,29.928,4.342,5.441
433.04,5.792,24.928,61.162,81.396,7.989,29.997,4.473,5.501
433.24,5.783,24.961,61.181,81.327,8.024,30.017,4.456,5.509
433.44,5.779,24.964,61.155,81.288,8.022,30.097,4.384,5.551
433.64,5.795,24.939,61.172,81.286,8.071,30.144,4.355,5.577
433.84,5.83,24.908,61.256,81.343,8.109,30.187,4.479,5.692
434.04,5.868,24.967,61.262,81.357,8.18,30.236,4.478,5.599
434.24,5.924,25.043,61.287,81.301,8.195,30.279,4.481,5.471
434.44,5.954,25.059,61.353,81.306,8.194,30.359,4.442,5.489
434.64,5.96,25.069,61.31,81.395,8.238,30.37,4.484,5.562
434.85,5.961,24.996,61.294,81.288,8.264,30.445,4.445,5.686
435.05,5.955,24.967,61.297,81.255,8.314,30.468,4.501,5.567
435.25,5.896,24.911,61.34,81.157,8.382,30.529,4.328,5.463
435.45,5.865,24.87,61.362,81.178,8.401,30.564,4.377,5.382
435.65,5.886,24.865,61.377,81.108,8.425,30.633,4.385,5.34
435.85,5.843,24.773,61.346,81.154,8.515,30.719,4.281,5.257
436.05,5.817,24.799,61.294,81.197,8.553,30.811,4.279,5.304
436.25,5.808,24.766,61.277,81.176,8.607,30.83,4.224,5.418
436.45,5.802,24.696,61.198,81.13,8.654,30.892,4.256,5.493
436.65,5.768,24.617,61.169,81.068,8.684,30.94,4.169,5.486
436.85,5.749,24.552,61.171,81.096,8.733,31,4.134,5.52
437.05,5.759,24.531,61.156,81.059,8.769,30.963,4.098,5.523
437.25,5.691,24.442,61.139,81.132,8.75,30.942,4.019,5.449
437.45,5.673,24.355,61.08,81.113,8.777,30.964,3.974,5.41
437.65,5.663,24.291,61.055,81.109,8.772,30.947,3.865,5.44
437.86,5.611,24.236,60.965,81.017,8.724,30.984,3.804,5.527
438.06,5.574,24.16,60.928,81.002,8.679,30.965,3.653,5.454
438.26,5.536,24.073,60.924,80.99,8.656,30.944,3.656,5.481
438.46,5.456,23.972,60.85,80.99,8.638,30.926,3.504,5.579
438.66,5.402,23.812,60.798,80.984,8.586,30.891,3.675,5.61
438.86,5.341,23.707,60.824,80.98,8.616,30.933,3.624,5.708
439.06,5.304,23.639,60.828,80.943,8.623,30.891,3.529,5.509
439.26,5.263,23.508,60.819,80.987,8.602,30.85,3.464,5.614
439.46,5.256,23.422,60.784,81.014,8.509,30.748,3.53,5.782
439.66,5.196,23.296,60.764,81.004,8.538,30.69,3.458,5.918
439.86,5.174,23.105,60.751,81.056,8.475,30.574,3.463,6.03
440.06,5.107,22.968,60.77,81.046,8.441,30.483,3.531,6.008
440.26,5.061,22.77,60.778,81.009,8.324,30.315,3.442,6.117
440.46,4.976,22.581,60.819,81.114,8.227,30.181,3.561,5.966
440.66,4.918,22.415,60.846,81.131,8.149,30.023,3.499,6.001
440.86,4.881,22.315,60.812,81.175,8.079,29.876,3.526,6.015
441.06,4.853,22.142,60.787,81.155,7.98,29.679,3.439,5.966
441.26,4.754,21.963,60.787,81.23,7.877,29.526,3.42,5.95
441.46,4.71,21.803,60.746,81.183,7.795,29.403,3.278,6.057
441.67,4.645,21.598,60.797,81.236,7.685,29.268,3.231,6.152
441.87,4.562,21.385,60.774,81.27,7.61,29.095,3.259,6.169
442.07,4.508,21.164,60.779,81.319,7.534,28.886,3.256,6.065
442.27,4.413,20.935,60.855,81.343,7.503,28.77,3.32,6.09
442.47,4.343,20.731,60.85,81.383,7.418,28.615,3.208,6.163
442.67,4.272,20.52,60.801,81.409,7.305,28.444,3.244,6.209
442.87,4.198,20.382,60.73,81.315,7.222,28.232,3.187,6.156
443.07,4.136,20.183,60.668,81.265,7.073,28.002,3.062,6.123
443.27,4.083,20.008,60.63,81.286,6.974,27.844,3.115,6.162
443.47,4.04,19.884,60.602,81.326,6.894,27.702,3.066,6.196
443.67,3.903,19.69,60.526,81.315,6.882,27.542,3.111,6.103
443.87,3.837,19.526,60.514,81.322,6.778,27.336,3.086,6.009
444.07,3.769,19.429,60.461,81.333,6.673,27.187,3.113,5.94
444.27,3.743,19.292,60.437,81.367,6.552,27.006,3.023,6.048
444.47,3.687,19.177,60.44,81.443,6.524,26.885,3.05,5.898
444.67,3.659,19.07,60.368,81.333,6.432,26.687,2.96,5.926
444.87,3.569,18.92,60.399,81.32,6.322,26.52,2.912,5.869
445.07,3.506,18.728,60.398,81.334,6.247,26.362,2.992,5.869
445.27,3.458,18.655,60.341,81.377,6.196,26.27,2.939,5.985
445.47,3.424,18.531,60.276,81.31,6.114,26.106,2.902,5.99
445.67,3.356,18.429,60.238,81.29,6.067,25.942,2.877,5.934
445.87,3.288,18.309,60.184,81.213,6.017,25.764,2.928,5.931
446.07,3.263,18.253,60.145,81.199,5.945,25.64,2.956,5.834
446.27,3.264,18.183,60.129,81.181,5.884,25.458,2.968,5.898
446.47,3.255,18.131,59.967,81.099,5.785,25.237,2.872,5.812
446.67,3.175,18.008,59.923,81.036,5.713,25.088,2.795,5.703
446.87,3.193,17.949,60.006,80.965,5.642,24.903,2.803,5.687
447.07,3.173,17.869,60.095,81.064,5.564,24.791,2.8,5.828
447.27,3.143,17.77,60.131,81.065,5.493,24.623,2.855,5.853
447.47,3.168,17.72,60.133,81.033,5.409,24.446,2.89,5.955
447.67,3.096,17.598,60.109,80.892,5.352,24.251,2.932,5.894
447.87,3.101,17.544,60.102,80.876,5.228,24.12,2.844,5.964
448.07,3.135,17.508,60.079,80.885,5.155,24.004,2.905,5.914
448.27,3.108,17.429,60.158,80.966,5.124,23.844,2.834,5.872
448.47,3.108,17.368,60.146,80.894,5.017,23.646,2.898,5.826
448.67,3.069,17.299,60.101,80.792,4.932,23.517,2.815,5.835
448.87,3.061,17.238,60.055,80.834,4.889,23.469,2.844,5.82
449.07,3.085,17.195,59.989,80.817,4.833,23.284,2.902,5.824
449.27,3.075,17.218,59.997,80.821,4.751,23.129,2.807,5.764
449.47,3.041,17.18,60.055,80.796,4.675,22.951,2.864,5.685
449.67,3.041,17.167,60.046,80.759,4.634,22.841,2.904,5.764
449.87,3.051,17.109,60.06,80.781,4.539,22.676,2.929,5.804
450.07,3.062,17.119,59.994,80.824,4.459,22.509,2.85,5.88
450.27,3.037,17.079,60.068,80.823,4.386,22.337,2.874,5.991
450.47,3.029,17.057,60.06,80.88,4.299,22.192,2.794,5.955
450.67,3.062,17.124,60.129,80.95,4.228,22.09,2.757,6.087
450.87,3.083,17.188,60.111,80.997,4.152,21.913,2.822,6.136
451.07,3.051,17.2,60.017,81.046,4.103,21.825,2.753,6.2
451.27,3.068,17.258,59.997,81.041,4.104,21.746,2.596,6.04
451.47,3.107,17.363,59.969,80.989,4.082,21.664,2.518,6.041
451.67,3.083,17.425,59.935,81.002,4.019,21.574,2.451,5.959
451.87,3.156,17.558,59.918,81.102,3.963,21.515,2.385,6.019
452.07,3.224,17.666,59.991,81.209,3.975,21.445,2.382,5.955
452.27,3.233,17.757,59.968,81.139,3.939,21.393,2.372,6.086
452.47,3.294,17.904,59.921,81.02,3.913,21.386,2.374,6.113
452.67,3.325,18.037,59.924,81.015,3.916,21.393,2.402,6.04
452.87,3.393,18.269,59.941,81.066,3.923,21.352,2.47,6.056
453.07,3.465,18.5,60.011,81.068,3.935,21.285,2.385,6.018
453.27,3.541,18.758,60.038,81.068,3.943,21.367,2.462,6.071
453.47,3.642,19.023,59.97,81.059,3.977,21.382,2.447,6.085
453.67,3.735,19.259,59.952,81.007,4.016,21.479,2.525,6.147
453.87,3.819,19.532,60.031,81.119,4.012,21.528,2.363,6.141
454.07,3.947,19.889,59.988,81.021,4.038,21.634,2.282,6.112
454.27,4.087,20.229,60.057,81.025,4.095,21.806,2.293,6.064
454.47,4.254,20.572,60.009,81.028,4.15,21.93,2.217,6.043
454.67,4.436,21.034,60.004,80.925,4.24,22.096,2.347,6.042
454.87,4.518,21.382,59.988,80.908,4.31,22.291,2.472,6.049
455.07,4.735,21.778,59.993,80.89,4.417,22.478,2.403,6.154
455.27,4.917,22.194,60.104,80.94,4.52,22.686,2.486,6.002
455.47,5.107,22.619,60.123,80.898,4.598,22.843,2.569,6.112
455.67,5.268,23.05,60.16,80.949,4.685,23.053,2.663,6.122
455.87,5.452,23.437,60.215,80.963,4.807,23.265,2.761,6.11
456.07,5.642,23.851,60.257,80.968,4.903,23.519,2.838,6.076
456.27,5.869,24.305,60.221,80.921,5.025,23.794,2.847,6.084
456.47,6.069,24.71,60.223,80.904,5.15,24.065,2.86,5.969
456.67,6.29,25.129,60.189,80.879,5.273,24.287,2.994,5.995
456.87,6.5,25.534,60.152,80.901,5.382,24.498,2.937,6.093
457.06,6.698,25.904,60.222,80.941,5.457,24.743,2.868,6.108
457.26,6.896,26.299,60.248,80.928,5.582,25,2.93,6.15
457.46,7.131,26.674,60.237,80.867,5.702,25.248,2.949,6.13
457.66,7.345,27.046,60.268,80.852,5.869,25.543,3.003,6.18
457.86,7.607,27.48,60.281,80.835,6.009,25.795,3.016,6.048
458.06,7.812,27.856,60.235,80.798,6.154,26.076,3.202,6.022
458.26,8.053,28.291,60.294,80.854,6.35,26.35,3.421,5.949
458.46,8.28,28.719,60.272,80.826,6.511,26.632,3.512,5.986
458.66,8.523,29.19,60.356,80.87,6.705,26.972,3.613,6.114
458.86,8.781,29.637,60.389,80.882,6.89,27.319,3.676,5.998
459.06,9.131,30.06,60.399,80.878,7.132,27.625,3.816,6.02
459.26,9.403,30.513,60.526,80.904,7.324,28.017,3.984,6.025
459.46,9.734,30.997,60.519,80.848,7.577,28.357,4.092,6.103
459.66,10.005,31.42,60.507,80.923,7.796,28.707,4.216,6.093
459.86,10.364,31.919,60.475,80.871,8.058,29.148,4.401,5.997
460.06,10.652,32.365,60.495,80.938,8.356,29.568,4.484,6.074
460.26,10.981,32.846,60.489,80.933,8.628,29.934,4.559,6.183
460.46,11.254,33.292,60.541,80.924,8.861,30.357,4.771,6.196
460.66,11.577,33.799,60.64,80.951,9.118,30.757,4.975,6.298
460.85,11.908,34.333,60.699,80.969,9.463,31.193,5.005,6.393
461.05,12.215,34.831,60.763,81.002,9.847,31.743,5.211,6.363
461.25,12.608,35.365,60.789,80.969,10.211,32.218,5.524,6.395
461.45,12.997,35.883,60.813,80.964,10.562,32.735,5.765,6.359
461.65,13.378,36.452,60.901,81.065,10.966,33.272,5.862,6.389
461.85,13.777,36.976,60.919,81.055,11.336,33.79,6.147,6.323
462.05,14.166,37.528,60.989,81.137,11.695,34.364,6.397,6.504
462.25,14.624,38.133,61.034,81.135,12.183,34.971,6.609,6.459
462.45,15.045,38.712,61.159,81.137,12.599,35.516,6.713,6.54
462.65,15.502,39.31,61.146,81.154,13.08,36.1,6.879,6.565
462.85,15.95,39.823,61.112,81.154,13.547,36.704,7.086,6.6
463.05,16.388,40.404,61.141,81.231,14.013,37.327,7.29,6.717
463.25,16.809,40.984,61.192,81.292,14.457,37.907,7.407,6.679
463.45,17.235,41.619,61.076,81.328,14.976,38.531,7.656,6.68
463.65,17.703,42.237,61.084,81.446,15.417,39.174,7.918,6.735
463.84,18.16,42.784,61.121,81.466,15.847,39.78,8.068,6.752
464.04,18.605,43.345,61.249,81.585,16.366,40.361,8.238,6.73
464.24,19.113,44,61.236,81.593,16.854,41.006,8.376,6.724
464.44,19.52,44.564,61.29,81.595,17.383,41.63,8.543,6.619
464.64,19.984,45.146,61.327,81.624,17.899,42.153,8.673,6.656
464.84,20.449,45.655,61.313,81.664,18.434,42.732,8.863,6.68
465.04,20.939,46.208,61.291,81.777,18.977,43.432,9.15,6.612
465.24,21.462,46.763,61.247,81.792,19.523,44.018,9.398,6.662
465.44,21.89,47.302,61.26,81.752,20.103,44.686,9.606,6.708
465.64,22.368,47.867,61.224,81.737,20.613,45.304,9.788,6.754
465.84,22.883,48.411,61.241,81.786,21.168,45.866,10.084,6.73
466.04,23.272,48.938,61.352,81.812,21.729,46.506,10.165,6.823
466.23,23.731,49.431,61.411,81.918,22.335,47.082,10.278,6.779
466.43,24.2,49.959,61.471,82.047,22.833,47.657,10.322,6.856
466.63,24.678,50.455,61.407,82.067,23.389,48.312,10.551,6.929
466.83,25.177,50.979,61.533,82.173,23.969,48.97,10.733,6.746
467.03,25.678,51.614,61.577,82.223,24.595,49.622,10.997,6.54
467.23,26.188,52.069,61.583,82.21,25.261,50.242,11.111,6.609
467.43,26.609,52.581,61.638,82.247,25.86,50.909,11.336,6.648
467.63,27.148,53.079,61.72,82.181,26.515,51.557,11.423,6.654
467.83,27.647,53.558,61.738,82.126,27.206,52.238,11.52,6.634
468.03,28.155,54.063,61.797,82.122,27.891,52.926,11.713,6.552
468.22,28.602,54.589,61.731,82.044,28.534,53.617,11.808,6.505
468.42,29.024,54.998,61.737,82.021,29.161,54.227,12.006,6.462
468.62,29.551,55.421,61.716,82.049,29.796,54.911,12.168,6.616
468.82,30.081,55.858,61.708,82.11,30.494,55.59,12.384,6.568
469.02,30.6,56.474,61.726,82.132,31.142,56.168,12.531,6.523
469.22,31.039,56.852,61.823,82.103,31.765,56.75,12.697,6.452
469.42,31.488,57.344,61.932,82.171,32.359,57.393,12.823,6.447
469.62,32.023,57.799,61.886,82.238,33.005,57.922,12.857,6.397
469.82,32.494,58.264,61.845,82.276,33.712,58.509,12.914,6.42
470.01,32.879,58.69,61.787,82.291,34.361,59.148,12.934,6.46
470.21,33.471,59.181,61.706,82.317,35.028,59.729,13.077,6.404
470.41,33.915,59.64,61.632,82.212,35.644,60.339,13.244,6.445
470.61,34.352,60.048,61.649,82.195,36.293,60.906,13.408,6.418
470.81,34.807,60.509,61.675,82.241,36.956,61.527,13.471,6.357
471.01,35.259,60.95,61.701,82.213,37.633,62.093,13.607,6.51
471.21,35.628,61.249,61.73,82.1,38.25,62.642,13.697,6.583
471.41,36.033,61.659,61.744,82.117,38.919,63.21,13.809,6.509
471.61,36.474,62.025,61.644,82.049,39.485,63.777,13.908,6.384
471.8,36.844,62.366,61.6,82.079,40.108,64.272,14.076,6.189
472,37.246,62.795,61.63,82.123,40.735,64.76,14.258,6.146
472.2,37.617,63.165,61.557,82.026,41.367,65.251,14.4,6.151
472.4,38.029,63.517,61.612,82.078,41.979,65.717,14.556,6.313
472.6,38.519,63.985,61.616,82.104,42.611,66.132,14.757,6.381
472.8,38.916,64.439,61.698,82.197,43.225,66.572,14.908,6.33
473,39.259,64.797,61.657,82.139,43.797,67.072,15.074,6.325
473.2,39.623,65.081,61.656,82.176,44.45,67.635,15.229,6.285
473.39,40.041,65.488,61.631,82.18,45.042,68.089,15.151,6.328
473.59,40.417,65.843,61.658,82.159,45.623,68.489,15.174,6.161
473.79,40.721,66.109,61.731,82.232,46.224,68.997,15.133,6.04
473.99,41.032,66.457,61.793,82.318,46.725,69.388,15.222,6.088
474.19,41.326,66.762,61.814,82.324,47.148,69.794,15.271,6.213
474.39,41.583,67.069,61.826,82.266,47.656,70.186,15.329,6.246
474.59,41.892,67.357,61.858,82.303,48.202,70.619,15.349,6.185
474.78,42.219,67.656,61.818,82.26,48.722,70.983,15.39,6.134
474.98,42.512,67.843,61.768,82.19,49.268,71.327,15.519,6.121
475.18,42.811,68.078,61.675,82.138,49.769,71.706,15.567,6.112
475.38,43.177,68.38,61.625,82.201,50.268,71.989,15.554,6.221
475.58,43.469,68.653,61.669,82.27,50.684,72.349,15.469,6.19
475.78,43.779,68.886,61.73,82.269,51.267,72.651,15.292,6.255
475.98,44.125,69.107,61.741,82.314,51.702,73.002,15.287,6.406
476.17,44.397,69.287,61.696,82.268,52.206,73.327,15.203,6.356
476.37,44.693,69.559,61.73,82.341,52.76,73.636,15.143,6.466
476.57,44.974,69.724,61.677,82.242,53.304,74.032,15.032,6.569
476.77,45.239,69.878,61.709,82.309,53.814,74.381,14.837,6.655
476.97,45.47,70.026,61.651,82.288,54.27,74.7,14.822,6.682
477.17,45.804,70.22,61.623,82.234,54.818,75.075,14.722,6.739
477.37,46.112,70.349,61.593,82.189,55.358,75.356,14.606,6.724
477.56,46.347,70.468,61.614,82.192,55.889,75.751,14.6,6.941
477.76,46.649,70.608,61.559,82.088,56.43,76.015,14.516,7.149
477.96,46.951,70.776,61.527,82.062,56.944,76.363,14.569,7.197
478.16,47.23,70.95,61.567,82.002,57.51,76.693,14.552,7.105
478.36,47.601,71.172,61.593,82.008,58.19,77.05,14.346,6.951
478.56,47.946,71.316,61.577,82.103,58.705,77.434,14.304,6.879
478.75,48.307,71.514,61.571,82.135,59.288,77.759,14.22,6.991
478.95,48.503,71.593,61.556,82.11,59.765,78.131,14.226,6.961
479.15,48.801,71.824,61.624,82.149,60.199,78.496,14.147,6.983
479.35,49.027,71.934,61.64,82.109,60.598,78.839,14.089,6.915
479.55,49.207,72.047,61.63,82.08,60.999,79.169,13.975,6.82
479.75,49.41,72.199,61.671,82.052,61.363,79.452,14.004,6.827
479.94,49.572,72.299,61.672,82.034,61.647,79.688,14.012,6.848
480.14,49.73,72.406,61.699,82.011,61.94,79.89,13.9,6.905
480.34,49.895,72.536,61.708,81.947,62.179,80.152,13.83,6.89
480.54,50.009,72.625,61.666,81.922,62.424,80.349,13.728,6.878
480.74,50.18,72.732,61.631,81.947,62.7,80.479,13.726,6.781
480.94,50.287,72.823,61.647,81.939,62.953,80.709,13.683,6.718
481.13,50.441,72.902,61.636,81.952,63.219,80.867,13.625,6.712
481.33,50.51,73.004,61.669,82.009,63.413,80.975,13.561,6.637
481.53,50.594,73.135,61.661,82.031,63.623,81.117,13.482,6.678
481.73,50.724,73.261,61.612,81.958,63.789,81.216,13.457,6.591
481.93,50.807,73.357,61.579,81.976,63.985,81.426,13.414,6.515
482.13,50.961,73.536,61.572,81.984,64.193,81.585,13.365,6.533
482.32,51.104,73.584,61.55,81.98,64.452,81.766,13.306,6.637
482.52,51.142,73.637,61.537,81.914,64.642,81.953,13.33,6.622
482.72,51.209,73.761,61.59,81.911,64.867,82.109,13.28,6.713
482.92,51.245,73.791,61.591,81.843,64.985,82.161,13.188,6.642
483.12,51.375,73.953,61.597,81.845,65.169,82.225,13.118,6.693
483.31,51.459,73.99,61.554,81.845,65.355,82.34,13.058,6.693
483.51,51.549,74.046,61.582,81.887,65.507,82.411,13.036,6.746
483.71,51.603,74.119,61.576,81.915,65.624,82.457,12.995,6.754
483.91,51.651,74.169,61.527,81.874,65.773,82.548,12.969,6.762
484.11,51.762,74.226,61.513,81.874,65.961,82.612,12.929,6.78
484.31,51.835,74.322,61.464,81.886,66.12,82.704,12.88,6.745
484.5,51.867,74.349,61.48,81.955,66.272,82.761,12.89,6.76
484.7,51.948,74.412,61.483,81.941,66.351,82.859,12.838,6.787
484.9,52.024,74.474,61.509,81.975,66.398,82.979,12.829,6.822
485.1,52.076,74.532,61.494,81.936,66.486,82.997,12.762,6.856
485.3,52.111,74.572,61.523,81.851,66.621,83.08,12.665,6.812
485.49,52.221,74.616,61.549,81.849,66.783,83.15,12.596,6.878
485.69,52.251,74.651,61.548,81.807,66.878,83.282,12.564,6.862
485.89,52.267,74.709,61.552,81.848,67.002,83.334,12.533,6.816
486.09,52.349,74.775,61.601,81.901,67.156,83.394,12.538,6.807
486.29,52.388,74.782,61.544,81.862,67.257,83.481,12.506,6.813
486.48,52.46,74.859,61.555,81.878,67.315,83.578,12.39,6.768
486.68,52.59,74.905,61.543,81.875,67.427,83.622,12.371,6.854
486.88,52.684,74.922,61.52,81.882,67.489,83.677,12.339,6.771
487.08,52.744,75.021,61.512,81.922,67.612,83.793,12.318,6.783
487.28,52.815,74.998,61.518,81.948,67.747,83.901,12.384,6.833
487.47,52.848,75.034,61.543,81.967,67.814,83.901,12.338,6.824
487.67,52.924,75.127,61.529,81.995,67.976,83.999,12.267,6.818
487.87,52.985,75.158,61.498,81.966,68.088,84.078,12.246,6.838
488.07,53.047,75.16,61.48,81.953,68.201,84.152,12.206,6.833
488.26,53.075,75.22,61.495,82.011,68.293,84.208,12.16,6.86
488.46,53.142,75.275,61.528,81.973,68.386,84.274,12.201,6.885
488.66,53.212,75.331,61.532,81.935,68.486,84.263,12.161,6.93
488.86,53.31,75.372,61.555,81.978,68.596,84.337,12.147,6.864
489.06,53.354,75.425,61.59,81.958,68.728,84.422,12.055,6.911
489.25,53.437,75.449,61.556,81.953,68.828,84.471,12.091,6.917
489.45,53.538,75.502,61.538,82.016,68.88,84.535,12.123,6.86
489.65,53.571,75.527,61.512,82.036,68.943,84.669,12.108,6.892
489.85,53.682,75.545,61.537,82.051,69.06,84.722,12.066,6.87
490.05,53.784,75.585,61.545,82.028,69.2,84.834,12.003,6.901
490.24,53.833,75.598,61.516,81.96,69.271,84.83,11.97,6.965
490.44,53.929,75.651,61.569,81.973,69.377,84.9,11.979,6.974
490.64,53.934,75.663,61.583,81.943,69.499,84.924,11.982,7.021
490.84,53.946,75.695,61.602,82.005,69.54,84.923,12.021,7.027
491.03,54.007,75.737,61.603,81.972,69.626,84.962,11.97,7.115
491.23,54.1,75.776,61.605,81.968,69.765,85.098,11.975,7.09
491.43,54.148,75.861,61.601,81.899,69.856,85.156,11.818,6.97
491.63,54.202,75.938,61.568,81.88,69.994,85.254,11.875,6.973
491.82,54.266,76.008,61.595,81.847,69.988,85.297,11.842,7.011
492.02,54.345,76.014,61.643,81.879,70.049,85.4,11.884,7.005
492.22,54.436,76.084,61.674,81.959,70.139,85.416,11.793,7.045
492.42,54.547,76.133,61.67,81.91,70.208,85.491,11.802,6.936
492.61,54.609,76.118,61.62,81.907,70.329,85.542,11.802,6.909
492.81,54.746,76.183,61.615,81.915,70.447,85.713,11.693,6.986
493.01,54.796,76.215,61.588,81.868,70.612,85.754,11.701,7.053
493.21,54.916,76.28,61.546,81.853,70.745,85.746,11.65,7.012
493.41,54.994,76.301,61.589,81.89,70.881,85.838,11.566,6.963
493.6,55.036,76.383,61.616,81.943,70.941,85.917,11.584,7.03
493.8,55.127,76.508,61.644,81.893,71.064,85.884,11.535,7.043
494,55.215,76.571,61.68,81.926,71.135,85.978,11.475,7.138
494.2,55.298,76.621,61.719,81.994,71.17,86.024,11.484,7.07
494.39,55.439,76.727,61.79,82.109,71.251,86.167,11.425,7.016
494.59,55.474,76.795,61.856,82.118,71.327,86.224,11.356,6.991
494.79,55.611,76.827,61.879,82.177,71.399,86.284,11.349,6.934
494.99,55.71,76.982,61.877,82.22,71.468,86.407,11.276,6.902
495.18,55.803,77.089,61.914,82.282,71.585,86.44,11.336,6.869
495.38,55.857,77.094,61.967,82.325,71.668,86.458,11.353,6.896
495.58,55.948,77.152,62.028,82.414,71.74,86.542,11.358,6.94
495.78,56.086,77.26,62.06,82.442,71.822,86.611,11.272,7.078
495.97,56.121,77.291,62.02,82.438,71.968,86.633,11.289,7.085
496.17,56.253,77.406,62.102,82.501,72.108,86.646,11.194,7.151
496.37,56.37,77.47,62.109,82.478,72.174,86.698,11.172,7.116
496.56,56.405,77.54,62.169,82.53,72.273,86.74,11.12,7.251
496.76,56.513,77.63,62.265,82.58,72.254,86.79,11.03,7.356
496.96,56.533,77.681,62.23,82.637,72.304,86.785,11.132,7.281
497.16,56.596,77.701,62.277,82.692,72.353,86.787,11.139,7.283
497.35,56.643,77.738,62.342,82.77,72.428,86.818,11.22,7.316
497.55,56.7,77.818,62.37,82.832,72.476,86.965,11.218,7.278
497.75,56.763,77.838,62.37,82.71,72.602,87.013,11.044,7.396
497.95,56.843,77.847,62.358,82.736,72.635,87.063,11.083,7.374
498.14,56.909,77.938,62.339,82.765,72.669,87.043,11.143,7.348
498.34,56.974,78.004,62.374,82.749,72.747,87.107,11.068,7.391
498.54,56.985,77.972,62.368,82.677,72.841,87.098,10.996,7.418
498.74,57.067,77.966,62.314,82.671,72.95,87.111,10.956,7.545
498.93,57.169,78.165,62.304,82.673,73.02,87.115,10.987,7.555
499.13,57.26,78.162,62.335,82.678,73.191,87.093,10.902,7.567
499.33,57.354,78.146,62.353,82.658,73.376,87.2,10.786,7.583
499.52,57.458,78.289,62.314,82.616,73.401,87.181,10.772,7.623
499.72,57.595,78.389,62.317,82.669,73.504,87.185,10.71,7.786
499.92,57.74,78.42,62.369,82.678,73.642,87.198,10.581,7.535
500.12,57.869,78.464,62.402,82.736,73.711,87.247,10.565,7.418
500.31,57.903,78.511,62.424,82.705,73.796,87.297,10.583,7.385
500.51,57.934,78.558,62.435,82.679,73.867,87.383,10.64,7.456
500.71,58.052,78.595,62.431,82.652,73.957,87.53,10.538,7.427
500.9,58.079,78.599,62.487,82.61,74.182,87.537,10.602,7.368
501.1,58.148,78.733,62.504,82.682,74.207,87.531,10.491,7.438
501.3,58.242,78.826,62.486,82.705,74.259,87.569,10.386,7.515
501.5,58.257,78.886,62.528,82.69,74.274,87.66,10.262,7.388
501.69,58.348,78.991,62.539,82.682,74.339,87.537,10.357,7.417
501.89,58.443,79.047,62.538,82.777,74.432,87.505,10.517,7.348
502.09,58.476,79.041,62.617,82.857,74.505,87.563,10.444,7.307
502.28,58.535,79.145,62.68,82.867,74.586,87.636,10.373,7.378
502.48,58.613,79.16,62.733,82.923,74.705,87.705,10.367,7.544
502.68,58.666,79.293,62.742,82.995,74.797,87.805,10.436,7.642
502.88,58.716,79.389,62.81,83.079,74.917,87.837,10.336,7.667
503.07,58.764,79.347,62.801,83.103,75.027,87.939,10.258,7.768
503.27,58.852,79.358,62.86,83.124,75.117,88.055,10.187,7.818
503.47,58.902,79.456,62.802,83.076,75.107,87.999,10.078,7.803
503.66,58.976,79.419,62.871,83.141,75.219,88.078,9.862,7.873
503.86,59.002,79.408,62.798,83.024,75.177,88.088,9.862,7.75
504.06,58.994,79.444,62.813,83.008,75.161,88.135,9.875,7.844
504.25,59.037,79.505,62.836,82.896,75.318,88.116,9.762,7.958
504.45,59.018,79.479,62.815,82.954,75.321,88.217,9.609,8.039
504.65,59.045,79.511,62.809,83.003,75.415,88.3,9.448,8.139
504.85,59.029,79.509,62.823,82.984,75.392,88.166,9.515,8.157
505.04,59.056,79.564,62.82,83.052,75.399,88.182,9.458,8.191
505.24,59.081,79.47,62.887,83.043,75.454,88.289,9.463,8.096
505.44,59.009,79.501,62.986,83.039,75.549,88.322,9.446,7.989
505.63,59.014,79.549,62.939,83.039,75.595,88.298,9.359,8.235
505.83,59.038,79.485,62.93,83.04,75.642,88.402,9.15,8.377
506.03,59.009,79.484,63.013,83.071,75.728,88.486,9.012,8.347
506.22,59.07,79.576,62.969,82.992,75.76,88.543,8.924,8.41
506.42,59.111,79.587,62.941,82.981,75.842,88.529,8.828,8.316
506.62,59.127,79.64,62.833,82.901,75.847,88.492,8.694,8.385
506.81,59.203,79.664,62.849,82.829,75.845,88.494,8.58,8.229
507.01,59.256,79.665,62.815,82.784,75.883,88.573,8.493,8.033
507.21,59.235,79.72,62.896,82.784,75.884,88.579,8.468,7.984
507.4,59.259,79.762,62.863,82.725,75.913,88.54,8.468,7.906
507.6,59.163,79.759,62.885,82.731,75.926,88.624,8.494,7.877
507.8,59.192,79.824,62.831,82.698,75.94,88.595,8.615,7.788
507.99,59.157,79.803,62.902,82.779,76.082,88.65,8.547,7.942
508.19,59.129,79.751,62.891,82.832,76.109,88.671,8.479,7.99
508.39,59.165,79.711,62.862,82.941,76.089,88.756,8.363,8.015
508.58,59.287,79.775,62.812,82.88,76.155,88.699,8.341,7.917
508.78,59.339,79.786,62.84,82.909,76.129,88.645,8.344,7.756
508.98,59.384,79.889,62.844,82.959,76.229,88.646,8.276,7.885
509.17,59.403,79.944,62.814,82.986,76.291,88.644,8.141,7.878
509.37,59.416,79.985,62.809,82.919,76.395,88.623,8.038,7.905
509.57,59.515,80.034,62.795,82.934,76.352,88.702,8,8.074
509.76,59.618,80.053,62.851,82.985,76.465,88.747,7.943,7.994
509.96,59.631,80.133,62.904,82.958,76.531,88.731,7.938,7.985
510.16,59.716,80.198,62.844,82.888,76.511,88.747,7.931,8.002
510.35,59.703,80.128,62.851,82.878,76.5,88.796,7.826,8.04
510.55,59.731,80.149,62.826,82.901,76.551,88.823,7.829,7.976
510.75,59.707,80.109,62.871,82.901,76.594,88.782,7.722,7.725
510.94,59.652,80.043,62.862,82.921,76.654,88.844,7.667,7.826
511.14,59.681,80.132,62.865,82.899,76.64,88.822,7.803,7.979
511.34,59.72,80.145,62.8,82.818,76.66,88.732,7.733,7.964
511.53,59.675,80.134,62.858,82.852,76.654,88.697,7.667,7.988
511.73,59.729,80.091,62.948,82.896,76.693,88.689,7.615,8.045
511.93,59.724,80.023,63.038,82.978,76.821,88.679,7.511,8.126
512.12,59.793,80.13,63.068,82.975,76.769,88.655,7.541,8.129
512.32,59.812,80.215,63.066,82.924,76.776,88.617,7.379,8.2
512.52,59.768,80.299,63.136,82.906,76.831,88.649,7.404,8.109
512.71,59.695,80.336,63.208,82.972,76.841,88.607,7.292,8.12
512.91,59.724,80.351,63.289,83.008,76.992,88.587,7.242,8.085
513.11,59.707,80.313,63.264,82.992,76.982,88.753,7.158,7.942
513.3,59.676,80.313,63.274,83.016,76.998,88.813,7.119,7.938
513.5,59.676,80.266,63.259,83.052,76.996,88.864,7.034,8.029
513.69,59.624,80.231,63.187,83.132,77.08,88.776,6.931,8.04
513.89,59.59,80.205,63.124,83.098,77.058,88.726,6.929,8.042
514.09,59.661,80.207,63.075,83.119,77.022,88.778,6.828,7.963
514.28,59.638,80.212,63.12,83.191,77.041,88.803,6.663,7.958
514.48,59.695,80.311,63.077,83.189,77.147,88.807,6.686,7.9
514.68,59.672,80.242,63.093,83.16,77.117,88.806,6.676,7.963
514.87,59.713,80.306,63.036,83.212,77.149,88.869,6.759,8.063
515.07,59.733,80.356,63.021,83.194,77.118,88.818,6.694,8.074
515.27,59.762,80.334,63.011,83.227,77.162,88.837,6.612,8.064
515.46,59.716,80.314,63.013,83.252,77.17,88.969,6.526,8.004
515.66,59.758,80.228,62.973,83.207,77.221,89.011,6.455,8.066
515.85,59.771,80.18,62.966,83.155,77.306,89.018,6.354,8.079
516.05,59.786,80.242,62.949,83.093,77.24,88.955,6.288,8.058
516.25,59.754,80.254,62.887,83.047,77.279,89.064,6.148,7.934
516.44,59.774,80.203,62.886,83.115,77.329,89.104,6.142,7.928
516.64,59.839,80.243,62.847,83.094,77.234,89.051,5.987,7.984
516.84,59.872,80.164,62.774,82.955,77.335,89.088,5.935,8.055
517.03,59.798,80.165,62.709,82.904,77.318,89.116,5.962,8.182
517.23,59.83,80.169,62.766,82.955,77.404,89.063,5.842,8.191
517.42,59.801,80.106,62.693,82.921,77.314,89.14,5.659,8.156
517.62,59.828,80.185,62.682,82.866,77.323,89.086,5.595,8.033
517.82,59.867,80.152,62.653,82.753,77.348,89.155,5.585,7.807
518.01,59.885,80.161,62.671,82.735,77.335,89.262,5.548,7.759
518.21,59.787,80.121,62.686,82.634,77.438,89.246,5.509,7.792
518.4,59.805,80.021,62.619,82.575,77.522,89.213,5.506,7.816
518.6,59.766,79.957,62.627,82.566,77.554,89.189,5.477,7.797
518.8,59.795,79.967,62.57,82.575,77.649,89.154,5.454,7.874
518.99,59.801,79.939,62.661,82.555,77.602,89.16,5.39,7.87
519.19,59.826,79.893,62.655,82.584,77.718,89.198,5.396,7.938
519.38,59.755,79.866,62.675,82.526,77.711,89.256,5.225,7.917
519.58,59.783,79.874,62.694,82.541,77.829,89.241,5.274,8.021
519.78,59.746,79.958,62.677,82.557,77.788,89.259,5.378,7.975
519.97,59.788,80.07,62.643,82.599,77.804,89.227,5.323,7.918
520.17,59.707,79.975,62.644,82.675,77.825,89.371,5.267,8.007
520.36,59.738,79.946,62.651,82.664,77.811,89.303,5.243,8.083
520.56,59.645,79.938,62.669,82.632,77.842,89.362,5.147,7.891
520.76,59.629,79.882,62.655,82.666,77.928,89.384,5.293,7.943
520.95,59.673,79.988,62.683,82.708,77.905,89.349,5.356,7.931
521.15,59.663,80.005,62.644,82.738,77.912,89.332,5.315,7.939
521.34,59.62,79.964,62.567,82.664,77.869,89.403,5.363,8.026
521.54,59.614,79.969,62.682,82.689,77.934,89.344,5.456,8.07
521.74,59.584,79.908,62.663,82.736,78.014,89.333,5.417,8.123
521.93,59.596,79.95,62.706,82.776,77.979,89.298,5.391,8.252
522.13,59.53,79.946,62.664,82.778,78.016,89.26,5.483,8.252
522.32,59.519,79.981,62.651,82.874,78.03,89.172,5.502,8.3
522.52,59.519,80.059,62.69,82.892,78.032,89.071,5.417,8.298
522.72,59.488,80.02,62.736,82.989,78.074,88.945,5.378,8.389
522.91,59.475,80.004,62.793,83.036,78.056,88.882,5.387,8.374
523.11,59.491,80.042,62.77,83.069,78.219,88.838,5.363,8.38
523.3,59.499,80.017,62.75,83.101,78.203,88.701,5.314,8.31
523.5,59.532,79.994,62.738,83.138,78.335,88.656,5.368,8.427
523.7,59.56,79.984,62.717,83.154,78.396,88.7,5.358,8.41
523.89,59.634,80.003,62.656,83.098,78.417,88.727,5.216,8.481
524.09,59.624,79.981,62.642,83.118,78.443,88.762,5.224,8.587
524.28,59.667,80.011,62.61,83.132,78.443,88.707,5.238,8.502
524.48,59.661,79.963,62.58,83.129,78.493,88.685,5.226,8.504
524.67,59.712,79.987,62.548,83.147,78.517,88.666,5.431,8.646
524.87,59.7,80.027,62.623,83.166,78.532,88.719,5.418,8.679
525.07,59.672,79.981,62.609,83.228,78.57,88.777,5.369,8.664
525.26,59.743,80.015,62.627,83.229,78.558,88.821,5.352,8.699
525.46,59.776,80.072,62.663,83.264,78.63,88.738,5.375,8.678
525.65,59.841,80.152,62.602,83.232,78.677,88.73,5.428,8.7
525.85,59.857,80.17,62.634,83.246,78.656,88.758,5.469,8.767
526.04,59.894,80.182,62.664,83.241,78.715,88.809,5.46,8.734
526.24,59.961,80.264,62.717,83.252,78.754,88.829,5.415,8.833
526.44,60.038,80.301,62.746,83.21,78.767,88.858,5.47,8.747
526.63,60.06,80.358,62.732,83.239,78.725,88.973,5.566,8.749
526.83,60.131,80.446,62.739,83.215,78.716,89.08,5.688,8.739
527.02,60.19,80.53,62.735,83.172,78.682,89.187,5.646,8.72
527.22,60.209,80.496,62.681,83.125,78.634,89.187,5.666,8.744
527.41,60.234,80.557,62.754,83.173,78.701,89.296,5.712,8.816
527.61,60.247,80.587,62.763,83.196,78.643,89.286,5.692,8.839
527.8,60.275,80.623,62.796,83.251,78.621,89.218,5.748,8.883
528,60.304,80.642,62.896,83.352,78.695,89.232,5.81,8.829
528.2,60.311,80.663,62.923,83.349,78.743,89.23,5.939,8.761
528.39,60.356,80.689,62.942,83.329,78.798,89.226,6.001,8.783
528.59,60.408,80.789,62.989,83.388,78.779,89.276,6.028,8.779
528.78,60.408,80.805,63.039,83.39,78.754,89.28,6.041,8.752
528.98,60.432,80.782,62.989,83.361,78.791,89.285,6.031,8.785
529.17,60.472,80.869,63.033,83.394,78.785,89.269,6.092,8.848
529.37,60.495,80.933,63.084,83.415,78.882,89.239,6.075,8.817
529.56,60.51,80.966,63.126,83.446,78.842,89.287,6.162,8.841
529.76,60.522,80.916,63.162,83.407,78.835,89.285,6.14,8.796
529.95,60.605,80.994,63.207,83.422,78.874,89.346,6.208,8.758
530.15,60.588,81.002,63.234,83.453,78.876,89.347,6.276,8.796
530.35,60.578,80.941,63.253,83.47,78.909,89.35,6.211,8.62
530.54,60.584,80.971,63.266,83.512,78.872,89.396,6.208,8.678
530.74,60.575,80.945,63.282,83.495,78.897,89.395,6.253,8.74
530.93,60.599,80.947,63.308,83.49,78.901,89.399,6.226,8.729
531.13,60.63,80.936,63.338,83.511,78.971,89.34,6.252,8.768
531.32,60.654,81.019,63.435,83.542,79.013,89.404,6.24,8.794
531.52,60.69,81.041,63.425,83.506,78.977,89.473,6.235,8.797
531.71,60.721,81.107,63.492,83.484,78.926,89.51,6.306,8.643
531.91,60.76,81.138,63.49,83.468,78.96,89.574,6.212,8.595
532.1,60.752,81.189,63.454,83.447,78.918,89.591,6.168,8.645
532.3,60.76,81.188,63.44,83.447,78.876,89.603,6.056,8.652
532.49,60.761,81.233,63.435,83.408,78.897,89.653,6.099,8.656
532.69,60.73,81.25,63.469,83.393,78.881,89.678,6.127,8.671
532.88,60.758,81.261,63.429,83.35,78.943,89.698,6.147,8.826
533.08,60.751,81.294,63.469,83.386,78.918,89.68,6.26,8.79
533.28,60.76,81.283,63.448,83.315,78.918,89.725,6.229,8.767
533.47,60.799,81.218,63.427,83.288,78.86,89.769,6.406,8.844
533.67,60.847,81.223,63.351,83.224,78.856,89.789,6.464,8.856
533.86,60.911,81.255,63.356,83.286,78.887,89.855,6.517,8.873
534.06,60.905,81.227,63.33,83.246,78.854,89.842,6.525,8.879
534.25,60.931,81.269,63.338,83.291,78.848,89.842,6.514,8.931
534.45,60.956,81.347,63.333,83.223,78.801,89.809,6.675,9.18
534.64,60.949,81.306,63.336,83.261,78.882,89.852,6.785,9.244
534.84,60.993,81.308,63.396,83.279,78.859,89.778,6.848,9.197
535.03,60.979,81.314,63.376,83.266,78.859,89.773,6.879,9.226
535.23,60.951,81.286,63.373,83.196,78.912,89.865,6.956,9.307
535.42,60.941,81.246,63.402,83.221,78.908,89.864,7.117,9.463
535.62,60.902,81.234,63.355,83.201,78.975,89.804,7.236,9.429
535.81,60.949,81.196,63.326,83.272,79.081,89.779,7.246,9.54
536.01,60.936,81.207,63.388,83.29,79.029,89.842,7.35,9.603
536.2,60.961,81.266,63.442,83.337,79.097,89.785,7.519,9.647
536.4,60.996,81.285,63.487,83.404,79.07,89.85,7.643,9.758
536.59,61.028,81.299,63.509,83.417,79.05,89.861,7.648,9.805
536.79,61.092,81.274,63.467,83.445,79.094,89.861,7.713,9.888
536.98,61.113,81.276,63.507,83.526,79.116,89.872,7.635,9.743
537.18,61.184,81.288,63.541,83.549,79.131,89.833,7.604,9.774
537.37,61.22,81.326,63.595,83.586,79.118,89.878,7.663,9.753
537.57,61.199,81.364,63.621,83.596,79.143,89.863,7.56,9.799
537.76,61.158,81.325,63.664,83.637,79.163,89.839,7.467,9.76
537.96,61.085,81.359,63.651,83.633,79.144,89.804,7.561,9.837
538.15,61.068,81.331,63.662,83.644,79.177,89.826,7.583,9.929
538.35,61.093,81.305,63.67,83.592,79.134,89.831,7.61,9.849
538.54,61.083,81.276,63.661,83.619,79.154,89.875,7.565,9.82
538.74,61.098,81.33,63.627,83.579,79.125,89.854,7.488,9.79
538.93,61.12,81.352,63.66,83.61,79.191,89.942,7.503,9.905
539.13,61.13,81.403,63.658,83.622,79.197,89.934,7.453,9.915
539.32,61.141,81.455,63.652,83.708,79.105,89.9,7.414,9.857
539.52,61.177,81.437,63.631,83.703,79.093,89.88,7.443,9.782
539.71,61.2,81.489,63.677,83.68,79.027,89.878,7.421,9.803
539.91,61.185,81.52,63.696,83.647,78.956,89.911,7.56,9.821
540.1,61.206,81.514,63.621,83.559,79.012,89.85,7.61,9.808
540.3,61.202,81.461,63.603,83.477,78.986,89.941,7.57,9.828
540.49,61.205,81.469,63.624,83.419,79.009,89.902,7.606,9.776
540.69,61.213,81.454,63.604,83.444,78.981,89.931,7.637,9.767
540.88,61.189,81.402,63.62,83.383,79.014,89.873,7.701,9.79
541.07,61.208,81.427,63.602,83.338,78.934,89.831,7.722,9.904
541.27,61.201,81.385,63.568,83.313,78.952,89.851,7.676,9.949
541.46,61.166,81.305,63.532,83.308,78.922,89.811,7.725,10.051
541.66,61.126,81.269,63.463,83.318,78.901,89.778,7.703,10.031
541.85,61.123,81.247,63.48,83.324,78.802,89.835,7.764,10.084
542.05,61.182,81.215,63.529,83.37,78.818,89.809,7.631,10.033
542.24,61.149,81.225,63.489,83.343,78.823,89.75,7.739,9.943
542.44,61.157,81.23,63.434,83.297,78.935,89.743,7.883,10.069
542.63,61.164,81.21,63.44,83.319,78.944,89.78,7.96,10.096
542.83,61.141,81.125,63.457,83.344,78.923,89.783,8.009,10.172
543.02,61.136,81.126,63.404,83.262,78.93,89.806,7.986,10.087
543.22,61.077,81.02,63.39,83.25,78.952,89.869,7.986,10.138
543.41,61.067,80.961,63.366,83.205,78.958,89.891,8.087,10.276
543.61,61.027,80.946,63.345,83.146,78.955,89.963,8.058,10.194
543.8,61.039,80.879,63.329,83.161,78.962,90.03,8.056,10.238
543.99,60.98,80.819,63.263,83.127,78.97,90.127,7.957,10.338
544.19,60.941,80.797,63.272,83.178,78.923,90.169,7.888,10.353
544.38,60.863,80.69,63.228,83.233,78.894,90.123,7.946,10.395
544.58,60.87,80.674,63.161,83.185,78.892,90.163,7.926,10.507
544.77,60.796,80.664,63.14,83.121,78.933,90.109,7.855,10.573
544.97,60.774,80.658,63.101,83.12,78.907,90.193,7.715,10.55
545.16,60.712,80.551,63.068,83.05,78.955,90.271,7.738,10.498
545.36,60.641,80.538,62.986,82.995,78.98,90.348,7.759,10.495
545.55,60.578,80.557,62.939,82.888,79.046,90.348,7.818,10.413
545.75,60.567,80.523,62.984,82.788,79.076,90.454,7.878,10.365
545.94,60.585,80.463,62.877,82.733,79.271,90.44,7.905,10.378
546.13,60.492,80.476,62.815,82.684,79.248,90.484,7.963,10.403
546.33,60.484,80.527,62.743,82.668,79.204,90.479,7.912,10.435
546.52,60.415,80.528,62.763,82.688,79.108,90.447,7.753,10.434
546.72,60.404,80.545,62.673,82.616,79.098,90.389,7.743,10.357
546.91,60.367,80.557,62.64,82.544,79.125,90.429,7.789,10.362
547.11,60.327,80.533,62.562,82.528,79.148,90.366,7.697,10.344
547.3,60.339,80.527,62.575,82.57,79.112,90.345,7.738,10.285
547.49,60.251,80.522,62.575,82.53,79.248,90.38,7.66,10.203
547.69,60.221,80.508,62.522,82.555,79.264,90.378,7.711,10.219
547.88,60.139,80.525,62.456,82.538,79.303,90.381,7.679,10.223
548.08,60.065,80.511,62.438,82.519,79.324,90.247,7.687,10.083
548.27,59.991,80.462,62.441,82.51,79.296,90.266,7.691,10.014
548.47,59.971,80.522,62.383,82.414,79.358,90.294,7.678,10.066
548.66,59.863,80.537,62.31,82.394,79.41,90.339,7.552,10.124
548.86,59.812,80.456,62.308,82.461,79.406,90.398,7.493,10.156
549.05,59.75,80.421,62.293,82.463,79.397,90.307,7.558,10.087
549.24,59.743,80.424,62.272,82.459,79.422,90.305,7.72,10.134
549.44,59.698,80.438,62.267,82.466,79.417,90.287,7.742,10.106
549.63,59.706,80.337,62.234,82.463,79.477,90.282,7.64,10.233
549.83,59.681,80.411,62.184,82.5,79.45,90.286,7.714,10.409
550.02,59.539,80.463,62.188,82.485,79.396,90.359,7.705,10.415
550.21,59.559,80.396,62.141,82.438,79.486,90.36,7.711,10.415
550.41,59.505,80.307,62.142,82.445,79.576,90.375,7.579,10.499
550.6,59.441,80.222,61.998,82.377,79.607,90.434,7.641,10.442
550.8,59.344,80.148,62.009,82.408,79.668,90.41,7.577,10.52
550.99,59.271,80.017,62.008,82.376,79.674,90.402,7.432,10.601
551.19,59.139,79.906,61.959,82.344,79.606,90.434,7.417,10.709
551.38,59.058,79.843,61.832,82.251,79.7,90.479,7.325,10.715
551.57,58.957,79.766,61.698,82.269,79.724,90.481,7.301,10.653
551.77,58.897,79.734,61.684,82.245,79.697,90.396,7.221,10.812
551.96,58.808,79.658,61.641,82.205,79.661,90.426,7.326,10.857
552.16,58.759,79.641,61.555,82.175,79.743,90.531,7.402,10.896
552.35,58.664,79.58,61.421,82.082,79.856,90.583,7.558,11.02
552.54,58.505,79.419,61.376,82.08,79.834,90.575,7.412,10.991
552.74,58.437,79.336,61.357,82.058,79.748,90.554,7.497,10.89
552.93,58.361,79.337,61.274,81.921,79.72,90.641,7.526,10.845
553.13,58.22,79.314,61.236,81.842,79.781,90.8,7.564,10.967
553.32,58.114,79.361,61.117,81.833,79.716,90.758,7.547,11.159
553.51,57.991,79.233,61.087,81.786,79.688,90.755,7.611,11.116
553.71,57.783,79.181,61.011,81.782,79.623,90.765,7.648,11.142
553.9,57.626,79.003,60.949,81.786,79.681,90.713,7.61,11.088
554.1,57.563,79.002,60.943,81.762,79.695,90.622,7.606,11.161
554.29,57.434,78.927,60.907,81.713,79.624,90.698,7.517,11.367
554.48,57.358,78.885,60.902,81.735,79.634,90.758,7.537,11.367
554.68,57.259,78.856,60.902,81.685,79.593,90.764,7.579,11.586
554.87,57.215,78.797,60.837,81.699,79.625,90.834,7.61,11.668
555.07,57.092,78.821,60.777,81.692,79.67,90.836,7.686,11.586
555.26,56.961,78.712,60.786,81.732,79.741,90.832,7.755,11.598
555.45,56.843,78.625,60.821,81.737,79.682,90.801,7.784,11.694
555.65,56.794,78.524,60.817,81.71,79.483,90.8,7.771,11.816
555.84,56.675,78.516,60.735,81.668,79.561,90.854,7.883,11.845
556.03,56.525,78.354,60.647,81.602,79.563,90.796,7.889,11.961
556.23,56.411,78.214,60.68,81.582,79.619,90.674,7.808,12.048
556.42,56.299,78.123,60.642,81.507,79.556,90.622,7.68,12.145
556.62,56.25,78.138,60.555,81.475,79.551,90.647,7.708,12.166
556.81,56.09,78.033,60.414,81.501,79.618,90.521,7.786,12.338
557,55.97,77.913,60.356,81.464,79.702,90.367,7.801,12.343
557.2,55.85,77.825,60.288,81.464,79.731,90.271,7.652,12.381
557.39,55.76,77.668,60.318,81.455,79.789,90.291,7.503,12.166
557.59,55.7,77.602,60.224,81.468,79.763,90.294,7.407,12.304
557.78,55.728,77.615,60.22,81.443,79.816,90.346,7.201,12.206
557.97,55.643,77.499,60.067,81.283,79.787,90.339,7.13,12.274
558.17,55.561,77.355,59.924,81.164,79.816,90.37,7.059,12.279
558.36,55.372,77.235,59.956,81.193,79.884,90.426,7.294,12.158
558.55,55.249,77.055,59.864,81.127,79.789,90.379,7.149,12.179
558.75,55.106,76.928,59.779,81.098,79.938,90.421,7.035,12.058
558.94,54.955,76.825,59.623,80.912,79.844,90.429,7.041,11.978
559.13,54.904,76.834,59.51,80.847,79.799,90.423,7.102,12.024
559.33,54.836,76.822,59.335,80.81,79.849,90.423,7.104,12.165
559.52,54.7,76.794,59.112,80.733,79.826,90.391,7.169,12.19
559.72,54.654,76.815,59.059,80.638,80.062,90.431,7.266,12.209
559.91,54.474,76.642,58.979,80.602,80.074,90.442,7.229,12.026
560.1,54.436,76.67,58.951,80.518,80.104,90.39,7.209,12.012
560.3,54.357,76.597,58.779,80.431,80.07,90.432,7.176,12.032
560.49,54.241,76.541,58.724,80.498,80.012,90.369,7.199,12.07
560.68,54.168,76.505,58.672,80.496,80.103,90.304,7.192,11.931
560.88,54.142,76.395,58.626,80.393,80.108,90.405,7.169,11.788
561.07,54.101,76.323,58.591,80.424,80.015,90.403,7.295,12.085
561.26,54.047,76.141,58.515,80.351,79.978,90.427,7.406,12.1
561.46,53.868,76.12,58.495,80.291,79.964,90.544,7.312,12.098
561.65,53.721,76.098,58.51,80.196,80.083,90.635,7.361,12.069
561.84,53.628,75.952,58.447,80.088,80.035,90.576,7.471,12.103
562.04,53.555,75.935,58.481,80.113,80.042,90.563,7.536,11.951
562.23,53.496,75.895,58.418,80.154,80.051,90.435,7.482,12.014
562.42,53.477,75.923,58.195,80.126,80.033,90.292,7.357,12.159
562.62,53.375,75.923,58.091,79.977,80.097,90.278,7.504,12.233
562.81,53.221,75.752,58.065,80.005,80.005,90.238,7.507,12.338
563,53.091,75.617,58.055,80.144,80.008,90.265,7.415,12.353
563.2,52.973,75.427,57.933,80.107,80.004,90.344,7.369,12.163
563.39,52.907,75.356,57.935,80.043,79.931,90.341,7.508,12.153
563.58,52.811,75.325,57.993,79.96,79.943,90.404,7.574,12.126
563.78,52.67,75.222,57.986,80.022,79.758,90.267,7.574,12.093
563.97,52.599,75.217,57.895,79.876,79.71,90.192,7.466,12.367
564.16,52.517,75.117,57.796,79.889,79.766,90.282,7.455,12.288
564.36,52.373,74.991,57.781,79.909,79.776,90.364,7.5,12.427
564.55,52.321,74.988,57.758,79.845,79.843,90.467,7.504,12.373
564.74,52.2,74.852,57.741,79.824,79.768,90.538,7.59,12.557
564.94,52.087,74.807,57.709,79.711,79.781,90.518,7.684,12.53
565.13,51.994,74.719,57.577,79.538,79.868,90.584,7.572,12.305
565.32,51.916,74.764,57.559,79.594,79.922,90.561,7.527,12.261
565.52,51.848,74.724,57.467,79.55,79.912,90.391,7.673,12.561
565.71,51.705,74.599,57.303,79.47,79.843,90.189,7.859,12.603
565.9,51.443,74.544,57.193,79.558,79.942,90.217,7.941,12.752
566.1,51.369,74.566,57.126,79.46,79.99,90.283,7.999,12.943
566.29,51.16,74.509,57.115,79.483,80.021,90.345,8.053,12.814
566.48,51.002,74.31,57.093,79.38,80.025,90.346,8.108,12.752
566.68,50.882,74.161,57.11,79.488,80.007,90.421,8.287,12.688
566.87,50.935,74.232,56.992,79.561,79.957,90.499,8.438,12.535
567.06,50.807,74.189,56.942,79.37,80.057,90.457,8.448,12.573
567.26,50.66,74.129,56.968,79.366,80.042,90.374,8.584,12.762
567.45,50.499,73.998,56.803,79.249,80.117,90.48,8.549,12.805
567.64,50.444,73.863,56.679,79.211,80.086,90.534,8.676,12.95
567.84,50.297,73.722,56.555,79.124,80.107,90.598,8.787,12.872
568.03,50.14,73.622,56.442,79.18,80.086,90.715,8.876,12.693
568.22,50.035,73.549,56.326,79.077,80.078,90.699,8.929,12.882
568.41,50.003,73.6,56.257,78.997,80.126,90.679,9.016,12.928
568.61,49.866,73.432,56.13,78.902,80.094,90.635,9.054,13.026
568.8,49.785,73.374,55.991,78.745,80.176,90.559,9.286,13.016
568.99,49.629,73.274,55.937,78.677,80.143,90.521,9.29,13.063
569.19,49.469,73.228,55.954,78.657,80.199,90.517,9.488,13.162
569.38,49.299,73.047,55.845,78.533,80.145,90.549,9.791,13.339
569.57,49.133,72.872,55.738,78.551,80.179,90.6,9.948,13.035
569.77,49.072,72.877,55.708,78.529,80.242,90.724,10.075,13.106
569.96,49.005,72.765,55.662,78.504,80.168,90.715,10.294,13.008
570.15,48.847,72.522,55.544,78.499,80.187,90.679,10.376,12.998
570.34,48.795,72.365,55.419,78.321,80.179,90.762,10.688,13.201
570.54,48.725,72.385,55.391,78.214,80.179,90.844,10.922,13.355
570.73,48.585,72.336,55.287,78.126,80.252,90.784,10.97,13.408
570.92,48.384,72.248,55.311,78.032,80.388,90.744,11.104,13.433
571.12,48.277,72.172,55.253,78.105,80.312,90.8,11.328,13.501
571.31,48.153,72.198,55.106,77.92,80.396,90.846,11.402,13.549
571.5,48.108,72.189,55.117,77.931,80.362,90.732,11.459,13.586
571.69,48.024,72.157,55.069,77.86,80.48,90.667,11.684,13.356
571.89,47.896,71.999,54.998,77.83,80.586,90.688,11.638,13.514
572.08,47.899,71.949,54.969,77.763,80.656,90.688,11.999,13.505
572.27,47.787,71.831,54.993,77.813,80.753,90.677,12.133,13.343
572.47,47.621,71.7,54.902,77.78,80.685,90.642,12.413,13.17
572.66,47.57,71.651,54.869,77.798,80.693,90.617,12.606,13.119
572.85,47.528,71.599,54.887,77.755,80.616,90.737,12.736,13.031
573.04,47.475,71.543,54.803,77.774,80.679,90.818,13.027,13.182
573.24,47.437,71.457,54.676,77.775,80.587,90.835,13.125,13.195
573.43,47.426,71.569,54.585,77.722,80.614,90.867,13.175,13.124
573.62,47.369,71.526,54.483,77.577,80.665,90.815,13.239,13.325
573.81,47.32,71.41,54.413,77.558,80.571,90.778,13.203,13.414
574.01,47.308,71.344,54.336,77.414,80.627,90.737,13.585,13.379
574.2,47.194,71.415,54.31,77.394,80.624,90.755,13.751,13.334
574.39,47.161,71.399,54.263,77.374,80.646,90.798,13.785,13.221
574.59,46.999,71.227,54.169,77.343,80.634,90.816,13.886,13.055
574.78,46.938,71.117,54.118,77.305,80.519,90.883,14.12,13.086
574.97,46.803,71.076,53.982,77.228,80.51,90.916,14.382,13.267
575.16,46.721,71.008,53.954,77.126,80.559,90.877,14.625,13.288
575.36,46.578,70.818,53.942,77.251,80.491,90.904,14.946,13.287
575.55,46.458,70.754,53.893,77.154,80.496,90.943,15.198,13.148
575.74,46.324,70.652,53.778,77.125,80.495,90.977,15.284,13.319
575.93,46.229,70.634,53.678,77.059,80.494,90.954,15.743,13.392
576.13,46.108,70.595,53.588,77.112,80.485,90.898,15.701,13.556
576.32,46.033,70.564,53.472,76.996,80.407,90.957,15.889,13.78
576.51,46.029,70.556,53.5,76.929,80.413,91.033,15.901,13.87
576.7,45.992,70.475,53.433,76.873,80.47,91.069,16.172,13.827
576.9,45.87,70.375,53.317,76.871,80.463,91.03,16.251,13.85
577.09,45.719,70.332,53.275,76.846,80.495,91.009,16.387,13.871
577.28,45.558,70.212,53.232,76.87,80.585,91.033,16.806,13.787
577.47,45.449,70.058,53.206,76.894,80.649,91.004,17.162,13.851
577.67,45.373,70.012,53.185,76.898,80.651,91.022,17.356,13.851
577.86,45.232,69.917,53.112,76.847,80.722,91.061,17.715,13.593
578.05,45.119,69.893,53.066,76.84,80.697,91.102,17.803,13.717
578.24,44.999,69.766,53.015,76.819,80.641,91.099,18.055,13.786
578.44,44.854,69.7,52.992,76.786,80.679,91.123,18.4,13.906
578.63,44.76,69.619,52.918,76.76,80.777,91.069,18.626,13.982
578.82,44.623,69.598,52.784,76.634,80.911,91.024,18.876,14.029
579.01,44.558,69.5,52.702,76.557,80.88,90.942,18.851,13.967
579.21,44.466,69.447,52.615,76.577,80.813,90.925,19.183,13.92
579.4,44.45,69.325,52.519,76.528,80.943,90.884,19.345,14.138
579.59,44.399,69.264,52.485,76.509,80.969,90.948,19.572,14.172
579.78,44.292,69.191,52.449,76.481,80.915,90.837,19.689,14.232
579.97,44.189,69.199,52.408,76.427,80.996,90.835,19.891,14.216
580.17,44.039,69.109,52.371,76.241,81.022,90.804,19.978,14.015
580.36,43.864,68.995,52.301,76.181,80.872,90.84,20.012,13.994
580.55,43.613,68.83,52.228,76.187,80.921,90.845,20.193,13.937
580.74,43.485,68.735,52.199,76.097,80.961,90.805,20.365,14.237
580.94,43.366,68.627,52.155,76.124,80.941,90.696,20.81,14.274
581.13,43.306,68.465,52.042,76.078,80.924,90.568,20.965,14.204
581.32,43.173,68.468,52,75.934,80.912,90.551,21.097,14.138
581.51,42.996,68.32,51.914,75.822,80.837,90.533,21.281,14.22
581.71,42.87,68.259,51.864,75.726,80.815,90.573,21.65,14.28
581.9,42.763,68.194,51.779,75.534,80.879,90.614,21.723,14.549
582.09,42.623,68.098,51.705,75.564,80.829,90.625,21.853,14.466
582.28,42.595,68.064,51.55,75.424,80.745,90.725,22.098,14.453
582.47,42.443,67.976,51.397,75.343,80.601,90.59,22.161,14.307
582.67,42.359,67.969,51.262,75.251,80.423,90.54,22.185,14.183
582.86,42.198,67.825,51.28,75.125,80.341,90.545,22.335,14.251
583.05,42.192,67.801,51.218,75.084,80.297,90.574,22.676,14.315
583.24,42.101,67.667,51.104,74.979,80.321,90.659,22.796,14.394
583.43,41.94,67.672,51.018,74.886,80.174,90.596,22.84,14.314
583.63,41.721,67.533,50.848,74.891,80.151,90.492,23.315,14.674
583.82,41.535,67.357,50.753,74.8,80.225,90.579,23.627,14.76
584.01,41.41,67.186,50.68,74.701,80.166,90.554,23.773,14.684
584.2,41.347,67.083,50.69,74.777,80.064,90.638,24.138,14.974
584.39,41.218,66.994,50.65,74.745,80.017,90.492,24.486,14.967
584.59,41.231,66.933,50.499,74.667,79.953,90.434,24.843,15.077
584.78,41.115,67.031,50.282,74.552,79.891,90.43,25.026,14.988
584.97,40.933,66.867,50.085,74.455,79.942,90.562,25.1,15.038
585.16,40.85,66.853,50.049,74.488,79.89,90.752,25.283,15.127
585.35,40.764,66.733,49.998,74.47,79.883,90.843,25.468,15.435
585.55,40.685,66.663,49.974,74.493,79.886,90.937,25.735,15.396
585.74,40.631,66.595,49.87,74.474,79.927,91.034,25.856,15.364
585.93,40.486,66.46,49.819,74.417,79.934,91.032,26.184,15.205
586.12,40.378,66.361,49.713,74.277,80.048,90.962,26.202,15.263
586.31,40.241,66.363,49.766,74.242,80.009,90.888,26.522,15.432
586.51,40.141,66.305,49.744,74.288,80.082,90.929,26.844,15.781
586.7,39.985,66.214,49.689,74.327,80.131,91.125,26.939,15.972
586.89,39.943,66.18,49.57,74.294,80.119,91.226,26.982,15.799
587.08,39.7,65.956,49.489,74.242,80.182,91.325,27.424,15.764
587.27,39.566,65.865,49.387,74.224,80.29,91.383,27.51,15.909
587.47,39.5,65.831,49.418,74.139,80.4,91.525,27.776,15.943
587.66,39.428,65.714,49.431,74.118,80.471,91.556,27.682,15.592
587.85,39.394,65.732,49.434,74.159,80.508,91.519,28.046,15.72
588.04,39.352,65.713,49.36,74.126,80.475,91.611,28.102,15.737
588.23,39.173,65.627,49.11,73.992,80.548,91.612,28.155,15.691
588.42,39.068,65.524,48.964,73.943,80.586,91.677,28.395,15.737
588.62,38.871,65.437,48.823,73.813,80.638,91.663,28.319,15.732
588.81,38.635,65.155,48.818,73.818,80.582,91.739,28.488,15.588
589,38.574,65.174,48.864,73.682,80.559,91.714,28.531,15.934
589.19,38.395,65.088,48.803,73.561,80.647,91.619,28.9,15.978
589.38,38.328,65.041,48.624,73.429,80.592,91.452,28.994,15.897
589.57,38.154,64.83,48.513,73.28,80.544,91.353,29.068,15.902
589.77,37.984,64.661,48.43,73.137,80.464,91.324,29.014,15.817
589.96,37.913,64.616,48.315,73.188,80.425,91.236,29.112,16.262
590.15,37.789,64.487,48.238,73.113,80.289,91.394,29.222,16.334
590.34,37.632,64.175,48.16,73.084,80.438,91.454,29.182,16.292
590.53,37.462,63.953,48.108,72.973,80.449,91.439,29.445,16.006
590.72,37.373,63.777,47.983,72.796,80.441,91.261,29.765,16.2
590.92,37.285,63.656,47.874,72.821,80.509,91.074,30.159,16.575
591.11,37.097,63.541,47.836,72.8,80.521,90.893,30.061,16.845
591.3,36.999,63.487,47.745,72.672,80.49,90.794,30.143,16.568
591.49,36.872,63.369,47.617,72.623,80.474,90.722,30.076,16.485
591.68,36.713,63.312,47.431,72.48,80.421,90.637,30.052,16.712
591.87,36.613,63.231,47.279,72.32,80.434,90.688,29.818,16.568
592.07,36.474,63.085,47.192,72.196,80.427,90.767,29.894,16.651
592.26,36.387,62.865,47.285,72.152,80.406,90.777,30.003,16.712
592.45,36.281,62.854,47.193,72.105,80.493,90.742,29.962,16.619
592.64,36.268,62.69,47.204,72.083,80.455,90.645,30.185,16.764
592.83,36.15,62.615,47.165,72.033,80.534,90.672,30.061,16.803
593.02,36.035,62.471,47.04,71.919,80.596,90.6,30.282,16.553
593.21,35.931,62.361,46.937,71.852,80.574,90.637,30.131,16.575
593.41,35.83,62.236,46.87,71.782,80.766,90.798,30.356,16.472
593.6,35.746,62.325,46.764,71.723,80.84,90.841,30.276,16.41
593.79,35.643,62.249,46.614,71.588,80.875,90.848,30.467,16.552
593.98,35.479,62.115,46.537,71.51,80.815,90.969,30.666,16.399
594.17,35.367,62.092,46.373,71.337,80.811,90.945,30.622,16.467
594.36,35.286,62.05,46.215,71.239,80.704,90.903,30.516,16.572
594.55,35.248,62.05,46.139,71.238,80.682,90.914,30.151,16.652
594.74,35.178,62.023,46.107,71.25,80.746,91.062,30.214,16.492
594.94,35.111,61.902,46.068,71.149,80.737,91.167,30.087,16.407
595.13,35.096,61.864,45.898,70.99,80.633,91.244,30.044,16.102
595.32,35.073,61.793,45.837,70.858,80.645,91.283,30.164,16.386
595.51,34.982,61.721,45.741,70.798,80.648,91.255,30.266,16.47
595.7,34.917,61.713,45.693,70.788,80.674,91.382,30.34,16.323
595.89,34.816,61.59,45.628,70.826,80.668,91.437,30.418,16.374
596.08,34.755,61.595,45.579,70.836,80.694,91.398,30.451,16.459
596.28,34.625,61.629,45.388,70.737,80.726,91.304,30.418,16.326
596.47,34.544,61.563,45.397,70.623,80.727,91.376,30.547,16.289
596.66,34.312,61.499,45.279,70.521,80.788,91.402,30.568,16.275
596.85,34.321,61.439,45.126,70.41,80.75,91.381,30.497,16.384
597.04,34.106,61.325,45.053,70.425,80.779,91.468,30.358,16.181
597.23,33.927,61.181,44.941,70.306,80.733,91.522,30.434,16.251
597.42,33.844,61.063,44.951,70.225,80.646,91.472,30.326,16.36
597.61,33.8,60.882,44.906,70.198,80.767,91.52,30.337,16.388
597.8,33.646,60.787,44.873,70.28,80.803,91.368,30.244,16.462
598,33.502,60.753,44.809,70.194,80.889,91.258,30.01,16.48
598.19,33.396,60.517,44.831,70.342,81.034,91.047,30.208,16.487
598.38,33.278,60.431,44.677,70.266,81.125,90.932,30.243,16.223
598.57,33.157,60.222,44.514,70.057,81.155,90.959,30.326,16.291
598.76,33.069,60.097,44.386,70.041,81.127,90.786,30.206,16.301
598.95,32.883,60.087,44.25,70,81.077,90.791,30.219,16.195
599.14,32.747,59.997,44.218,69.982,81.232,90.751,30.152,16.322
599.33,32.511,59.848,44.108,69.968,81.195,90.762,30.062,16.246
599.52,32.381,59.634,44,69.768,81.231,90.772,29.998,16.3
599.72,32.273,59.483,43.845,69.586,81.235,90.714,30.153,16.514
599.91,32.139,59.399,43.706,69.397,81.078,90.651,30.046,16.556
600.1,31.938,59.295,43.667,69.268,81.144,90.611,30.014,16.549
600.29,31.85,59.129,43.518,69.096,81.148,90.665,30.111,16.74
600.48,31.742,58.987,43.36,69.103,81.249,90.601,29.978,16.856
600.67,31.617,58.798,43.247,69.115,81.231,90.685,29.822,16.896
600.86,31.438,58.715,43.236,69.17,81.304,90.681,30.084,16.888
601.05,31.411,58.66,43.125,69.144,81.233,90.687,30.247,16.91
601.24,31.326,58.563,43.021,69.145,81.248,90.703,30.047,16.922
601.43,31.121,58.488,42.812,69.13,81.171,90.668,29.955,16.903
601.62,30.965,58.376,42.598,68.999,81.061,90.648,29.919,16.927
601.82,30.858,58.173,42.537,68.9,81.022,90.794,30.061,16.83
602.01,30.755,58.098,42.453,68.825,80.988,90.818,30.004,16.72
602.2,30.639,58.11,42.32,68.697,80.944,90.945,29.79,16.65
602.39,30.51,57.983,42.206,68.555,81.002,90.931,29.693,16.923
602.58,30.449,57.916,42.126,68.486,80.964,90.959,29.643,16.882
602.77,30.234,57.805,42.031,68.321,80.899,91.064,29.579,16.997
602.96,30.079,57.641,41.96,68.284,80.981,91.076,29.622,17.016
603.15,29.97,57.491,41.844,68.146,80.876,91.163,29.654,17.078
603.34,29.839,57.377,41.773,68.066,80.805,91.29,29.599,16.999
603.53,29.713,57.304,41.625,68.124,80.709,91.268,29.585,17.074
603.72,29.557,57.179,41.554,68.015,80.649,91.291,29.49,16.955
603.91,29.511,57.026,41.522,67.983,80.761,91.388,29.736,16.946
604.11,29.419,56.854,41.343,67.911,80.684,91.43,29.675,16.917
604.3,29.269,56.738,41.314,67.984,80.703,91.389,29.67,16.88
604.49,29.192,56.577,41.214,67.811,80.709,91.377,29.781,16.967
604.68,29.155,56.621,41.123,67.679,80.69,91.282,29.452,16.741
604.87,29.046,56.37,40.967,67.513,80.62,91.317,29.414,16.724
605.06,28.84,56.242,40.849,67.446,80.657,91.381,29.248,17.089
605.25,28.768,56.142,40.833,67.349,80.671,91.291,29.147,17.135
605.44,28.681,55.945,40.797,67.334,80.673,91.296,29.138,17.157
605.63,28.558,55.842,40.772,67.264,80.639,91.217,29.075,17.298
605.82,28.5,55.805,40.599,67.142,80.667,91.167,28.874,17.471
606.01,28.418,55.568,40.5,67.126,80.672,91.24,28.988,17.415
606.2,28.329,55.44,40.366,66.978,80.748,91.324,28.966,17.406
606.39,28.252,55.278,40.349,66.955,80.638,91.456,29.085,17.39
606.58,28.048,55.175,40.215,66.89,80.578,91.368,28.933,17.315
606.77,27.928,55.041,40.198,66.799,80.693,91.337,29.002,17.261
606.96,27.938,54.988,40.141,66.61,80.597,91.256,28.911,17.333
607.15,27.925,54.919,40.078,66.573,80.565,91.211,28.806,17.464
607.35,27.843,54.842,39.938,66.436,80.644,91.082,28.891,17.526
607.54,27.737,54.754,39.862,66.331,80.556,91.122,28.897,17.362
607.73,27.683,54.649,39.828,66.376,80.53,91.139,28.706,17.419
607.92,27.461,54.505,39.75,66.261,80.507,91.021,28.383,17.532
608.11,27.368,54.472,39.708,66.212,80.52,90.94,28.453,17.601
608.3,27.288,54.363,39.625,66.144,80.586,91.015,28.476,17.592
608.49,27.102,54.292,39.588,66.126,80.386,91.132,28.506,17.632
608.68,27.021,54.077,39.531,65.955,80.389,91.142,28.796,17.767
608.87,26.865,54.121,39.426,65.828,80.37,91.131,28.624,17.714
609.06,26.851,54.052,39.366,65.712,80.296,91.086,28.525,17.624
609.25,26.79,53.926,39.266,65.603,80.184,91.148,28.582,17.634
609.44,26.652,53.905,39.107,65.441,80.137,91.192,28.427,17.844
609.63,26.535,53.821,39.055,65.368,80.034,91.176,28.32,17.551
609.82,26.425,53.717,38.981,65.31,79.879,91.284,28.298,17.491
610.01,26.359,53.717,38.833,65.12,79.893,91.25,28.098,17.716
610.2,26.192,53.537,38.8,65.082,79.792,91.296,28.177,17.918
610.39,26.088,53.481,38.733,64.952,79.896,91.288,27.999,17.542
610.58,26.095,53.407,38.642,64.934,79.922,91.401,28.108,17.725
610.77,26.165,53.366,38.45,64.866,79.853,91.347,27.867,17.796
610.96,26.107,53.289,38.341,64.843,79.832,91.494,27.696,17.894
611.15,25.929,53.232,38.22,64.677,79.874,91.416,27.523,17.681
611.34,25.851,53.097,38.161,64.644,79.766,91.433,27.147,17.609
611.53,25.809,53.013,38.069,64.565,79.897,91.421,27.078,17.771
611.72,25.623,52.798,37.902,64.429,79.845,91.48,27.185,17.866
611.91,25.583,52.746,37.786,64.416,79.822,91.506,27.249,17.927
612.1,25.449,52.55,37.714,64.302,79.779,91.504,27.13,17.999
612.29,25.27,52.38,37.677,64.206,79.633,91.494,26.852,18.195
612.48,25.234,52.257,37.525,64.161,79.707,91.459,26.581,17.796
612.67,25.118,52.276,37.388,64.155,79.615,91.514,26.519,17.896
612.86,24.982,52.052,37.329,64.135,79.633,91.48,26.468,17.944
613.05,24.871,51.906,37.227,63.986,79.625,91.411,26.318,17.902
613.24,24.736,51.794,37.105,63.978,79.722,91.383,26.112,17.758
613.43,24.706,51.675,37.044,63.906,79.853,91.363,25.957,17.69
613.62,24.588,51.536,36.871,63.742,79.987,91.345,25.806,17.678
613.81,24.503,51.505,36.828,63.709,80.101,91.283,25.593,17.828
614,24.404,51.396,36.735,63.723,80.165,91.232,25.487,17.653
614.19,24.311,51.351,36.683,63.586,80.069,91.009,25.307,17.606
614.38,24.129,51.219,36.499,63.538,80.04,91.019,25.109,17.975
614.57,23.822,51.109,36.454,63.455,80.051,91.081,25.037,18.056
614.76,23.666,50.956,36.494,63.5,79.997,91.085,25.048,18.099
614.95,23.473,50.746,36.329,63.485,79.997,91.025,25.112,18.276
615.14,23.394,50.54,36.32,63.519,80.09,91.259,25.236,18.336
615.33,23.269,50.447,36.229,63.477,80.1,91.25,25.534,18.624
615.52,23.11,50.327,36.171,63.359,80.105,91.14,25.517,18.731
615.71,22.982,50.37,36.106,63.276,80.175,91.029,25.369,18.686
615.9,22.883,50.28,35.983,63.174,80.216,91.056,25.24,18.767
616.09,22.929,50.291,35.763,63.071,80.182,91.2,24.999,18.87
616.28,22.945,50.353,35.715,63.014,80.156,91.295,25.003,19.168
616.47,22.855,50.313,35.704,62.85,80.221,91.274,24.971,19.473
616.66,22.675,50.16,35.708,62.769,80.321,91.272,24.818,19.644
616.85,22.713,50.136,35.574,62.724,80.363,91.226,24.912,19.946
617.04,22.583,50.016,35.462,62.634,80.443,91.256,24.811,19.952
617.23,22.491,50.003,35.372,62.489,80.464,91.139,24.965,20.062
617.42,22.401,49.933,35.254,62.465,80.273,91.032,25.073,20.099
617.61,22.31,49.895,35.192,62.411,80.337,91.1,25.228,20.506
617.8,22.164,49.68,35.043,62.308,80.444,90.97,25.214,20.404
617.99,22.024,49.59,34.946,62.243,80.26,90.88,25.138,20.547
618.18,21.964,49.519,34.818,62.141,80.293,90.997,25.11,20.756
618.37,21.976,49.491,34.711,62.102,80.187,90.916,25.264,20.808
618.56,21.875,49.385,34.609,62.002,80.243,90.848,25.25,20.884
618.75,21.67,49.367,34.434,61.787,80.238,90.832,25.14,20.787
618.94,21.538,49.248,34.369,61.666,80.198,90.952,24.91,20.602
619.13,21.422,49.102,34.231,61.655,80.053,90.964,24.595,20.854
619.32,21.402,49.032,34.168,61.507,80.14,90.953,24.174,20.97
619.51,21.273,48.838,34,61.415,80.207,91.041,23.908,20.987
619.7,21.256,48.676,33.873,61.437,80.301,90.986,23.95,21.072
619.89,21.123,48.523,33.764,61.338,80.203,90.955,23.779,20.995
620.08,20.96,48.28,33.674,61.358,80.269,90.817,23.822,21.135
620.27,20.857,48.112,33.483,61.238,80.406,90.584,23.774,20.702
620.46,20.643,47.848,33.31,61.149,80.447,90.625,23.658,20.779
620.65,20.547,47.76,33.087,61.052,80.421,90.706,23.95,20.75
620.84,20.417,47.615,32.978,60.813,80.401,90.781,23.628,20.565
621.03,20.374,47.561,32.938,60.756,80.43,90.686,23.668,20.72
621.22,20.303,47.457,32.796,60.722,80.33,90.852,23.366,20.746
621.41,20.209,47.279,32.727,60.535,80.49,90.909,23.059,20.681
621.6,20.11,47.014,32.606,60.51,80.422,90.89,22.889,20.703
621.79,20.015,46.881,32.563,60.4,80.347,91.03,22.978,20.588
621.97,19.98,46.813,32.461,60.235,80.259,91.101,22.847,20.758
622.16,19.919,46.705,32.359,60.253,80.283,91.004,22.844,20.612
622.35,19.742,46.612,32.289,60.207,80.353,91.037,22.498,20.35
622.54,19.803,46.571,32.252,60.088,80.3,91.021,22.445,20.484
622.73,19.792,46.367,32.12,59.978,80.415,91.258,22.504,20.609
622.92,19.751,46.257,32.002,59.78,80.668,91.175,22.299,20.8
623.11,19.662,46.217,31.93,59.602,80.63,91.219,22.34,20.91
623.3,19.516,46.124,31.822,59.514,80.562,91.174,22.544,21.012
623.49,19.49,46.063,31.747,59.437,80.384,91.355,22.507,21.1
623.68,19.404,45.907,31.717,59.229,80.358,91.451,22.231,21.174
623.87,19.307,45.881,31.612,59.123,80.472,91.459,22.2,21.389
624.06,19.124,45.79,31.517,58.895,80.569,91.447,22.308,21.094
624.25,18.977,45.722,31.413,58.833,80.427,91.474,22.117,21.343
624.44,18.953,45.73,31.336,58.798,80.472,91.254,22.082,21.32
624.63,18.895,45.65,31.224,58.606,80.539,91.19,21.752,21.069
624.82,18.817,45.528,31.179,58.629,80.534,91.152,21.803,21.359
625.01,18.751,45.231,31.064,58.573,80.526,91.268,21.724,21.552
625.19,18.652,45.078,30.97,58.412,80.594,91.284,21.77,21.571
625.38,18.586,45.057,30.912,58.407,80.483,91.275,21.717,21.544
625.57,18.581,45.028,30.868,58.286,80.443,91.408,21.486,21.504
625.76,18.377,44.914,30.8,58.195,80.315,91.378,21.418,21.441
625.95,18.301,44.715,30.758,58.166,80.422,91.359,21.419,21.257
626.14,18.196,44.691,30.635,58.036,80.527,91.467,21.414,21.208
626.33,18.127,44.538,30.533,57.944,80.455,91.551,21.401,21.637
626.52,17.996,44.362,30.493,58.005,80.572,91.638,21.4,21.527
626.71,17.935,44.376,30.43,57.982,80.522,91.429,21.087,21.61
626.9,17.779,44.348,30.395,58.038,80.437,91.28,21.08,21.519
627.09,17.66,44.277,30.24,57.899,80.589,91.075,21.043,21.641
627.28,17.566,44.049,30.119,57.917,80.749,91.09,20.759,21.584
627.46,17.518,43.97,30.073,57.791,80.842,90.907,20.882,21.628
627.65,17.384,43.89,29.928,57.764,80.834,90.917,20.861,21.674
627.84,17.337,43.81,29.879,57.746,80.808,90.866,20.978,21.635
628.03,17.351,43.767,29.841,57.805,80.535,90.949,20.763,21.912
628.22,17.328,43.596,29.734,57.7,80.604,91.043,20.936,21.913
628.41,17.272,43.536,29.676,57.668,80.464,91.236,20.902,22.19
628.6,17.263,43.391,29.608,57.718,80.449,91.346,20.711,22.395
628.79,17.282,43.378,29.509,57.645,80.436,91.273,20.584,22.251
628.98,17.254,43.61,29.458,57.655,80.478,91.287,20.458,22.144
629.17,17.092,43.571,29.365,57.577,80.519,91.191,20.422,22.181
629.36,17.011,43.398,29.238,57.512,80.566,91.171,20.391,22.376
629.54,16.963,43.415,29.164,57.464,80.646,91.09,20.621,22.428
629.73,17.097,43.448,29.101,57.457,80.792,91.084,20.269,22.939
629.92,17.026,43.374,28.995,57.378,80.871,91.315,20.021,22.892
630.11,16.977,43.21,28.999,57.376,80.796,91.152,19.685,23.068
630.3,16.953,43.211,29.041,57.375,80.921,91.036,20.061,23.059
630.49,16.928,43.173,28.856,57.214,80.82,90.901,20.052,23.269
630.68,16.946,43.032,28.856,57.158,80.928,90.985,20.05,23.053
630.87,16.863,42.959,28.76,57.071,80.876,91.191,20.065,23.108
631.06,16.862,42.959,28.749,57.093,80.9,91.153,20.054,22.724
631.24,16.88,42.987,28.686,57.004,80.767,91.254,20.072,22.564
631.43,16.735,42.936,28.6,57.021,80.79,91.174,19.898,22.53
631.62,16.85,42.98,28.61,56.971,80.807,91.014,20.031,22.611
631.81,16.723,42.804,28.513,56.827,80.841,91.039,19.774,22.39
632,16.639,42.712,28.424,56.721,81.043,91.029,19.6,22.445
632.19,16.587,42.655,28.402,56.6,81.009,91.084,19.277,22.44
632.38,16.574,42.58,28.25,56.481,80.987,90.975,19.219,22.204
632.57,16.487,42.546,28.331,56.395,80.997,91.027,19.281,22.269
632.76,16.364,42.428,28.289,56.399,80.907,91.116,19.12,22.516
632.94,16.243,42.278,28.227,56.297,80.826,91.12,19.111,22.707
633.13,16.353,42.255,28.26,56.299,80.706,91.085,18.662,22.55
633.32,16.285,42.271,28.319,56.289,80.672,91.118,18.629,22.392
633.51,16.281,42.184,28.261,56.278,80.504,91.172,18.198,22.442
633.7,16.135,42.126,28.097,56.177,80.587,91.216,18.268,22.33
633.89,16.091,42.135,28.06,56.157,80.537,90.931,18.461,22.567
634.08,16.013,42.012,27.971,56.196,80.529,91.082,18.373,22.893
634.26,15.935,41.93,27.832,56.029,80.522,91.103,17.823,22.975
634.45,15.816,41.791,27.778,55.951,80.54,91.204,17.534,22.549
634.64,15.636,41.721,27.638,55.891,80.409,91.323,17.788,22.693
634.83,15.664,41.665,27.579,55.848,80.377,91.302,17.836,22.643
635.02,15.571,41.494,27.533,55.777,80.237,91.37,17.73,22.983
635.21,15.496,41.472,27.477,55.656,80.154,91.22,17.839,23.392
635.4,15.485,41.386,27.448,55.655,80.032,91.406,17.841,23.195
635.58,15.286,41.256,27.317,55.552,80.062,91.59,17.402,23.254
635.77,15.258,41.21,27.295,55.593,79.928,91.684,17.669,23.532
635.96,15.262,41.195,27.354,55.563,79.908,91.641,17.56,23.432
636.15,15.203,41.074,27.285,55.508,80.014,91.463,17.779,23.508
636.34,15.033,40.95,27.288,55.467,80.157,91.733,17.465,23.741
636.53,15.028,40.865,27.117,55.562,80.074,91.654,17.41,23.758
636.72,14.922,40.784,27.014,55.517,80.159,91.65,17.304,23.667
636.9,14.884,40.706,26.94,55.419,80.16,91.545,17.228,23.428
637.09,14.784,40.569,26.819,55.399,80.29,91.573,17.849,23.958
637.28,14.752,40.451,26.644,55.26,80.127,91.649,18.232,24.374
637.47,14.635,40.453,26.626,55.17,80.147,91.729,18.658,24.529
637.66,14.558,40.395,26.565,55.071,79.992,91.558,18.582,24.268
637.85,14.53,40.365,26.584,55.003,79.995,91.549,18.423,24.383
638.03,14.544,40.309,26.535,54.891,79.966,91.498,18.869,24.115
638.22,14.582,40.295,26.5,54.81,79.989,91.423,19.179,23.957
638.41,14.591,40.324,26.564,54.741,80.036,91.219,19.275,24.521
638.6,14.555,40.235,26.524,54.591,80.158,91.067,19.088,24.595
638.79,14.436,40.114,26.435,54.582,80.125,91.106,19.03,24.641
638.98,14.514,40.075,26.207,54.505,80.046,91.006,19.076,24.748
639.16,14.523,39.934,26.221,54.49,80.168,91.132,18.819,24.677
639.35,14.447,39.91,26.196,54.444,80.36,91.039,18.695,24.94
639.54,14.514,39.914,26.213,54.406,80.264,90.917,18.889,24.732
639.73,14.561,39.954,26.222,54.32,80.303,90.828,18.263,24.771
639.92,14.395,39.807,26.105,54.279,80.242,90.774,18.403,24.975
640.11,14.344,39.877,26.042,54.27,80.25,90.919,18.133,25.06
640.29,14.375,39.692,26.034,54.261,80.179,90.677,18.018,25.171
640.48,14.402,39.711,26.021,54.212,80.094,90.628,17.914,25.265
640.67,14.381,39.528,26.08,54.181,79.811,90.568,17.975,25.217
640.86,14.376,39.442,26.016,54.21,79.76,90.564,17.974,25.623
641.05,14.397,39.387,26.104,54.167,79.652,90.551,17.715,25.432
641.24,14.302,39.42,26.229,54.199,79.894,90.458,17.414,25.169
641.42,14.169,39.161,26.173,54.189,80.117,90.343,17.244,25.015
641.61,14.231,39.132,26.184,54.143,80.152,90.454,17.286,25.466
641.8,14.218,39.015,26.094,54.101,79.994,90.497,17.371,25.693
641.99,14.238,39.143,26.061,53.951,79.987,90.413,17.041,25.806
642.18,14.103,38.992,26.138,54.069,79.995,90.48,16.854,25.841
642.36,14.098,38.846,25.954,54.02,79.926,90.561,16.74,25.727
642.55,14.077,38.795,25.942,54.209,79.813,90.516,16.964,25.902
642.74,14.125,38.759,25.993,54.15,79.836,90.425,16.853,25.855
642.93,14.005,38.597,26.111,54.18,79.999,90.602,16.794,25.671
643.12,13.856,38.549,26.034,53.971,80.01,90.677,17.055,25.517
643.3,13.984,38.47,25.932,53.887,79.918,90.789,17.171,25.592
643.49,13.884,38.309,25.888,53.884,79.956,90.956,17.037,25.46
643.68,13.892,38.132,25.752,53.86,79.976,90.919,17.294,25.339
643.87,14.021,38.135,25.763,53.84,79.944,90.977,17.244,25.175
644.06,13.945,38.035,25.765,53.836,79.874,91.073,17.356,24.973
644.24,13.99,38.175,25.715,53.826,79.868,91.11,17.541,24.802
644.43,13.805,38.009,25.626,53.718,79.772,91.114,17.878,24.917
644.62,13.723,38.065,25.612,53.597,80.044,91.146,18.077,25.289
644.81,13.661,38.006,25.642,53.59,80.057,91.298,17.947,24.847
645,13.617,38.034,25.563,53.568,80.131,91.276,17.93,25.049
645.18,13.513,37.884,25.466,53.436,80.028,91.292,17.78,25.53
645.37,13.555,37.93,25.368,53.458,79.898,91.195,17.696,25.582
645.56,13.47,37.771,25.34,53.445,79.77,91.14,17.915,25.539
645.75,13.357,37.694,25.267,53.3,79.98,91.222,17.85,25.061
645.94,13.193,37.462,25.196,53.325,80.061,91.383,17.6,24.842
646.12,13.225,37.503,25.034,53.203,79.953,91.49,17.566,24.969
646.31,13.161,37.567,25.02,53.196,80.081,91.398,17.617,24.62
646.5,13.058,37.519,24.956,53.085,80.046,91.537,17.326,24.616
646.69,13.001,37.573,24.923,53.016,80.19,91.527,17.495,24.995
646.87,12.927,37.551,24.816,52.931,80.179,91.491,17.341,25.128
647.06,12.955,37.457,24.755,52.968,80.159,91.291,17.178,25.094
647.25,12.798,37.43,24.815,52.964,80.094,91.215,17.065,25.1
647.44,12.828,37.326,24.696,52.897,80.087,91.113,17.234,25.287
647.62,12.722,37.316,24.646,52.887,79.88,91.07,17.296,25.286
647.81,12.553,37.127,24.586,52.746,79.879,91.095,16.911,25.399
648,12.514,37.108,24.556,52.73,79.754,90.964,16.789,25.54
648.19,12.34,37.041,24.478,52.609,79.6,90.928,16.656,25.477
648.38,12.337,37.001,24.409,52.454,79.751,90.958,16.299,25.31
648.56,12.431,36.98,24.23,52.417,79.799,90.832,16.284,25.442
648.75,12.328,36.94,24.18,52.243,79.818,90.86,16.7,25.825
648.94,12.196,36.772,24.031,52.057,79.801,90.943,16.587,25.48
649.13,12.281,36.729,23.892,51.912,79.923,90.898,16.444,25.109
649.31,12.24,36.671,23.903,51.71,79.845,90.931,16.317,25.012
649.5,12.234,36.769,23.954,51.805,79.984,91.111,16.269,25.073
649.69,12.366,36.814,23.841,51.777,79.966,91.16,16.483,25.294
649.88,12.458,36.811,23.835,51.717,79.871,90.959,16.68,25.589
650.06,12.444,36.794,23.838,51.843,79.82,90.877,16.807,25.692
650.25,12.422,36.731,23.855,51.849,79.624,91.133,16.836,25.991
650.44,12.43,36.663,23.845,51.81,79.646,90.957,16.836,26.258
650.63,12.385,36.476,23.786,51.795,79.506,90.952,16.643,26.012
650.81,12.338,36.507,23.712,51.701,79.398,90.873,16.599,26.298
651,12.293,36.514,23.698,51.758,79.427,90.885,16.489,26.524
651.19,12.231,36.575,23.456,51.561,79.404,90.905,16.283,26.346
651.38,12.167,36.499,23.568,51.581,79.325,91.009,15.674,26.611
651.56,12.109,36.441,23.543,51.59,79.478,91.016,15.634,26.762
651.75,12.113,36.48,23.338,51.622,79.492,91.025,15.973,26.554
651.94,12.226,36.409,23.214,51.51,79.571,90.99,15.697,26.456
652.13,12.283,36.349,23.311,51.624,79.831,91.035,15.95,26.748
652.31,12.315,36.322,23.317,51.658,79.895,90.98,15.665,26.941
652.5,12.28,36.243,23.212,51.506,79.826,91.061,15.327,26.361
652.69,12.299,36.185,23.132,51.567,79.636,91.051,15.123,26.246
652.88,12.33,36.162,23.177,51.617,79.538,91.09,15.197,26.702
653.06,12.22,36.166,23.15,51.606,79.393,91.18,15.416,26.796
653.25,12.193,36.075,23.074,51.63,79.541,91.157,15.826,27.15
653.44,12.132,35.825,23.12,51.639,79.615,90.916,15.758,27.106
653.62,11.975,35.772,23.186,51.705,79.46,90.73,15.42,27.089
653.81,11.852,35.695,23.17,51.695,79.487,90.919,15.339,27.115
654,11.671,35.514,23.114,51.456,79.736,90.848,14.907,27.135
654.19,11.548,35.427,23.068,51.357,79.764,90.592,14.846,27.525
654.37,11.486,35.331,22.982,51.133,79.675,90.648,14.662,27.245
654.56,11.525,35.408,22.91,51.066,79.656,90.685,14.595,27.362
654.75,11.504,35.275,23.043,51.094,79.705,90.637,14.502,27.15
654.93,11.485,35.213,22.996,51.113,79.655,90.77,14.428,26.969
655.12,11.529,35.084,23.08,51.159,79.728,90.867,14.377,27.277
655.31,11.377,35.064,22.814,51.02,79.845,90.772,14.702,27.506
655.5,11.425,35.087,22.746,50.882,79.859,90.829,14.558,27.388
655.68,11.443,35.06,22.733,50.786,79.895,90.775,14.697,27.512
655.87,11.349,34.987,22.751,50.694,79.854,90.797,14.652,27.806
656.06,11.343,34.925,22.537,50.517,79.68,90.834,14.621,27.6
656.24,11.334,34.909,22.47,50.464,79.591,90.828,14.924,27.853
656.43,11.265,34.923,22.486,50.426,79.618,90.986,15.12,28.224
656.62,11.22,34.913,22.453,50.292,79.865,90.87,14.992,28.26
656.81,11.177,34.888,22.254,50.143,80.013,91.03,14.798,28.305
656.99,11.289,34.919,22.24,50.214,80.038,90.983,14.462,28.521
657.18,11.232,34.824,22.221,50.208,80.002,91.1,14.196,28.635
657.37,11.162,34.775,22.065,50.003,79.868,91.313,14.151,28.457
657.55,11.081,34.579,22.046,50.017,79.956,91.533,14.357,28.386
657.74,11.04,34.559,22.019,49.996,79.951,91.386,14.35,28.299
657.93,11.146,34.453,21.948,49.899,79.749,91.381,14.672,28.204
658.11,11.165,34.383,21.854,49.77,79.803,91.468,14.493,28.228
658.3,11.099,34.38,21.917,49.897,79.836,91.562,14.675,28.286
658.49,11.028,34.166,21.95,49.84,79.843,91.547,14.629,28.298
658.68,10.923,34.182,21.913,49.711,79.876,91.583,14.811,28.23
658.86,10.843,34.099,21.912,49.607,79.809,91.503,14.638,28.346
659.05,10.812,34.001,21.861,49.51,79.739,91.453,14.752,28.497
659.24,10.832,33.901,21.991,49.47,79.723,91.651,14.927,28.237
659.42,10.664,33.822,22.075,49.486,79.84,91.602,15.004,28.444
659.61,10.615,33.802,22.1,49.491,79.743,91.669,14.659,28.798
659.8,10.562,33.765,21.991,49.48,79.71,91.702,15.175,28.589
659.98,10.551,33.803,21.943,49.292,79.779,91.716,14.948,28.731
660.17,10.461,33.762,22.004,49.386,79.834,91.664,14.645,28.776
660.36,10.384,33.759,22.099,49.548,79.822,91.507,14.348,28.673
660.54,10.302,33.654,22.164,49.563,79.654,91.488,14.435,28.716
660.73,10.267,33.544,22.362,49.641,79.471,91.256,14.49,28.614
660.92,10.193,33.429,22.468,49.645,79.398,91.237,14.836,28.728
661.1,10.159,33.51,22.424,49.67,79.256,91.111,14.931,28.644
661.29,10.224,33.504,22.374,49.754,79.341,91.036,14.828,29.238
661.48,10.16,33.618,22.319,49.723,79.326,90.884,14.865,29.457
661.66,10.19,33.642,22.362,49.58,79.319,90.967,14.948,29.662
661.85,10.052,33.629,22.331,49.599,79.334,91.073,15.082,29.689
662.04,10.083,33.588,22.205,49.62,79.121,91.032,15.283,29.775
662.22,10.179,33.526,22.12,49.622,79.22,90.954,15.208,29.977
662.41,10.112,33.578,22.036,49.502,79.297,91.093,14.881,30.13
662.6,10.085,33.556,21.943,49.577,79.326,91.001,14.63,30.404
662.78,10.151,33.425,21.986,49.575,79.332,90.952,14.979,30.707
662.97,10.136,33.344,21.955,49.593,79.397,90.832,15.34,30.549
663.16,10.08,33.457,21.939,49.648,79.341,90.709,15.068,30.325
663.34,10.152,33.411,21.754,49.517,79.348,90.752,14.824,30.25
663.53,10.081,33.275,21.72,49.491,79.54,90.681,14.871,30.352
663.72,10.09,33.27,21.835,49.526,79.68,90.8,14.499,30.33
663.9,9.968,33.081,21.839,49.541,79.701,90.778,14.481,30.554
664.09,9.882,32.945,21.878,49.413,79.716,90.773,14.847,30.347
664.28,9.954,32.851,21.804,49.317,79.835,90.713,15.311,30.681
664.46,9.868,32.747,21.673,49.309,79.927,91.031,15.156,30.865
664.65,9.874,32.739,21.423,49.193,80.11,91.226,15.035,30.895
664.84,9.62,32.627,21.192,49.064,80.26,91.301,14.855,30.8
665.02,9.667,32.658,21.141,48.957,80.37,91.271,14.521,30.815
665.21,9.631,32.58,21.166,48.884,80.339,91.232,14.314,30.572
665.4,9.779,32.455,21.086,48.674,80.319,91.167,14.508,30.922
665.58,9.732,32.287,20.97,48.643,80.329,91.206,14.752,30.982
665.77,9.852,32.303,20.955,48.698,80.439,91.102,14.26,31.158
665.95,9.753,32.357,21.09,48.656,80.617,91.104,14.003,31.17
666.14,9.753,32.431,20.968,48.327,80.69,90.97,13.875,31.162
666.33,9.785,32.485,20.93,48.479,80.69,90.792,14.544,31.152
666.51,9.897,32.512,20.873,48.43,80.635,90.755,14.628,30.843
666.7,9.801,32.526,20.761,48.407,80.73,90.698,14.466,30.794
666.89,9.742,32.532,20.676,48.418,80.771,90.494,14.05,31.148
667.07,9.785,32.446,20.527,48.22,80.725,90.437,14.476,31.564
667.26,9.83,32.468,20.519,48.247,80.584,90.466,14.453,31.874
667.45,9.811,32.494,20.52,48.292,80.624,90.438,14.707,31.87
667.63,9.697,32.475,20.291,48.111,80.486,90.463,14.696,31.917
667.82,9.872,32.564,20.331,48.207,80.421,90.382,14.714,32.106
668,9.98,32.642,20.039,48.096,80.416,90.519,14.268,32.053
668.19,9.899,32.597,19.838,47.9,80.241,90.65,13.998,31.602
668.38,9.982,32.649,19.842,47.753,80.342,90.441,14.33,31.486
668.56,10.003,32.733,19.961,47.786,80.186,90.266,14.599,31.49
668.75,10.159,32.741,19.938,47.747,79.963,90.264,14.437,31.573
668.93,10.13,32.592,19.978,47.752,80.001,90.3,14.291,31.303
669.12,10.181,32.672,19.893,47.697,79.957,90.263,14.346,31.439
669.31,10.011,32.658,19.81,47.783,79.964,90.346,13.692,31.4
669.49,10.068,32.75,19.854,47.672,79.821,90.176,13.39,31.256
669.68,9.859,32.74,19.821,47.596,79.695,90.32,13.655,31.475
669.87,9.988,32.608,19.718,47.647,79.731,90.406,13.915,31.366
670.05,9.774,32.447,19.863,47.883,79.548,90.539,13.907,31.389
670.24,9.683,32.313,19.905,47.663,79.481,90.593,13.723,31.715
670.42,9.568,32.055,19.95,47.63,79.378,90.925,13.869,31.849
670.61,9.545,32.166,19.938,47.628,79.403,91.204,13.605,31.88
670.8,9.541,32.067,20.036,47.628,79.404,91.399,13.366,31.708
670.98,9.588,32.029,20.033,47.682,79.435,91.447,13.373,31.627
671.17,9.511,31.876,20.106,47.508,79.524,91.589,13.788,31.827
671.35,9.576,31.9,20.194,47.308,79.317,91.798,13.46,31.867
671.54,9.79,31.931,20.2,47.389,79.275,91.656,13.718,32.018
671.73,9.725,31.845,20.248,47.396,79.29,91.968,13.881,32.224
671.91,9.574,31.732,20.282,47.407,79.254,91.985,14.635,32.436
672.1,9.648,31.843,20.419,47.499,79.459,91.973,14.555,32.609
672.28,9.539,31.75,20.282,47.518,79.247,91.888,14.206,32.868
672.47,9.418,31.546,20.174,47.631,79.449,91.835,14.14,33.046
672.66,9.402,31.448,20.236,47.691,79.776,91.692,14.508,32.806
672.84,9.265,31.478,20.069,47.635,79.799,91.704,14.504,33.097
673.03,9.235,31.462,20.127,47.426,79.748,91.746,14.718,32.984
673.21,9.198,31.474,20.115,47.273,79.836,91.901,14.609,33.003
673.4,9.092,31.305,19.908,47.396,80.041,92.025,15.024,33.419
673.58,9.088,31.187,19.804,47.255,80.009,92.068,15.213,33.366
673.77,8.969,30.995,19.883,47.308,79.939,91.919,15.196,33.259
673.96,9.101,31.047,19.759,47.188,80.003,92.053,15.248,33.389
674.14,9.109,31.02,19.814,47.239,79.96,91.95,14.655,33.187
674.33,9.203,31.025,19.63,47.104,80.111,91.661,14.466,33.353
674.51,9.212,30.971,19.603,47.006,80.036,91.327,15.081,33.156
674.7,9.225,31.005,19.521,46.816,79.969,91.327,15.356,33.116
674.88,9.191,31.018,19.488,46.864,80.023,91.309,15.043,33.279
675.07,9.073,30.99,19.469,46.995,79.79,91.169,14.802,32.923
675.26,8.909,30.791,19.295,47.092,79.915,91.098,15.052,32.98
675.44,8.677,30.483,19.358,47.055,80.217,91.122,15.07,33.193
675.63,8.574,30.41,19.251,46.939,80.228,90.924,14.801,32.82
675.81,8.7,30.383,19.31,46.893,80.385,90.857,14.231,32.842
676,8.542,30.103,19.339,46.835,80.306,90.895,14.272,33.148
676.18,8.601,30.154,19.468,46.8,80.352,90.96,14.064,33.053
676.37,8.525,30.116,19.42,46.526,80.191,91.118,14.416,32.985
676.56,8.535,30.085,19.304,46.442,80.147,91.166,14.658,32.952
676.74,8.598,30.007,19.352,46.404,79.967,91.198,14.894,32.928
676.93,8.35,29.809,19.269,46.45,80,91.214,14.832,33.097
677.11,8.349,29.729,19.3,46.517,79.953,91.031,15.395,32.951
677.3,8.341,29.719,19.381,46.444,79.933,90.913,14.932,32.82
677.48,8.373,29.842,19.473,46.495,80.134,90.631,15.062,32.839
677.67,8.347,29.958,19.406,46.405,80.291,90.658,15.166,33.305
677.85,8.312,29.888,19.349,46.351,80.394,90.484,15.336,33.149
678.04,8.382,29.974,19.11,46.275,80.494,90.364,15.945,33.087
678.23,8.2,30.039,19.203,46.404,80.484,90.543,16.146,33.171
678.41,8.084,29.907,19.083,46.367,80.378,90.671,15.668,33.237
678.6,8.043,29.913,19.108,46.491,80.32,90.787,15.856,33.26
678.78,7.895,29.801,19.176,46.511,80.424,90.903,15.738,33.179
678.97,7.924,29.818,19.178,46.333,80.566,91.038,15.749,33.126
679.15,7.945,29.776,19.117,46.202,80.45,90.819,15.619,33.135
679.34,7.942,29.958,19.149,46.132,80.14,90.648,15.578,33.076
679.52,7.787,29.972,19.18,46.031,79.941,90.707,15.603,33.108
679.71,7.522,29.901,19.144,46.089,79.701,90.839,15.654,33.402
679.89,7.515,30.081,19.095,46.031,79.623,90.772,15.724,33.266
680.08,7.562,30.011,18.915,45.969,79.724,90.651,15.949,33.221
680.26,7.674,30.06,18.969,45.922,79.77,90.368,15.688,33.184
680.45,7.636,30.066,19.08,45.983,79.78,90.4,15.285,33.364
680.64,7.502,29.986,19.057,46,80.147,90.35,15.353,33.563
680.82,7.711,30.132,19.043,45.976,80.235,90.156,15.73,33.784
681.01,7.812,30.116,19.036,45.917,80.192,90.253,15.283,34.092
681.19,7.777,30.12,18.999,45.924,80.28,90.396,15.152,34.146
681.38,7.844,29.996,18.935,45.858,79.983,90.72,15.04,34.223
681.56,7.831,29.914,18.877,45.705,79.827,90.846,14.67,33.438
681.75,7.782,29.931,18.871,45.728,79.641,90.866,14.559,33.746
681.93,7.779,29.776,18.922,45.886,79.615,91.098,14.341,33.582
682.12,7.918,29.854,18.896,45.753,79.651,90.748,14.281,33.652
682.3,7.909,29.935,18.988,45.947,79.889,90.781,14.148,33.541
682.49,7.82,29.876,18.938,45.803,79.889,90.649,13.783,33.663
682.67,8.069,29.945,18.961,45.774,79.836,90.389,13.934,33.723
682.86,8.048,29.911,18.855,45.872,79.877,90.136,14.039,33.774
683.04,8.062,30.011,18.902,45.927,79.881,90.252,14.232,33.627
683.23,8.065,29.972,18.863,45.933,79.99,90.478,13.774,33.757
683.41,8.177,30.034,18.792,46.099,80.355,90.274,14.208,33.651
683.6,8.395,30.029,18.892,46.022,80.499,90.148,14.491,33.385
683.78,8.506,29.856,18.954,46.094,80.649,90.371,13.955,33.359
683.97,8.598,30.022,19.014,46.194,80.814,90.684,13.967,33.244
684.15,8.317,29.853,18.976,46.376,80.784,90.876,13.855,33.542
684.34,8.392,29.776,18.84,46.304,80.855,90.745,14.051,34.018
684.52,8.523,29.864,18.743,46.37,80.566,90.694,13.886,33.864
684.71,8.454,29.78,18.619,46.311,80.549,90.878,13.298,33.356
684.89,8.346,29.735,18.645,46.149,80.666,90.803,13.356,33.041
685.08,8.428,29.831,18.58,46.027,80.599,90.799,13.921,33.111
685.26,8.308,29.848,18.589,46.134,80.821,90.909,13.707,32.757
685.45,8.311,29.817,18.669,46.188,80.911,90.983,13.779,33.259
685.63,8.338,29.791,18.678,46.12,81.081,91.07,14.043,33.478
685.82,8.309,29.953,18.661,46.014,80.942,91.094,14.013,33.723
686,8.413,29.819,18.612,46.052,80.935,91.44,13.688,33.753
686.19,8.663,29.838,18.484,45.923,80.753,91.493,13.634,34.027
686.37,8.745,29.892,18.508,46.113,80.83,91.572,13.42,33.983
686.56,8.761,29.963,18.446,46.004,80.69,91.763,13.104,33.826
686.74,8.949,30.063,18.491,46.104,80.876,91.875,13.078,33.756
686.93,9.076,30.25,18.441,46.118,80.909,92.064,13.008,33.74
687.11,9.129,30.132,18.467,46.151,80.925,92.265,13.866,33.754
687.3,9.044,29.973,18.45,46.025,80.684,92.548,14.029,33.711
687.48,9.093,30.087,18.379,46.036,80.66,92.562,13.564,33.609
687.67,9.096,30.279,18.32,46.013,80.257,92.246,14.377,33.972
687.85,9.139,30.092,18.294,45.922,80.082,92.054,14.582,34.041
688.04,9.288,30.328,18.283,45.912,80.148,92.03,14.426,33.943
688.22,8.972,30.294,18.328,45.884,79.969,92.135,14.271,33.607
688.41,8.876,30.286,18.574,45.884,80.025,92.157,14.377,33.713
688.59,8.682,30.338,18.742,45.976,80.003,92.058,14.611,34.16
688.77,8.745,30.406,18.843,46.221,80.019,91.999,14.954,34.43
688.96,8.613,30.534,18.862,46.313,79.989,91.856,14.456,34.238
689.14,8.691,30.57,18.901,46.357,80.062,91.493,14.586,34.508
689.33,8.777,30.756,18.889,46.385,80.11,91.377,15.002,34.809
689.51,8.752,30.833,18.954,46.372,79.876,91.501,14.354,34.794
689.7,8.8,30.752,19.219,46.541,80.078,91.534,14.353,34.825
689.88,8.633,30.754,19.252,46.509,80.03,91.766,14.858,34.957
690.07,8.492,30.749,19.299,46.409,80.169,91.808,15.305,35.353
690.25,8.551,30.685,19.296,46.244,80.278,91.973,15.742,36.009
690.44,8.188,30.671,19.193,46.31,80.603,91.732,15.891,35.877
690.62,8.103,30.582,19.247,46.231,80.41,91.644,16.49,36.263
690.81,7.987,30.579,19.274,46.173,80.424,91.449,16.473,36.506
690.99,7.919,30.668,19.027,46.156,80.362,91.128,16.051,36.663
691.17,8.131,30.792,18.903,46.166,80.353,90.882,15.693,37.056
691.36,8.011,30.803,18.871,46.265,80.51,90.836,15.643,37.553
691.54,8.083,30.772,18.913,46.272,80.586,90.605,15.627,37.314
691.73,8.059,30.804,19.113,46.49,80.383,90.426,15.232,37.401
691.91,8.207,30.871,19.166,46.485,80.595,90.309,15.548,37.672
692.1,8.592,31.144,19.288,46.593,80.642,90.41,15.892,37.686
692.28,8.715,31.332,19.262,46.407,80.513,90.459,16.148,37.822
692.47,8.94,31.386,19.151,46.534,80.337,90.368,16.382,37.913
692.65,8.965,31.369,19.217,46.669,80.29,90.572,16.269,38.071
692.83,8.984,31.203,19.298,46.786,80.179,90.93,16.124,38.276
693.02,9.057,31.342,19.379,47.03,80.078,90.798,15.823,38.427
693.2,9.03,31.445,19.371,47.103,79.97,90.774,15.489,38.356
693.39,9.066,31.593,19.492,47.368,80.372,90.639,15.907,38.046
693.57,9.069,31.715,19.334,47.311,80.249,90.38,16.139,38.691
693.76,9.084,31.939,19.456,47.552,80.385,90.018,15.546,38.747
693.94,9.22,32.019,19.65,47.744,80.444,89.867,15.689,38.427
694.12,9.347,32.1,19.664,47.832,80.614,89.561,15.873,38
694.31,9.558,32.248,19.882,47.976,80.5,89.785,16.188,38.59
694.49,9.594,32.343,19.845,48.103,80.302,89.671,15.491,38.671
694.68,9.687,32.363,20.118,48.286,80.423,89.623,15.652,38.344
694.86,9.821,32.447,20.385,48.487,80.53,89.61,15.458,37.93
695.05,9.859,32.571,20.66,48.691,80.639,89.564,15.394,37.865
695.23,9.926,32.603,20.79,48.765,80.453,89.792,15.98,37.542
695.41,9.851,32.556,20.886,48.778,80.68,89.991,16.321,37.547
695.6,9.916,32.759,20.871,48.729,80.84,90.201,16.782,37.971
695.78,9.865,32.652,20.968,48.83,80.555,90.527,16.919,37.961
695.97,9.899,32.705,20.931,48.806,80.433,90.483,16.505,38.689
696.15,9.908,32.636,20.961,49.134,80.46,90.395,16.64,38.616
696.33,10.041,32.802,21.058,49.115,80.573,90.421,16.538,38.426
696.52,10.054,32.96,21.13,49.054,80.651,90.431,16.542,38.042
696.7,10.281,33.316,21.075,49.148,80.762,90.205,17.149,38.082
696.89,10.35,33.303,21.131,48.986,80.532,90.289,17.544,37.926
697.07,10.448,33.345,21.248,49.077,80.636,90.306,17.433,38.14
697.25,10.493,33.242,21.186,49.149,80.484,90.306,17.711,38.094
697.44,10.478,33.216,21.24,49.234,80.803,90.465,17.654,37.574
697.62,10.627,33.356,21.256,49.077,80.751,90.517,18.473,37.563
697.81,10.621,33.605,21.272,49.373,80.794,90.797,18.362,38.059
697.99,10.536,33.774,21.395,49.611,80.618,90.869,18.513,37.985
698.17,10.603,33.708,21.387,49.533,80.521,90.652,18.492,37.886
698.36,10.705,33.802,21.552,49.603,80.609,90.807,18.652,38.04
698.54,10.737,33.8,21.497,49.66,80.647,90.891,18.469,38.715
698.73,10.803,33.891,21.544,49.629,80.707,90.908,18.373,39.204
698.91,10.866,33.978,21.587,49.775,80.664,90.977,18.715,39.549
699.09,10.918,34.119,21.66,49.927,80.942,90.792,19.258,40.011
699.28,11.131,34.305,21.577,49.926,81.058,91.053,19.234,40.276
699.46,11.154,34.406,21.806,49.966,81.012,90.854,18.666,40.28
699.65,11.228,34.492,21.816,50.055,81.135,90.571,18.773,40.282
699.83,11.261,34.647,21.937,50.214,81.217,90.604,19.44,39.863
700.01,11.395,34.872,22.02,50.202,81.414,90.768,19.7,40.355
700.2,11.582,34.836,22.125,50.399,81.554,90.961,19.899,40.628
700.38,11.811,35.051,21.96,50.51,81.398,90.723,19.946,41.356
700.56,11.804,35.087,22.217,50.645,81.322,90.81,19.704,41.108
700.75,11.776,35.202,22.346,50.775,81.525,90.851,19.79,41.3
700.93,11.982,35.345,22.473,50.836,81.494,90.732,20.627,41.353
701.12,12.179,35.47,22.742,50.819,81.432,90.713,20.379,41.66
701.3,12.365,35.641,22.837,50.931,80.936,90.589,20.86,41.977
701.48,12.582,35.611,22.972,51.267,80.81,90.671,20.91,42.202
701.67,12.581,35.461,23.044,51.116,80.815,90.531,21.661,42.028
701.85,12.701,35.538,23.255,51.296,80.782,90.453,21.189,41.905
702.03,12.872,35.717,23.439,51.477,80.822,90.465,21.401,42.423
702.22,12.897,35.983,23.611,51.821,80.98,90.454,21.891,42.432
702.4,12.975,36.187,23.795,52.118,80.833,90.373,22.635,42.614
702.59,13.055,36.305,23.984,52.234,80.813,90.29,22.814,42.515
702.77,13.044,36.331,24.245,52.328,80.973,90.223,22.299,42.179
702.95,13.091,36.477,24.332,52.473,80.621,90.341,21.655,41.657
703.14,13.109,36.71,24.716,52.916,80.68,90.139,21.134,41.787
703.32,13.276,36.773,24.722,53.157,80.819,90.289,22.059,41.335
703.5,13.456,37.041,24.887,53.387,80.694,90.441,21.893,41.487
703.69,13.589,36.998,24.902,53.488,80.869,90.373,21.835,41.339
703.87,13.653,37.039,25.064,53.551,80.783,90.387,21.32,41.138
704.05,13.62,37.176,25.334,53.782,80.767,90.524,21.557,41.171
704.24,13.659,37.07,25.533,54.025,81.126,90.509,22.054,40.938
704.42,13.639,36.891,25.722,54.143,81.366,90.719,22.314,41.336
704.6,13.834,37.201,25.655,54.326,81.263,90.963,22.223,41.132
704.79,13.782,37.413,25.698,54.725,81.004,91.214,22.112,40.706
704.97,13.937,37.782,25.626,54.924,81.034,91.23,22.744,40.692
705.15,14.108,37.937,25.756,54.935,81.195,91.482,22.773,41.007
705.34,14.085,37.957,25.921,55.024,81.308,91.45,22.978,40.381
705.52,14.391,38.353,25.954,55.117,81.199,91.467,22.624,40.352
705.7,14.431,38.679,26.146,55.204,81.109,91.599,23.851,40.656
705.89,14.505,38.861,26.186,55.299,81.01,91.9,24.061,39.996
706.07,14.728,38.795,26.059,55.024,80.85,91.86,23.966,39.892
706.25,14.948,38.937,26.162,55.047,80.917,91.826,23.712,39.427
706.44,14.991,39.303,26.29,55.364,80.754,92.052,23.876,39.373
706.62,15.147,39.576,26.353,55.435,80.64,92.111,24.562,39.756
706.8,15.468,39.902,26.625,55.344,80.86,92.038,25.078,40.041
706.99,15.644,40.051,26.692,55.222,80.727,92.229,25.453,40.049
707.17,15.54,40.292,26.914,55.344,80.635,92.441,25.321,40.793
707.35,15.717,40.631,27.17,55.56,80.537,92.38,25.881,40.116
707.54,15.796,40.878,27.518,55.731,80.548,92.594,25.85,40.14
707.72,16.08,41.285,27.554,55.845,80.605,92.59,26.061,40.139
707.9,16.135,41.538,27.556,55.95,80.869,92.211,26.485,39.773
708.09,16.239,41.826,27.755,56.022,80.444,92.291,25.966,39.649
708.27,16.564,42.352,27.772,56.207,80.194,92.221,26.204,39.884
708.45,16.714,42.349,28.101,56.408,80.378,92.107,26.179,40.386
708.64,16.973,42.37,28.384,56.433,80.514,91.85,26.831,40.827
708.82,17.024,42.446,28.767,56.719,80.608,91.639,26.857,41.249
709,17.193,42.738,28.866,56.82,80.619,91.213,27.429,41.138
709.19,17.358,43.187,29.045,56.888,80.618,91.331,27.771,42.152
709.37,17.687,43.237,29.37,57.011,80.549,91.316,28.047,41.954
709.55,18.076,43.294,29.541,57.016,80.908,91.43,27.501,42.288
709.74,18.29,43.524,29.832,57.206,80.954,91.155,28.541,42.874
709.92,18.37,43.824,30.136,57.77,81.295,91.531,28.96,42.958
710.1,18.453,44.108,30.201,57.88,81.254,91.961,29.077,43.514
710.28,18.786,44.418,30.445,58.052,81.326,92.126,29.743,43.683
710.47,18.813,44.52,30.626,58.061,80.982,92.471,30.139,43.735
710.65,18.878,44.665,30.553,58.458,80.814,92.479,30.339,43.868
710.83,18.92,44.912,30.593,58.88,80.699,92.672,31.004,44.041
711.02,19.251,45.137,30.825,59.27,80.714,92.306,31.717,43.218
711.2,19.48,45.2,30.94,59.432,81.003,92.218,31.636,44.003
711.38,19.602,45.464,31.027,59.613,80.78,92.16,31.859,44.309
711.57,19.763,45.397,31.141,59.884,80.949,92.172,32.472,44.581
711.75,20.191,45.845,31.452,60.038,80.505,92.338,32.556,45.215
711.93,20.461,46.247,31.616,60.203,80.644,92.418,33.402,45.466
712.11,20.552,46.313,31.839,60.112,80.918,92.032,33.426,45.109
712.3,20.772,46.821,31.958,60.22,81.006,91.915,34.662,45.628
712.48,21.018,46.933,32.068,60.392,81.154,92.193,34.439,45.562
712.66,21.332,47.336,32.293,60.717,81.238,92.471,35.103,45.41
712.85,21.414,47.471,32.62,61.108,81.338,92.712,34.814,45.2
713.03,21.583,47.668,32.733,61.412,81.326,92.618,34.923,44.96
713.21,21.567,47.926,33.144,61.501,81.408,92.646,35.106,45.064
713.39,21.479,48.109,33.374,61.592,80.908,92.671,35.572,44.567
713.58,21.499,48.408,33.492,61.948,80.952,92.929,35.002,44.439
713.76,21.689,48.694,33.851,61.837,80.541,92.514,34.922,44.982
713.94,21.993,48.855,34.096,62.075,80.79,92.042,34.72,44.765
714.13,22.226,48.873,34.108,62.207,80.821,91.885,34.77,44.936
714.31,22.452,49.241,34.328,62.677,81.467,91.366,34.77,44.821
714.49,22.734,49.534,34.601,62.669,81.656,91.276,35.014,45.139
714.67,23.029,49.733,34.845,62.721,81.666,90.741,34.382,44.619
714.86,23.228,49.956,34.817,62.874,81.521,90.786,34.179,45.06
715.04,23.253,50.236,35.103,62.933,81.542,90.83,34.374,45.019
715.22,23.711,50.823,35.542,63.214,81.939,90.985,34.75,44.985
715.4,23.844,51.437,35.982,63.331,81.507,91.089,34.692,44.967
715.59,23.555,51.359,36.013,63.39,81.65,91.15,34.762,44.508
715.77,23.79,51.681,36.281,63.379,81.751,91.104,34.967,44.292
715.95,23.991,51.94,36.465,63.905,81.427,91.367,35.399,44.846
716.13,24.195,51.795,36.783,64.116,81.357,91.452,34.332,44.231
716.32,24.217,52.161,37.008,64.218,81.178,91.261,34.79,44.162
716.5,24.447,52.385,37.208,64.145,81.22,91.306,34.906,43.879
716.68,24.727,52.631,37.258,64.171,81.229,91.309,35.104,43.945
716.86,25.085,53.082,37.403,64.369,81.275,91.326,34.947,43.234
717.05,25.222,53.297,37.515,64.917,81.304,91.396,35.164,43.582
717.23,25.592,53.507,37.56,65.401,81.575,91.114,35.142,43.638
717.41,26.019,53.709,37.67,65.506,81.753,91.114,34.977,44.176
717.59,26.469,54.084,37.81,65.886,82.096,91.438,35.195,43.688
717.78,26.81,54.36,38.075,65.902,81.741,91.825,35.831,43.673
717.96,26.951,54.622,38.449,65.983,81.998,92.021,36.198,44.1
718.14,27.387,54.858,38.601,65.82,81.581,92.274,36.614,43.843
718.32,27.647,54.916,39.121,66.094,81.566,92.422,36.635,43.291
718.51,27.786,55.096,39.509,66.366,81.396,92.685,37.457,44.314
718.69,28.22,55.438,39.915,66.393,81.535,92.855,38.012,44.83
718.87,28.558,55.435,40.233,66.5,81.286,92.874,38.721,44.171
719.05,28.8,55.395,40.291,66.636,80.844,92.746,38.566,43.94
719.24,29.045,55.194,40.782,67.134,81.08,92.676,39.376,44.312
719.42,29.775,55.538,41.225,67.412,81.14,92.637,39.508,44.671
719.6,29.72,55.514,41.449,67.739,81.103,92.83,39.995,44.576
719.78,30.161,55.753,41.69,67.861,81.373,92.915,40.366,44.773
719.96,30.426,56.148,42.058,67.983,81.512,92.755,41.048,44.803
720.15,30.814,56.479,42.354,68.316,81.651,92.911,40.165,45.05
720.33,30.908,56.66,42.456,68.78,81.476,92.755,39.987,45.584
720.51,30.883,56.737,42.888,69.328,81.446,93.144,40.615,45.793
720.69,31.061,56.89,43.373,69.416,81.662,93.12,40.736,46.506
720.88,31.576,57.243,43.598,69.558,81.458,92.648,41.619,46.142
721.06,32.012,57.696,43.882,69.643,81.586,92.911,41.68,46.284
721.24,32.335,57.835,44.179,69.943,81.41,92.988,42.431,45.654
721.42,32.502,57.877,44.537,70.109,81.195,93.151,43.057,45.781
721.6,32.65,57.991,44.668,70.136,81.387,93.172,43.341,45.788
721.79,32.983,58.339,45.131,70.525,81.003,93.074,44.396,45.568
721.97,33.62,58.6,45.318,70.8,80.92,92.985,44.232,46.52
722.15,33.721,58.833,45.409,70.959,80.951,92.836,44.242,46.926
722.33,34.08,59.142,45.511,71.258,81.191,92.69,45.02,46.212
722.51,34.124,59.296,45.574,71.338,81.198,92.827,45.292,46.369
722.7,34.492,59.868,45.719,71.577,81.247,92.933,45.236,46.734
722.88,34.476,60.183,46.071,71.598,81.562,92.997,45.819,47.367
723.06,34.89,60.74,45.939,71.638,81.525,92.778,46.122,46.523
723.24,35.186,61.045,46.189,71.882,81.368,92.943,46.965,46.429
723.42,35.627,61.137,46.3,72.162,81.432,93.124,47.038,46.805
723.61,36.023,61.381,46.736,72.31,81.181,93.133,47.196,46.361
723.79,36.389,61.788,46.74,72.524,80.867,93.138,48.084,46.723
723.97,36.749,62.187,46.997,72.693,80.893,93.31,49.334,46.4
724.15,37.229,62.58,47.581,72.724,80.732,93.202,48.927,46.129
724.33,37.859,63.128,47.753,72.45,80.621,92.677,49.126,46.406
724.52,38.164,63.081,47.847,72.513,80.455,92.575,49.96,46.654
724.7,38.218,63.273,48.317,72.537,80.673,92.934,50.297,47.327
724.88,38.473,63.555,48.522,72.424,80.685,93.052,51.299,47.48
725.06,38.751,63.852,49.228,72.583,80.89,93.22,51.589,47.985
725.24,38.959,64.201,49.36,72.632,81.08,92.864,51.679,47.625
725.43,39.191,64.667,49.589,73.136,81.199,92.424,52.629,47.814
725.61,39.63,64.9,49.611,73.389,81.436,92.105,52.386,48.58
725.79,39.465,65.024,49.935,73.785,81.579,92.304,53.068,48.524
725.97,39.935,65.406,50.053,74.014,81.574,92.285,53.931,48.995
726.15,40.079,65.543,50.443,74.293,81.674,92.404,53.429,49.13
726.33,40.316,65.801,50.66,74.537,81.725,92.191,53.451,49.446
726.52,40.544,65.753,50.774,74.76,81.646,92.101,54.636,49.826
726.7,41.035,66.056,51,74.841,81.78,91.935,54.676,49.843
726.88,41.517,66.381,51.489,74.738,81.951,92.131,54.7,50.431
727.06,41.916,66.662,51.71,74.701,82.093,91.872,54.976,51.047
727.24,42.267,67.077,52.085,74.823,82.185,91.677,55.341,50.88
727.43,42.5,67.163,51.955,74.753,82.49,91.791,56.159,51.054
727.61,42.947,67.407,52.264,75.145,82.892,92.086,56.259,50.885
727.79,43.251,67.514,52.42,75.463,82.989,91.504,56.828,51.176
727.97,43.447,67.505,52.328,75.597,83.171,91.657,57.25,51.425
728.15,43.807,67.613,52.542,75.864,83.294,91.781,56.946,51.686
728.33,43.956,68.208,52.934,76.171,83.399,92.088,57.079,51.465
728.51,44.225,68.448,53.036,76.462,83.541,91.903,56.482,50.821
728.7,44.622,68.586,53.134,76.731,83.368,91.856,56.729,50.852
728.88,44.773,68.818,52.95,76.959,83.171,91.52,57.337,50.913
729.06,45.015,69.011,53.196,77.089,82.964,91.629,57.788,52.031
729.24,45.189,69.032,53.527,77.119,82.833,91.785,57.474,51.984
729.42,45.278,69.22,53.6,77,82.555,91.921,57.847,51.408
729.6,45.863,69.698,53.649,76.771,82.374,91.921,57.799,51.654
729.79,46.228,69.841,54.049,77.165,82.474,92.092,58.559,51.036
729.97,46.719,70.412,54.123,77.141,82.451,91.968,59.417,51.153
730.15,46.95,70.689,54.564,77.369,82.399,92.106,60.019,50.508
730.33,47.32,71.018,55.021,77.502,82.82,92.02,59.887,50.356
730.51,47.451,70.976,55.159,77.736,82.7,92.056,60.448,49.945
730.69,47.352,71.11,55.065,78.172,82.488,91.782,60.513,49.68
730.87,47.512,71.298,55.253,78.424,82.259,92.029,60.598,50.01
731.06,47.807,71.71,55.696,78.668,82.07,92.093,60.639,51.024
731.24,47.966,71.917,56.2,79.141,81.939,92.025,60.651,51.845
731.42,48.114,71.928,56.38,79.045,81.653,91.784,60.792,52.329
731.6,48.314,72.25,56.854,79.057,81.581,92.033,61.28,52.041
731.78,48.697,72.36,57.173,78.931,81.342,92.058,62.62,52.036
731.96,48.965,72.871,57.368,79.047,81.405,91.998,63.412,51.478
732.14,49.502,72.856,57.344,79.334,81.247,92.08,64.203,51.7
732.32,49.984,73.025,57.452,79.31,81.431,92.21,65.521,51.999
732.51,50.255,73.057,57.738,79.582,81.443,91.87,65.503,52.241
732.69,50.603,73.61,58.089,79.712,81.333,91.97,66.18,51.714
732.87,51.018,73.968,58.224,80.011,81.384,92.051,66.529,51.349
733.05,51.636,74.418,58.315,80.205,81.706,92.03,67.475,51.559
733.23,51.99,74.641,58.577,80.514,81.902,92.373,68.375,51.265
733.41,52.264,74.703,58.797,80.703,82.153,92.4,69.502,51.219
733.59,52.392,74.805,58.9,80.706,82.179,92.117,68.969,52.228
733.77,52.955,75.045,58.91,80.71,82.029,91.987,69.516,52.648
733.96,53.527,75.178,59.045,80.908,82.2,91.754,70.17,52.975
734.14,53.775,75.51,59.085,81.264,81.934,91.663,70.043,53.15
734.32,54.505,75.879,59.254,81.534,81.935,91.536,70.692,53.847
734.5,54.935,76.173,59.352,81.327,81.976,91.529,71.122,54.127
734.68,55.047,76.278,59.405,81.328,82.256,91.231,71.531,54.307
734.86,55.083,75.989,59.175,81.222,82.298,91.207,72.472,53.522
735.04,55.59,76.594,59.505,81.24,82.427,91.171,72.862,52.857
735.22,55.782,76.642,59.862,81.731,82.936,91.133,73.554,53.368
735.4,56.13,77.125,59.617,81.579,83.197,91.186,72.976,54.079
735.59,56.159,77.521,59.691,82.227,83.564,91.167,72.821,54.342
735.77,56.065,77.385,59.828,82.408,83.635,91.137,73.096,54.07
735.95,56.177,77.631,60.24,82.465,83.728,90.712,72.467,54.282
736.13,56.473,77.899,60.426,82.53,83.284,90.771,72.802,54.748
736.31,56.614,78.274,60.776,82.684,83.386,90.975,73.17,54.895
736.49,56.885,78.265,61.005,82.666,83.397,90.846,72.873,56.521
736.67,57.042,78.163,61.08,82.633,83.781,90.843,73.335,56.991
736.85,57.315,78.058,61.365,82.843,83.322,91.063,72.766,55.866
737.03,57.658,78.331,61.682,82.884,83.173,90.723,72.418,56.207
737.21,57.85,78.631,62.073,83.139,83.127,90.565,72.008,55.621
737.39,58.357,78.773,62.196,82.839,82.868,90.901,72.537,55.442
737.58,58.332,78.687,62.74,83.111,83.274,91.275,72.255,55.217
737.76,58.303,78.71,63.049,83.329,83.359,91.512,72.432,55.362
737.94,58.686,78.933,62.961,83.055,83.642,91.252,72.676,55.046
738.12,58.85,79.081,63.14,83.198,83.434,91.482,73.023,54.833
738.3,59.101,79.038,63.549,83.447,83.488,91.559,73.764,54.735
738.48,59.371,79.234,63.881,83.887,83.177,91.916,74.375,53.706
738.66,59.765,79.657,64.245,84.239,83.104,91.705,74.366,54.047
738.84,59.865,79.588,64.1,84.264,83.357,91.704,73.89,53.631
739.02,60.002,80.059,64.016,83.887,83.096,92,74.488,52.906
739.2,60.342,79.897,64.517,84.395,82.668,91.948,75.661,52.759
739.38,60.762,80.284,64.639,83.938,82.135,92.292,75.952,52.202
739.56,61.15,80.608,64.683,83.859,82.022,92.228,77.065,52.219
739.74,61.491,80.831,64.7,83.77,81.959,92.356,77.929,52.275
739.92,61.696,80.852,64.574,83.869,82.166,92.058,78.191,52.249
740.11,61.945,81.249,64.727,84.163,82.171,92.119,79.29,52.561
740.29,62.174,81.203,64.707,84.072,82.416,92.193,79.513,51.48
740.47,62.676,81.822,64.965,83.903,82.22,92.242,79.555,50.982
740.65,62.841,82.153,65.253,83.955,82.112,92.35,80.492,52.021
740.83,63.077,82.329,65.327,84.443,82.46,92.494,81.514,51.331
741.01,63.212,82.277,65.468,84.905,82.939,92.665,82.324,52.811
741.19,63.059,82.573,65.762,85.153,83.121,92.735,82.743,52.267
741.37,63.23,82.43,65.911,85.311,82.735,92.95,83.016,51.837
741.55,63.621,82.927,66.166,85.218,82.546,93.065,83.078,51.206
741.73,63.779,82.894,66.319,85.383,82.214,93.782,83.781,51.622
741.91,63.941,83.343,66.475,85.606,82.457,93.681,84.458,51.249
742.09,64.182,83.586,66.536,85.639,82.873,93.83,84.728,50.907
742.27,64.305,83.915,66.557,85.798,83.627,93.829,84.499,51.527
742.45,64.943,84.283,66.817,85.782,83.925,94.257,84.739,51.431
742.63,65.338,84.519,66.739,85.514,83.337,94.308,85.222,52.091
742.81,66.119,84.836,67.097,85.897,82.976,94.319,85.282,52.479
742.99,66.126,84.807,67.154,86.044,83.388,94.534,85.106,51.941
743.17,66.395,84.865,67.654,86.584,84.168,94.008,85.669,53.152
743.35,67.001,84.932,68.002,86.752,84.235,94.086,85.003,53.566
743.54,67.321,84.973,68.274,86.903,84.503,94.518,85.498,53.782
743.72,67.493,85.477,68.705,86.747,84.549,94.862,84.492,54.206
743.9,67.995,85.66,69.08,86.603,84.507,94.536,85.319,53.842
744.08,68.407,85.892,69.493,86.665,84.336,94.732,86.02,53.752
744.26,68.115,85.549,69.596,87.012,84.222,94.315,87.2,53.739
744.44,68.337,85.917,69.49,86.912,84.584,93.917,86.819,53.511
744.62,68.491,86.154,69.554,86.55,84.551,93.836,86.563,54.687
744.8,68.671,86.285,69.734,86.455,84.143,94.113,87.036,53.987
744.98,69.448,86.618,69.712,86.9,84.114,94.191,86.987,54.457
745.16,69.728,87.198,69.506,86.802,84.079,93.884,87.192,54.86
745.34,70.037,86.918,68.976,86.394,84.11,93.724,87.808,56.098
745.52,70.234,87.196,69.213,86.709,84.211,93.46,88.842,57.136
745.7,70.754,87.382,69.406,86.941,84.254,93.612,88.876,57.309
745.88,71.177,87.747,69.677,87.068,83.673,93.696,89.583,58.518
746.06,71.781,87.733,70.304,87.267,83.066,93.418,90.226,58.175
746.24,71.789,87.754,70.163,87.537,82.927,93.037,90.608,59.022
746.42,71.841,87.74,70.532,87.972,82.947,92.746,91.775,58.401
746.6,71.495,87.622,70.624,87.825,82.946,92.777,92.013,59.025
746.78,71.861,87.879,70.411,87.698,82.522,93.018,93.284,60.282
746.96,72.069,87.892,70.409,87.611,82.209,93.301,93.634,60.127
747.14,71.667,87.793,70.796,87.601,81.989,93.534,93.76,60.522
747.32,71.886,88.122,70.533,87.254,81.721,92.967,93.333,59.857
747.5,71.963,87.927,70.397,87.098,81.606,93.033,94.246,59.223
747.68,72.056,88.197,70.174,87.213,81.828,93.744,93.191,59.612
747.86,72.17,88.247,70.285,87.601,81.521,93.459,93.498,60.148
748.04,72.328,88.506,70.23,87.594,81.382,94.27,92.441,60.822
748.22,72.561,88.661,70.04,87.72,81.109,93.918,93.927,61.274
748.4,72.718,88.29,70.432,88.169,81.321,93.815,94.123,60.9
748.58,72.541,88.305,70.499,88.495,81.029,93.315,93.015,60.329
748.76,72.696,88.383,70.674,88.485,80.817,93.227,93.74,60.534
748.94,73.244,88.542,70.893,88.847,80.813,93.553,95.05,60.145
749.12,73.581,89.189,71.033,89.246,80.678,93.378,94.856,59.282
749.3,73.806,89.389,70.838,89.144,80.619,93.583,94.359,59.779
749.48,73.536,89.188,70.855,88.877,80.596,93.267,94.162,61.013
749.66,73.552,88.683,70.844,88.745,80.976,93.199,94.575,60.436
749.84,73.538,88.676,70.433,88.387,81.18,93.264,94.569,61.202
750.02,73.936,88.887,71.105,88.602,81.339,93.32,94.759,61.113
750.2,73.821,88.844,71.004,88.272,81.477,93.409,95.805,62.089
750.38,74.238,89.03,71.188,88.464,81.426,92.921,97.006,61.307
750.56,74.08,88.773,71.511,88.453,81.655,92.582,94.822,59.998
750.74,74.028,88.72,71.349,88.107,81.952,92.711,95.34,59.843
750.92,74.663,89.143,71.023,88.506,82.337,92.205,95.557,60.309
751.1,74.622,88.807,71.252,88.729,82.349,92.345,95.92,60.258
751.28,74.562,88.818,71.495,89.253,82.252,91.954,96.776,60.27
751.46,74.418,88.433,71.363,88.952,82.278,91.562,96.469,59.944
751.64,74.527,88.836,71.363,89.152,82.859,91.797,95.982,59.158
751.82,74.866,88.842,71.735,89.616,82.974,91.462,96.544,58.461
752,74.829,89.141,72.138,89.793,83.16,91.689,96.571,58.671
752.18,74.694,89.259,72.045,89.87,82.735,91.824,96.476,58.284
752.35,75.448,89.614,71.749,89.759,83.01,91.893,97.502,59.021
752.53,75.761,89.844,71.433,89.54,83.18,91.656,97.337,58.425
752.71,75.807,89.77,71.903,89.446,83.198,91.387,96.342,59.7
752.89,75.967,89.605,72.671,89.709,83.137,91.58,96.544,60.223
753.07,76.161,89.516,73.53,89.919,83.397,91.336,96.204,58.932
753.25,75.964,89.696,73.727,89.608,83.106,91.339,96.115,58.296
753.43,75.92,89.681,73.867,90.053,83.278,91.301,96.085,58.82
753.61,76.216,89.639,74.067,89.972,83.384,91.636,95.849,58.17
753.79,76.023,89.222,74.016,89.527,83.147,91.741,95.256,57.877
753.97,76.164,89.617,74.649,89.944,82.81,91.748,94.363,57.083
754.15,76.25,89.761,74.571,89.862,82.932,92.051,92.927,57.59
754.33,76.591,90.28,74.675,89.968,83.068,91.851,94.261,58.716
754.51,77.236,90.826,75.117,90.553,82.64,91.61,93.975,58.793
754.69,77.39,91.019,75.506,90.643,82.46,92.591,94.645,58.538
754.87,77.789,91.339,75.726,91.167,82.284,92.869,94.349,59.368
755.05,77.797,91.49,75.812,91.181,82.569,92.994,93.931,59.207
755.23,78.431,91.933,75.707,91.538,82.425,93.091,95.011,59.512
755.41,78.82,91.962,75.439,91.274,82.373,93.052,94.709,60.237
755.59,79.331,92.216,75.137,91.121,82.724,93.306,94.728,60.393
755.77,79.409,91.84,75.586,91.267,82.65,93.914,93.761,59.928
755.94,80.049,91.983,75.544,91.127,83.324,93.879,93.007,60.369
756.12,79.572,92.066,75.811,90.97,83.53,93.865,93.91,61.155
756.3,78.951,92.119,76.096,91.201,83.724,94.091,95.124,61.378
756.48,78.811,92.193,75.696,91.157,83.896,94.097,95.933,60.289
756.66,78.603,92.443,75.586,91.141,84.022,94.022,95.238,59.741
756.84,78.777,92.714,75.435,90.859,83.621,94.263,96.631,60.331
757.02,78.89,92.531,75.488,91.287,83.785,94.139,96.498,60.341
757.2,79.195,93.058,75.319,90.938,83.44,94.35,95.56,60.173
757.38,78.952,93.302,75.547,91.198,83.471,94.204,95.401,61.223
757.56,79.038,93.652,75.319,91.457,83.593,93.87,96.555,61.792
757.74,79.194,93.574,75.077,91.466,84.059,93.944,96.31,62.183
757.92,79.136,93.645,75.099,91.729,84.066,94.124,96.796,62.012
758.1,79.24,93.347,74.939,91.41,83.947,94.134,96.5,61.493
758.27,79.141,93.191,74.818,91.391,83.993,93.869,96.371,61.267
758.45,79.206,93.152,74.747,91.417,84.005,93.687,96.473,61.155
758.63,79.099,93.256,74.536,91.428,84.37,93.425,97.02,61.242
758.81,79.915,93.546,74.32,91.615,84.397,93.811,97.442,60.892
758.99,79.729,93.227,74.394,92.174,84.623,93.862,97.57,60.195
759.17,79.679,93.198,74.516,92.594,84.588,93.779,97.536,60.035
759.35,80.012,93.411,74.751,92.433,84.527,93.461,97.981,60.442
759.53,80.05,93.396,74.315,92.36,84.595,93.535,98.068,60.525
759.71,80.04,93.568,74.184,92.189,84.455,93.41,98.866,60.696
759.89,80.54,93.507,74.673,92.292,84.144,93.551,97.788,59.955
760.07,80.639,93.166,74.808,92.227,84.149,93.615,95.535,59.348
760.24,80.428,93.033,75.018,91.99,84.063,94.027,95.67,60.153
760.42,80.467,92.698,74.904,92.026,84.102,94.147,95.988,60.509
760.6,80.212,92.653,75.04,92.188,84.123,93.87,94.959,60.86
760.78,80.211,92.5,75.179,92.049,84.057,94.274,95.972,60.035
760.96,80.023,92.611,75.269,92.338,84.196,94.245,96.496,59.292
761.14,79.983,92.76,74.767,92.214,84.274,94.137,97.292,58.238
761.32,80.243,92.926,74.748,92.156,84.34,94.37,97.228,57.764
761.5,80.353,92.878,74.765,92.114,84.36,94.595,96.909,57.251
761.68,80.561,92.779,74.686,91.967,84.224,94.381,97.008,56.403
761.85,80.632,93.175,74.89,92.375,84.151,94.65,97.174,56.601
762.03,80.749,93.154,74.582,92.196,84.233,94.738,97.474,56.262
762.21,80.949,93.261,74.742,92.361,84.077,94.638,97.994,55.838
762.39,80.946,93.287,75.097,92.445,83.963,94.654,98.272,55.696
762.57,80.71,93.027,75.275,92.342,83.876,94.635,98.247,56.182
762.75,80.711,93.288,75.58,91.98,83.671,94.946,97.776,56.968
762.93,81.016,93.221,75.771,91.888,83.51,94.967,98.545,56.628
763.11,80.531,93.061,75.697,91.848,83.261,94.711,98.491,55.632
763.28,80.984,93.231,76.044,91.916,83.08,94.493,98.953,56.079
763.46,80.618,93.237,76.161,91.957,82.672,94.677,99.178,55.598
763.64,80.461,93.261,75.677,91.857,82.619,94.518,99.559,55.482
763.82,80.52,93.431,75.617,91.967,82.384,94.31,100.785,56.076
764,80.564,93.521,75.689,92.02,82.361,93.649,100.858,56.104
764.18,80.234,93.366,75.805,92.1,82.486,93.711,101.315,55.843
764.36,80.542,93.491,75.682,92.046,82.669,93.933,101.889,54.405
764.54,80.896,93.827,75.784,92.334,82.616,93.745,100.984,54.931
764.71,80.833,93.595,75.849,92.276,82.753,93.448,100.688,56.165
764.89,81.287,93.775,76.239,92.546,82.371,93.705,99.529,56.935
765.07,81.332,93.719,76.22,92.47,82.184,93.698,99.576,57.516
765.25,81.319,93.961,76.364,92.611,82.27,93.512,100.659,57.594
765.43,81.403,93.912,76.465,92.634,82.386,93.718,99.973,58.313
765.61,81.165,93.909,76.371,92.474,82.492,93.754,100.556,58.978
765.78,81.241,94.028,76.451,92.63,82.351,93.833,99.926,60.471
765.96,80.996,93.674,76.401,92.288,82.307,93.62,98.13,60.642
766.14,81.118,93.548,76.286,92.083,82.291,93.856,98.635,61.143
766.32,81.036,93.742,76.539,92.329,81.924,93.174,97.961,61.355
766.5,81.183,93.396,76.686,92.495,82.002,93.076,98.781,61.957
766.68,80.797,93.192,76.617,91.943,81.986,93.048,98.067,63.083
766.86,80.936,93.329,76.981,92.2,82.055,93.378,98.437,63.377
767.03,80.809,93.303,76.678,91.862,82.165,93.874,97.871,63.835
767.21,81.131,93.061,76.865,91.873,82.241,93.701,97.9,64.814
767.39,81.088,92.988,77.069,91.947,82.669,93.483,97.921,65.002
767.57,81.284,93.122,76.956,91.838,82.469,93.765,97.987,65.741
767.75,81.644,93.378,76.82,91.77,83.035,94.356,97.837,66.518
767.93,81.957,94.105,76.564,91.506,82.784,94.031,97.793,67.166
768.1,81.906,93.832,76.317,91.002,82.453,93.876,97.775,68.13
768.28,81.949,93.919,76.352,91.158,82.353,93.716,98.472,68.335
768.46,82.307,94.045,76.583,91.341,81.962,93.909,99.842,67.387
768.64,82.097,93.346,76.858,91.288,82.286,93.338,100.949,67.266
768.82,81.852,93.364,77.026,91.619,81.991,93.375,101.04,66.795
769,82.471,93.451,76.662,91.348,81.739,93.39,99.988,67.524
769.17,82.512,93.766,76.697,91.153,81.634,92.968,100.871,68.149
769.35,83.01,93.361,77.05,90.907,81.85,93.329,100.082,67.3
769.53,82.859,93.551,77.775,90.908,82.188,93.113,101.58,65.572
769.71,82.776,93.533,78.302,91.014,82.641,93.357,104.557,65.374
769.89,82.598,93.409,78.44,91.371,82.823,93.591,104.946,64.446
770.06,83.006,93.356,78.567,91.443,83.706,93.846,105.752,65.494
770.24,82.645,93.238,78.818,90.657,83.225,93.5,104.81,63.797
770.42,82.335,93.228,78.9,91.607,83.019,93.126,105.604,63.796
770.6,81.936,92.915,78.879,90.954,82.736,93.655,104.528,65.729
770.78,81.805,92.933,79.428,91.45,82.448,93.02,106.027,64.831
770.96,81.55,93.305,79.537,91.375,82.853,93.574,104.784,64.475
771.13,81.79,93.542,79.822,91.451,82.497,93.746,106.309,64.454
771.31,81.927,93.303,80.136,91.173,83.378,93.766,106.788,64.713
771.49,81.936,93.152,80.423,91.718,82.904,93.328,106.593,64.792
771.67,82.384,92.836,80.828,91.795,83.328,93.423,106.555,65.828
771.85,82.5,93.705,81.399,93.059,83.585,93.738,105.759,66.844
772.02,82.554,93.273,80.781,92.496,84.183,93.46,106.231,68.124
772.2,82.95,93.534,80.831,92.248,83.889,93.809,105.378,68.94
772.38,83.173,94.238,80.195,91.921,83.721,93.844,105.954,68.756
772.56,83.502,93.854,80.295,91.535,84.345,93.86,107.806,68.944
772.74,83.352,93.772,80.333,91.447,83.986,94.367,108.776,71.169
772.91,83.075,93.702,80.269,90.993,84.067,94.443,109.466,71.733
773.09,82.939,93.967,79.982,91.586,83.291,93.094,109.085,71.507
773.27,82.216,92.82,79.457,92.142,83.085,93.5,108.336,72.224
773.45,82.125,92.959,78.079,91.842,83.175,93.27,106.355,73.713
773.62,82.098,93.213,77.977,92.027,82.393,92.991,105.575,73.3
773.8,81.306,93.407,77.115,91.457,81.988,92.472,105.232,72.334
773.98,82.528,94.697,76.357,91.857,82.514,92.6,105.262,73.88
774.16,82.906,94.787,75.928,90.969,83.631,93.273,105.906,72.653
774.34,83.394,95.048,76.172,91.659,84.394,93.006,108.601,71.898
774.51,83.04,94.979,75.697,90.781,84.922,93.427,110.227,71.261
774.69,83.456,95.221,75.42,90.583,84.219,92.942,112.485,71.287
774.87,83.656,94.993,75.537,90.683,84.622,93.067,112.752,71.038
775.05,82.952,94.867,74.87,90.707,83.859,92.661,113.172,70.467
775.22,83.142,95.357,74.543,90.305,84.084,93.249,113.396,70.036
775.4,83.805,95.588,74.825,90.493,83.987,92.938,113.572,68.565
775.58,84.306,94.765,74.732,90.128,84.133,92.678,114.576,68.316
775.76,84.447,95.295,74.873,89.843,83.639,93.134,113.65,68.304
775.94,84.192,95.504,74.75,89.764,84.913,93.451,112.544,68.776
776.11,84.446,95.5,75.551,89.979,85.241,94.234,111.908,69.613
776.29,84.845,95.934,75.571,90.535,85.212,93.564,110.344,69.666
776.47,84.897,95.815,76.192,90.927,85.815,93.295,111.071,70.9
776.65,84.97,95.78,76.329,91.765,86.345,93.614,111.663,69.841
776.82,84.678,94.967,76.403,91.483,86.524,94.279,112.815,70.578
777,85.172,96.516,76.214,91.472,86.755,93.962,113.286,71.841
777.18,85.661,96.853,77.187,91.855,86.574,94.453,112.828,72.91
777.36,86.194,96.77,76.828,90.942,86.88,94.216,114.151,74.278
777.53,86.95,96.42,77.257,90.946,87.268,95.121,114.811,74.257
777.71,85.73,95.415,77.452,91.136,87.011,94.694,114.597,73.145
777.89,85.572,95.788,77.789,91.27,86.587,94.209,113.602,74.051
778.07,85.422,95.424,78.291,91.46,85.403,93.593,113.18,74.903
778.24,85.058,95.242,78.801,92.229,85.551,92.962,111.919,77.158
778.42,84.994,94.901,79.377,93.081,85.733,92.763,113.704,76.928
778.6,85.124,95.339,79.592,93.76,85.431,92.897,113.703,77.43
778.78,85.858,96.138,80.197,93.928,86.595,92.994,113.991,76.922
778.95,86.1,95.918,80.02,93.901,86.288,92.524,114.807,76.877
779.13,85.592,95.885,79.522,93.849,85.738,93.378,115.514,76.641
779.31,85.343,96.471,79.647,93.783,86.043,94.085,115.893,77.441
779.48,85.059,96.267,79.775,93.905,86.244,93.926,117.078,75.859
779.66,85.099,96.33,79.497,93.642,85.516,93.386,118.088,77.898
779.84,84.972,96.133,78.96,93.497,85.753,93.307,119.411,78.107
780.02,84.487,96.147,78.938,93.338,85.737,94.569,120.668,78.67
780.19,84.19,95.815,78.853,93.42,85.626,93.92,120.4,76.413
780.37,84.912,96.062,79.102,93.174,85.837,94.037,119.673,78.3
780.55,85.222,97.026,78.999,93.034,85.691,95.096,119.176,79.594
780.73,85.259,96.127,78.795,91.961,85.776,95.896,120.814,79.713
780.9,85.43,96.208,78.27,91.736,85.851,95.504,121.549,77.445
781.08,84.92,96.147,78.63,92.046,86.646,95.45,122.461,77.153
781.26,83.866,96.229,79.131,92.567,85.857,96.036,126.779,79.43
781.43,83.515,95.935,78.952,91.999,86.668,96.672,130.683,78.859
781.61,83.41,95.428,79.167,92.477,86.522,97.039,132.492,79.609
781.79,83.02,95.168,78.14,91.921,86.983,96.99,132.008,79.245
781.97,83.63,95.364,78.066,91.74,86.472,97.574,134.105,77.655
782.14,83.736,95.789,77.601,91.36,86.802,97.967,129.077,78.635
782.32,83.024,95.388,77.579,90.676,87.396,98.348,127.765,78.822
782.5,83.527,94.511,78.038,90.892,86.197,97.759,129.523,80.658
782.67,82.959,94.279,77.872,91.067,86.361,98.628,130.238,80.969
782.85,82.352,93.532,77.658,90.847,86.002,97.382,128.566,82.125
783.03,82.384,93.316,77.78,90.713,85.869,96.121,128.907,81.031
783.21,82.589,93.093,78.019,91.145,86.034,96.376,126.182,83.917
783.38,83.073,92.356,79.001,92.25,86.328,96.469,126.232,81.27
783.56,83.044,92.433,79.464,92.954,85.943,96.031,123.406,81.209
783.74,83.149,92.627,78.628,92.48,86.026,95.623,119.668,80.926
783.91,83.345,93.46,79.099,93.208,85.951,96.124,120.436,83.014
784.09,83.547,93.498,79,93.416,85.398,96.897,121.996,82.667
784.27,84.134,93.914,78.615,93.504,85.93,96.329,122.897,82.988
784.44,84.598,94.493,79.213,93.853,85.941,95.398,119.56,81.693
784.62,83.774,93.981,79.727,94.162,85.585,95.76,117.116,82.698
784.8,83.731,94.069,79.564,94.656,84.429,95.815,116.535,83.484
784.97,85.091,94.07,79.693,94.895,83.659,94.968,112.324,79.451
785.15,85.959,94.894,80.321,95.235,82.954,94.857,109.804,80.192
785.33,86.685,95.118,80.777,95.354,82.564,94.582,110.553,79.246
785.51,87.017,95.722,80.819,95.717,83.077,95.398,109.52,76.995
785.68,86.926,96.144,79.941,95.147,82.926,95.074,109.925,78.604
785.86,86.653,95.91,80.372,95.125,82.721,94.81,111.369,78.128
786.04,86.851,95.961,79.291,94.485,82.414,93.772,111.2,79.546
786.21,86.206,96.158,79.028,94.449,82.185,94.195,109.786,78.457
786.39,86.512,96.53,79.643,95.322,82.182,93.779,109.894,79.037
786.57,87.059,96.482,79.49,95.369,83.231,94.627,109.314,78.994
786.74,86.354,95.917,79.322,95.355,83.941,95.388,109.414,77.993
786.92,86.941,96.551,79.781,95.468,84.482,96.101,110.057,77.245
787.1,86.278,96.318,78.719,94.251,83.634,96.416,111.21,78.747
787.27,86.145,96.028,78.443,93.698,83.825,96.611,114.396,78.642
787.45,85.539,95.756,79.863,94.448,83.303,95.835,117.138,78.241
787.63,85.63,95.313,79.442,92.925,83.65,95.878,116.893,75.379
787.8,84.993,95.592,79.872,92.69,84.128,94.177,114.468,73.542
787.98,84.408,95.207,79.913,92.245,83.932,93.715,115.088,73.04
788.16,84.427,94.807,80.295,92.272,84.076,94.12,116.238,72.897
788.33,84.741,94.77,80.295,92.32,83.84,94.024,119.107,71.626
788.51,84.76,95.262,80.334,92.038,84.264,93.905,117.523,71.628
788.69,83.823,95.275,79.827,90.993,84.704,94.884,119.612,74.073
788.86,83.657,95.169,79.542,90.91,84.542,94.896,120.415,74.5
789.04,83.106,95.865,79.188,90.107,84.855,95.468,118.969,75.536
789.21,82.848,95.558,79.326,89.902,84.916,94.861,119.632,77.806
789.39,82.575,94.822,80.142,90.188,85.589,94.334,116.472,77.315
789.57,83.327,95.157,80.185,89.474,86.477,93.759,116.876,74.634
789.74,83.902,94.977,80.95,89.993,85.23,94.571,118.026,73.845
789.92,84.324,94.897,80.706,89.264,86.181,93.689,119.399,75.188
790.1,84.179,94.823,80.921,89.013,85.615,93.543,118.847,73.818
790.27,84.658,95.639,80.993,89.61,85.464,92.679,121.705,74.553
790.45,85.395,96.511,80.841,89.451,85.139,92.279,121.808,76.845
790.63,84.653,96.284,80.207,89.253,84.407,91.147,121.619,76.44
790.8,85.112,96.982,80.92,90.022,85.05,90.283,119.275,72.176
790.98,85.718,97.938,81.316,90.344,84.806,90.2,119.278,71.117
791.16,86.229,97.89,81.046,89.829,85.346,91.816,119.816,69.011
791.33,86.114,98.056,80.547,90.283,84.817,91.534,121.756,71.575
791.51,86.042,97.95,80.319,90.802,85.281,93.558,122.639,73.111
791.68,86.29,98.165,80.647,91.404,85.405,94.045,120.438,71.534
791.86,86.109,98.974,80.183,91.182,84.339,93.688,117.351,72.474
792.04,86.739,100.273,79.958,91.092,84.782,93.038,118.811,72.742
792.21,87.036,99.058,80.095,90.424,84.743,93.103,120.308,71.911
792.39,87.856,99.745,79.786,91.165,84.772,92.166,119.077,71.546
792.57,88.228,99.085,79.554,90.714,84.614,91.671,116.348,73.133
792.74,88.877,98.742,80.238,91.334,83.743,91.363,117.365,73.262
792.92,89.847,99.208,80.159,91.176,84.123,91.228,115.801,74.178
793.09,90.477,99.323,80.697,92.285,83.905,91.56,116.224,74.637
793.27,89.779,98.38,80.327,93.029,83.635,92.855,116.551,79.047
793.45,89.754,98.344,80.834,93.35,84.84,92.636,115.406,80.125
793.62,90.143,98.508,81.461,94.513,84.303,93.02,113.436,77.878
793.8,89.978,97.882,81.175,93.782,84.677,92.552,112.613,78.791
793.97,88.506,97.752,81.505,93.935,84.951,93.006,113.082,78.792
794.15,88.179,97.206,80.778,93.463,84.902,92.954,112.349,77.772
794.33,88.46,96.854,80.62,93.763,84.74,94.083,112.144,77.325
794.5,88.172,96.624,81.021,93.657,84.74,94.178,111.732,79.879
794.68,87.344,95.671,80.552,93.133,85.342,93.709,108.923,81.614
794.85,87.175,96.068,80.278,93.166,84.984,93.03,110.056,86.039
795.03,87.436,96.349,80.277,93.5,85.606,93.31,107.764,83.384
795.21,87.003,95.491,79.646,93.215,84.639,92.293,108.46,83.223
795.38,87.114,95.148,79.904,93.074,83.893,91.516,110.178,82.715
795.56,87.051,94.179,79.773,93.087,84.159,91.924,115.228,82.122
795.73,87.468,93.401,79.325,93.239,84.601,92.598,115.697,84.487
795.91,87.668,94.352,79.08,93.536,85.284,92.819,114.385,85.246
796.09,87.563,93.967,79.674,93.621,85.92,93.597,112.485,84.343
796.26,86.766,93.637,79.556,93.504,86.486,94.477,114.638,82.851
796.44,86.129,92.711,78.765,93.321,87,94.976,114.532,83.181
796.61,85.513,92.106,78.921,94.034,86.253,95.56,117.474,79.743
796.79,84.502,91.881,78.035,93.341,85.996,95.332,117.314,80.729
796.97,84.569,91.976,77.446,92.911,84.651,94.192,121.578,79.734
797.14,84.675,93.275,76.488,92.322,85.384,94.468,122.53,80.113
797.32,84.011,93.463,75.991,91.663,85.52,94.379,121.495,79.882
797.49,84.423,93.517,76.036,91.995,85.964,94.332,123.799,79.646
797.67,85.33,93.102,75.342,91.013,85.763,94.223,121.292,81.137
797.84,85.456,93.033,75.693,91.502,85.207,95.054,122.866,82.305
798.02,85.247,93.158,75.383,90.788,85.174,94.508,128.079,83.9
798.2,84.633,93.291,75.104,90.414,84.605,95.215,131.36,83.811
798.37,84.781,94.049,75.293,90.135,83.959,95.522,131.798,83.078
798.55,85.26,93.75,75.493,89.669,84.128,95.325,131.438,82.248
798.72,85.082,93.229,75.978,89.257,83.959,94.918,133.602,84.153
798.9,85.573,93.912,76.561,89.294,83.794,95.162,134.075,84.442
799.07,84.845,93.309,76.618,89.323,84.805,95.924,133.487,86.287
799.25,84.881,93.359,76.808,90.231,85.457,96.478,131.841,86.459
799.42,84.269,93.777,77.283,90.058,83.554,96.431,132.87,86.388
799.6,83.938,93.816,77.345,89.818,83.379,96.167,135.777,87.399
799.78,83.677,93.263,77.26,90.09,83.353,95.701,136.38,87.601
799.95,84.44,94.224,77.48,91.218,83.294,95.283,139.267,87.132
800.13,85.008,95.282,77.602,91.554,83.27,94.166,135.301,84.68
800.3,85.915,96.345,77.373,90.928,83.3,93.455,134.518,86.203
800.48,86.972,96.752,77.575,90.976,83.731,93.619,137.076,84.738
800.65,87.765,96.898,78.932,91.684,84.731,94.06,133.819,84.152
800.83,87.069,95.532,79.818,92.014,84.334,93.809,134.989,83.16
801,87.177,95.22,79.966,91.579,84.494,94.914,137.107,85.139
801.18,87.325,95.327,79.388,90.806,84.529,95.45,134.999,84.071
801.36,87.361,95.852,80.54,90.71,84.413,95.904,134.452,82.108
801.53,87.303,95.751,81.302,91.113,83.902,94.601,133.467,81.397
801.71,87.457,95.548,82.657,92.013,83.731,94.312,133.536,78.958
801.88,88.246,95.433,82.001,92.565,84.248,94.58,133.974,83.454
802.06,88.538,95.214,82.414,93.185,83.504,94.971,134.593,81.926
802.23,88.088,95.142,82.752,94.566,83.194,95.291,130.755,79.108
802.41,87.066,95.229,83.082,95.921,82.655,95.894,128.284,79.359
802.58,87.184,94.892,83.036,96.15,82.315,95.792,128.883,78.576
802.76,87.148,95.537,82.529,95.196,82.009,95.306,129.757,78.649
802.93,87.213,96.166,82.934,94.475,81.098,93.717,128.317,80.823
803.11,87.847,95.709,83.759,95.362,82.58,93.267,126.878,77.603
803.28,88.016,95.601,84.047,95.753,81.812,92.881,124.943,78.451
803.46,87.788,96.457,84.365,95.146,81.081,92.754,123.619,80.308
803.63,87.314,96.327,84.919,94.842,81.198,91.973,123.801,79.044
803.81,86.977,95.911,84.919,94.423,81.674,92.49,126.622,80.916
803.98,86.319,95.031,85.323,95.166,81.935,93.017,126.291,80.925
804.16,85.611,94.768,84.656,94.611,80.601,92.823,126.36,80.624
804.34,85.44,95.68,83.187,94.007,80.702,93.202,125.217,78.783
804.51,85.483,95.637,82.447,93.946,80.051,93.616,124.437,76.925
804.69,85.303,95.36,82.946,94.525,79.964,93.829,124.135,75.589
804.86,85.071,96.25,83.05,95.097,78.899,93.341,125.049,76.046
805.04,84.784,96.089,82.504,95.466,79.037,92.568,124.342,74.915
805.21,84.553,96.31,81.772,94.57,79.606,93.09,127.332,76.224
805.39,84.823,96.562,80.971,93.792,79.408,93.169,124.102,79.648
805.56,85.001,96.845,80.701,93.268,79.381,92.328,123.439,76.239
805.74,84.493,95.901,81.847,93.547,80.381,91.598,123.385,77.259
805.91,85.629,97.006,81.482,92.311,80.822,91.318,125.148,78.649
806.09,85.959,96.868,81.542,90.927,80.041,89.768,127.192,77.53
806.26,85.604,96.805,81.326,90.425,81.116,90.801,124.521,78.709
806.44,86.688,97.097,81.788,91.604,80.992,90.93,123.5,79.457
806.61,86.805,96.345,81.57,92.29,81.624,92.793,125.057,79.239
806.79,86.235,97.068,81.352,91.465,81.9,93.093,126.052,82.407
806.96,86.292,96.769,80.797,90.876,81.831,93.238,127.063,80.189
807.14,87.398,95.962,80.646,91.128,82.629,93.042,127.564,78.781
807.31,87.686,95.956,80.639,90.85,82.789,93.921,125.635,79.443
807.49,88.194,96.641,80.718,90.864,82.59,93.866,126.62,77.78
807.66,88.74,97.455,80.062,89.492,82.494,93.274,126.515,79.101
807.83,89.268,97.69,80.9,89.863,84.041,93.603,127.239,78.688
808.01,89.072,96.976,81.924,90.167,83.62,93.836,126.061,81.682
808.18,89.62,97.721,81.552,89.633,83.91,93.855,128.023,82.36
808.36,88.759,97.74,80.649,89.052,83.628,93.234,128.81,82.47
808.53,88.503,96.515,80.878,89.787,84.136,94.007,129.87,82.719
808.71,88.767,96.587,81.947,91.052,82.606,95.055,133.359,84.095
808.88,89.03,96.838,82.291,92.183,82.599,95.455,129.728,80.692
809.06,89.187,98.149,82.456,91.885,83.457,95.495,132.647,78.058
809.23,89.085,97.462,83.132,92.641,83.329,95.95,135.134,76.505
809.41,90.181,98.183,82.088,91.968,82.499,95.204,137.711,76.613
809.58,89.496,98.335,80.8,92.088,82.417,93.957,133.736,80.147
809.76,89.78,98.744,79.913,92.665,84.359,93.425,135.274,80.371
809.93,90.043,98.831,79.026,92.123,83.578,91.699,135.265,79.985
810.11,89.039,99.05,80.152,92.629,84.583,91.758,134.909,81.151
810.28,89.284,99.07,80.92,92.509,84.577,90.855,133.669,80.591
810.46,89.944,98.789,79.132,91.584,84.47,90.469,129.686,84.125
810.63,89.731,98.861,79.689,92.356,84.277,90.671,130.865,84.075
810.8,89.466,99.359,79.42,92.104,83.842,90.666,135.33,84.188
810.98,89.524,99.165,79.782,92.704,83.044,89.946,139.077,86.281
811.15,89.318,98.595,78.872,92.43,83.233,90.275,138.804,87.09
811.33,88.807,97.985,79.338,92.655,83.778,89.888,139.399,85.621
811.5,88.443,96.874,78.765,92.387,83.139,90.134,136.6,87.668
811.68,88.364,96.822,78.473,91.819,82.97,89.713,136.928,86.416
811.85,88.354,96.492,79.384,91.844,83.233,89.029,137.206,88.507
812.03,88.967,96.616,80.475,93.016,83.72,88.981,135.449,87.769
812.2,89.736,97.269,79.997,91.565,84.327,88.211,134.349,87.987
812.38,90.365,97.665,79.22,90.131,85.543,87.587,133.53,88.155
812.55,91.243,97.808,79.287,89.841,85.47,86.379,133.188,90.67
812.72,91.149,96.399,78.769,90.709,84.713,86.483,132.535,91.7
812.9,91.291,96.91,78.463,89.664,84.033,85.835,129.496,94.413
813.07,90.154,96.79,77.705,90.294,83.407,87.056,128.466,94.546
813.25,90.348,96.966,78.549,90.868,82.562,89.066,132.023,94.608
813.42,91.094,97.303,78.359,90.669,80.885,90.911,128.624,92.518
813.6,91.584,98.153,79.087,91.334,81.779,90.655,128.734,97.01
813.77,92.975,99.067,77.651,89.58,81.43,90.897,130.594,96.105
813.94,92.543,99.236,76.638,88.004,81.778,90.438,130.864,94.65
814.12,92.473,98.918,77.953,89.197,81.632,91.523,132.6,90.032
814.29,92.88,99.393,77.84,88.523,82.584,92.519,127.746,92.115
814.47,92.673,98.411,77.938,89.108,83.209,91.859,126.551,93.637
814.64,92.327,98.973,77.506,88.636,83.897,92.644,124.275,92.75
814.82,91.165,98.651,78.01,88.939,83.413,92.279,124.109,92.116
814.99,91.349,99.093,77.408,89.734,83.581,93.001,125.529,94.183
815.16,91.285,99.477,78.099,90.166,82.997,92.773,126.673,95.248
815.34,91.193,99.685,78.6,91.044,83.193,92.898,126.153,96.762
815.51,91.241,99.848,79.198,92.075,81.998,93.975,125.411,94.253
815.69,91.842,99.992,78.465,91.749,81.963,94.862,123.887,93.922
815.86,91.911,98.923,78.992,93.994,80.99,94.557,123.818,92.621
816.03,91.281,97.766,78.862,94.581,80.822,94.511,122.039,93.421
816.21,89.969,96.789,79.698,95.265,80.823,95.59,122.96,93.961
816.38,89.279,96.053,79.874,95.337,81.493,94.849,121.689,94.574
816.56,88.858,95.625,80.468,96.002,81.38,95.729,119.269,91.406
816.73,89.181,96.237,80.02,95.218,82.206,95.542,119.092,92.014
816.9,88.213,95.274,80.05,94.54,82.679,93.836,118.337,89.627
817.08,88.504,95.299,80.114,93.926,83.474,93.801,120.568,90.926
817.25,88.348,95.04,80.255,93.935,83.269,94.696,122.691,85.155
817.43,87.827,94.092,80.634,94.512,83.396,94.6,118.778,83.337
817.6,88.139,94.296,80.849,94.055,82.816,94.658,116.991,83.672
817.77,87.747,94.199,81.278,93.809,83.27,94.222,115.998,82.355
817.95,87.498,94.281,81.62,92.973,83.42,93.431,113.52,80.987
818.12,87.039,94.385,81.535,92.379,83.472,94.174,110.94,78.401
818.3,86.664,93.829,81.177,92.252,83.818,94.239,106.78,77.017
818.47,87.186,94.418,80.677,92.227,83.981,95.12,104.03,75.328
818.64,87.355,94.778,81.008,92.034,83.938,96.03,101.746,72.968
818.82,87.166,95.163,80.681,91.798,84.156,96.036,99.276,70.542
818.99,86.64,94.93,80.364,91.661,84.14,96.518,99.123,69.975
819.17,86.673,94.731,79.992,91.538,84.088,96.818,97.884,69.698
819.34,86.214,94.644,79.761,91.428,83.984,96.723,98.529,70.065
819.51,85.747,94.652,79.488,91.16,83.719,97.004,97.766,70.118
819.69,85.768,94.861,79.273,91.284,83.457,96.962,97.619,70.065
819.86,85.86,95.043,79.299,91.236,83.245,97.203,97.165,69.647
820.03,85.87,95.306,79.105,91.301,83.014,97.339,96.934,68.752
820.21,85.882,95.166,79.065,91.415,82.896,97.168,96.647,69.068
820.38,85.798,95.133,78.991,91.678,82.89,97.004,96.507,69.136
820.56,85.879,95.054,78.834,91.671,82.767,97.155,96.729,69.114
820.73,85.875,95.089,78.93,91.873,82.609,97.015,96.124,69.007
820.9,85.77,95.023,79,91.977,82.53,96.864,95.731,69.123
821.08,85.763,95.049,78.794,91.835,82.343,96.901,95.849,68.713
821.25,85.791,95.12,78.718,92.097,82.406,97.044,95.822,68.739
821.42,85.68,95.251,78.591,92.025,82.327,97.181,95.705,68.841
821.6,85.644,95.254,78.634,92.514,82.2,97.381,96.298,68.427
821.77,85.622,95.348,78.384,92.602,82.19,97.292,96.478,68.403
821.94,85.889,95.667,78.381,92.696,81.731,97.259,97.869,68.165
822.12,85.799,95.587,78.345,92.629,81.616,96.95,98.853,68.263
822.29,85.618,95.458,78.043,92.693,81.514,96.329,100.359,68.986
822.46,85.668,95.509,78.013,92.832,81.176,96.68,102.077,69.699
822.64,85.95,95.553,77.97,92.922,81.132,96.334,101.631,70.15
822.81,85.636,95.539,77.801,92.901,81.111,95.765,102.271,70.77
822.99,85.714,95.8,77.828,93.046,80.911,95.579,102.08,70.916
823.16,86.171,96.051,78.126,93.261,80.785,95.434,103.115,70.959
823.33,86.065,96.141,78.159,93.221,80.89,95.22,103.624,70.88
823.51,86.137,96.273,77.465,93.042,80.776,94.476,104.123,70.964
823.68,86.209,96.085,77.277,93.1,80.567,94.03,103.867,71.562
823.85,86.455,96.687,76.789,93.05,80.779,93.765,105.092,71.088
824.03,86.72,96.82,76.663,92.787,80.546,93.894,104.483,70.85
824.2,86.63,96.872,76.443,93.17,80.268,93.288,103.922,69.999
824.37,86.093,96.521,75.81,93.202,80.32,93.347,103.045,70.63
824.55,86.052,96.381,75.299,92.808,80.235,93.44,102.879,70.547
824.72,85.867,96.338,75.362,93.462,80.354,93.089,103.155,71.078
824.89,85.669,95.911,75.124,93.238,80.384,92.691,102.882,71.317
825.07,85.754,95.337,74.471,93.023,80.183,92.042,102.652,71.432
825.24,85.741,95.213,73.63,92.59,80.021,91.624,102.113,71.243
825.41,85.887,95.144,73.723,92.423,79.641,91.345,101.842,71.777
825.59,86.179,95.325,73.604,92.25,80.117,91.343,99.974,72.443
825.76,86.448,95.582,73.734,92.404,80.177,91.319,99.571,73.346
825.93,86.386,95.239,73.529,92.289,79.871,91.167,98.048,73.64
826.1,86.595,94.924,73.388,92.113,80.512,90.796,98.098,74.613
826.28,86.603,95.008,73.158,91.872,80.333,90.472,99.35,74.447
826.45,87.089,95.285,72.822,91.829,80.447,90.736,100.405,73.453
826.62,87.583,95.002,72.648,91.351,80.224,90.425,100.15,74.527
826.8,87.448,95.287,72.363,91.137,80.966,90.451,100.032,74.498
826.97,87.087,94.68,72.134,90.919,80.47,90.427,101.256,74.276
827.14,87.241,94.466,71.926,90.969,80.732,90.845,101.638,75.212
827.32,86.896,94.412,72.358,90.662,81.285,91.088,104.076,75.455
827.49,86.919,94.246,72.489,90.346,81.254,91.46,105.556,75.571
827.66,86.737,93.566,72.508,90.138,81.636,90.63,108.408,77.085
827.84,87.174,93.764,72.841,89.825,82.313,91.654,110.039,79.227
828.01,88.017,93.836,73.492,90.194,82.346,90.914,113.208,78.581
828.18,88.376,94.674,74.008,90.524,82.483,90.23,114.946,79.063
828.35,88.471,94.173,73.939,89.297,82.479,90.03,118.253,80.502
828.53,88.617,95.228,74.087,90.041,82.185,90.93,121.291,78.926
828.7,88.128,95.941,75.151,90.496,82.408,91.662,121.92,79.644
828.87,87.565,95.526,76.375,90.858,83.229,91.981,125.516,82.909
829.05,87.147,95.517,76.722,92.189,83.644,92.334,125.722,81.791
829.22,86.034,95.074,76.88,92.753,82.729,91.675,130.79,83.169
829.39,84.701,93.79,77.144,92.534,82.692,91.092,134.39,82.698
829.56,84.854,94.294,77.913,92.467,82.827,92.616,134.525,82.32
829.74,84.37,93.968,78.949,92.678,83.021,91.929,134.91,81.468
829.91,84.441,94.08,78.851,92.408,83.466,92.266,132.994,81.051
830.08,83.928,93.586,79.885,92.642,83.58,92.307,129.471,82.637
830.26,84.1,94.328,79.982,92.127,84.29,92.525,131.411,80.373
830.43,83.853,94.15,80.594,91.978,83.993,92.311,130.778,82.244
830.6,84.498,94.665,80.829,91.186,84.994,93.065,126.679,82.211
830.77,85.324,95.304,80.89,90.492,85.303,93.15,125.937,80.25
830.95,86.081,95.511,80.408,90.108,85.419,93.392,121.879,81.385
831.12,85.994,94.638,80.365,89.921,85.664,93.465,120.676,84.438
831.29,86.102,95.267,80.819,90.301,85.423,93.634,116.519,83.956
831.47,85.528,94.838,80.67,90.032,85.464,93.246,116.053,82.185
831.64,85.352,94.802,80.626,89.435,85.459,93.841,117.544,82.309
831.81,85.313,94.694,80.761,89.303,85.323,94.509,116.003,82.445
831.98,85.367,94.645,80.587,89.265,85.235,95.363,114.376,81.126
832.16,85.612,94.271,79.91,88.527,85.046,94.813,114.14,81.671
832.33,85.694,94.095,79.969,88.811,84.948,94.496,114.874,81.344
832.5,86.634,94.373,79.777,88.651,84.662,94.424,114.292,81.189
832.67,86.927,94.64,79.687,87.983,84.531,94.868,115.414,79.994
832.85,86.169,93.716,79.407,87.766,84.847,95.439,114.12,80.638
833.02,86.71,94.312,79.275,87.736,85.056,95.824,111.739,80.918
833.19,87.38,94.753,79.135,88.315,85.472,96.211,113.659,82.703
833.36,87.808,95.164,78.603,88.163,85.032,96.126,113.506,83.32
833.54,88.26,95.511,79.121,88.652,85.2,95.869,115.182,84.634
833.71,88.653,96.412,78.695,88.005,85.349,96.238,116.95,85.964
833.88,88.813,96.148,78.529,88.709,85.713,96.715,117.934,89.393
834.05,88.902,96.085,77.627,88.071,85.914,97.044,119.863,87.416
834.23,89.972,96.302,77.592,89.17,86.297,96.817,124.789,88.095
834.4,88.83,94.654,78.033,90.085,86.179,96.8,122.753,91.689
834.57,88.727,94.322,77.93,90.541,86.502,97.1,125.654,94.941
834.74,88.136,94.925,77.929,90.631,86.004,96.841,126.22,92.075
834.92,89.131,95.191,77.057,90.649,86.728,99.453,132.987,93.006
835.09,90.228,95.362,75.667,90.049,85.976,100.963,132.05,94.75
835.26,90.264,94.986,75.815,90.608,87.336,100.648,133.692,97.885
835.43,90.694,94.874,75.475,90.975,88.673,100.068,139.893,97.945
835.6,91.508,95.485,75.103,90.898,88.918,99.277,143.254,103.442
835.78,91.411,96.037,76.893,92.098,89.687,99.713,141.723,109.645
835.95,92.066,96.563,76.054,92.161,90.336,100.091,141.223,111.442
836.12,90.537,96.439,76.148,92.704,91.188,101.062,138.371,106.578
836.29,90.356,96.852,75.576,93.521,91.34,100.368,135.118,114.089
836.47,91.94,98.085,76.744,94.367,91.325,100.581,138.846,113.375
836.64,91,97.668,76.904,94.675,91.219,100.664,139.959,119.362
836.81,89.599,97.328,77.624,94.71,90.276,99.028,140.695,118.806
836.98,89.511,97.64,77.177,95.312,89.799,98.234,137.841,116.542
837.15,88.768,97.25,77.471,94.585,87.605,98.472,141.516,113.517
837.33,88.293,95.889,77.342,94.843,86.93,97.761,146.047,110.27
837.5,88.316,96.457,77.425,95.702,86.441,95.356,144.064,106.941
837.67,89.119,97.305,77.25,95.337,86.627,93.351,140.824,107.924
837.84,87.255,96.498,77.7,95.557,86.283,93.814,138.075,109.569
838.01,87.715,97.916,77.176,94.064,86.602,94.069,142.629,109.944
838.19,87.845,98.792,77.505,94.175,85.606,93.384,146.081,102.999
838.36,88.655,99.644,77.332,93.75,86.674,93.618,145.167,106.393
838.53,87.897,99.072,76.588,92.794,85.871,92.119,145.269,103.46
838.7,88.679,99.128,78.898,94.113,87.618,91.339,146.397,108.606
838.87,89.087,100.497,78.81,93.569,86.298,92.034,143.779,106.939
839.05,88.524,99.387,78.597,93.489,85.597,92.945,139.552,104.479
839.22,87.19,98.739,78.93,93.278,86.351,91.64,137.303,105.063
839.39,87.448,98.104,79.406,93.86,85.611,91.623,143.118,99.519
839.56,88.484,97.947,81.394,93.645,84.974,92.128,144.215,103.701
839.73,89.395,97.172,81.162,94.008,84.148,92.032,144.824,106.64
839.91,90.173,97.076,81.113,93.042,86.009,92.616,150.611,103.38
840.08,90.506,97.443,81.573,91.899,84.907,94.031,150.82,100.592
840.25,91.817,98.083,82.788,93.805,82.566,95.341,154.931,96.057
840.42,93.337,98.107,82.6,92.655,83.211,95.019,148.608,95.129
840.59,93.522,98.203,83.863,91.7,82.769,97.283,156.71,98.977
840.77,94.086,98.047,82.054,92.311,83.321,96.893,157.097,101.671
840.94,94.937,99.338,83.651,93.734,83.958,98.169,151.981,105.111
841.11,93.237,97.736,83.423,93.457,83.693,102.423,155.546,109.005
841.28,92.842,94.624,83.928,94.564,82.167,105.518,159.144,114.354
841.45,93.972,96.146,83.418,92.981,79.379,106.072,161.83,113.559
841.62,94.334,96.491,83.709,96.127,77.031,104.512,166.998,111.643
841.8,93.907,96.591,83.673,95.036,77.08,102.181,157.87,115.935
841.97,94.35,95.914,85.079,95.796,75.907,102.54,160.163,115.523
842.14,94.933,94.366,87.811,97.508,76.072,101,156.531,122.753
842.31,92.718,94.952,86.758,96.917,75.509,103.066,158.912,121.068
842.48,92.523,94.637,84.826,95.881,75.517,103.792,163.986,122.685
842.65,93.353,95.698,86.152,96.836,77.014,102.856,172.318,124.543
842.83,95.334,96.895,89.094,98.966,73.752,104.969,183.398,124.355
843,95.372,96.824,88.694,97.143,73.885,103.773,187.96,124.528
843.17,95.528,97.321,86.536,97.185,74.717,104.583,195.829,118.88
843.34,95.431,97.879,86.773,95.619,76.749,103.294,198.816,113.515
843.51,95.496,96.81,89.074,97.189,73.56,104.033,208.604,121.808
843.68,94.806,96.577,88.059,98.596,76.56,101.98,201.755,122.788
843.86,93.36,94.544,87.116,96.133,78.078,100.892,203.426,119.334
844.03,90.225,93.878,87.831,95.77,78.04,99.745,212.277,116.561
844.2,90.303,95.684,88.441,99.086,79.218,100.472,194.824,120.457
844.37,90.373,95.924,90.081,99.302,81.711,101.587,191.1,126.877
844.54,91.181,94.713,91.621,101.508,79.861,100.257,191.414,128.111
844.71,92.964,95.639,91.456,101.428,79.686,96.56,194.523,120.659
844.88,93.277,99.198,91.631,103.553,81.318,95.42,198.818,111.64
845.06,95.926,100.157,90.961,102.606,83.708,96.502,205.461,115.131
845.23,97.196,101.609,93.206,99.903,87.992,97.678,197.155,115.447
845.4,99.664,100.628,92.198,101.087,89.422,99.814,211.291,113.961
845.57,98.275,101.18,89.043,101.413,88.1,100.781,220.194,111.562
845.74,97.692,101.547,87.916,102.064,87.199,102.782,235.093,110.883
845.91,95.226,100.405,89.055,102.983,86.983,99.466,236.974,114.071
846.08,93.88,99.84,89.932,103.942,86.016,101.987,214.084,114.116
846.25,96.155,101.762,85.638,99.974,85.072,102.699,207.363,127.707
846.43,97.427,103.513,85.194,99.028,87.394,102.116,199.55,118.108
846.6,98.113,105.867,86.182,101.149,89.341,104.321,178.834,119.064
846.77,95.353,105.107,85.151,101.091,91.092,101.64,177.791,127.421
846.94,95.204,106.938,85.663,104.464,90.687,104.37,169.301,133.63
847.11,92.602,106.568,84.763,104.758,91.142,103.123,156.757,128.27
847.28,92.231,106.572,84.931,105.208,88.415,101.344,164.469,136.093
847.45,94.299,107.149,80.413,101.966,90.403,100.13,159.538,137.184
847.62,96.75,108.031,78.312,98.637,91.44,104.425,162.376,146.963
847.8,96.028,105.312,74.913,97.394,91.557,104.019,167.319,136.555
847.97,94.905,105.333,72.525,96.903,89.256,106.554,163.213,138.822
848.14,92.857,105.208,72.814,96.188,90.696,105.826,159.102,144.409
848.31,93.83,106.242,76.613,96.951,88.684,109.37,161.422,152.497
848.48,95.09,105.479,75.077,96.318,87.721,110.534,161.631,156.275
848.65,90.429,102.168,75.366,97.865,87.176,107.72,151.674,162.737
848.82,87.868,98.217,73.202,99.595,86.374,104.366,152.1,169.333
848.99,87.032,98.955,74.916,99.952,85.133,104.931,153.286,178.156
849.16,87.838,98.366,76.944,100.386,87.221,106.25,149.018,185.439
849.33,85.297,98.727,78.95,101.426,87.948,106.881,154.167,167.682
849.51,88.101,100.731,78.825,102.062,89.273,107.435,153.124,164.997
849.68,92.189,100.906,77.587,101.768,90.234,104.033,155.96,159.385
849.85,90.384,100.786,80.843,105.02,87.458,101.93,156.137,150.16
850.02,89.685,100.163,81.353,106.062,88.36,102.887,162.86,154.185
850.19,87.979,96.915,79.435,105.743,88.527,103.876,178.542,151.731
850.36,89.768,98.496,82.177,106.312,88.308,105.041,183.677,142.23
850.53,89.611,99.005,84.071,104.575,88.123,102.004,206.667,146.563
850.7,89.307,100.14,85.502,103.171,88.277,105.61,210.956,143.526
850.87,91.799,102.02,84.821,105.128,88.854,102.917,211.145,143.11
851.04,93.154,102.306,91.857,110.749,88.555,103.587,224.005,141.637
851.21,92.907,102.977,94.613,116.768,81.664,100.135,233.095,134.854
851.39,93.019,102.056,98.932,119.792,79.887,98.389,238.152,127.616
851.56,91.73,100.179,97.87,116.494,80.319,97.047,241.764,119.859
851.73,92.654,99.488,95.404,114.95,75.963,97.598,249.088,119.429
851.9,92.729,100.47,93.942,114.583,78.958,98.646,242.054,120.921
852.07,93.32,101.021,96.472,113.065,78.989,99.797,230.775,122.527
852.24,96.048,102.806,92.63,110.433,77.85,100.368,253.223,124.452
852.41,96.395,105.065,93.951,111.425,77.292,102.917,290.562,122.626
852.58,94.544,102.506,94.457,111.995,76.075,100.622,281.649,114.263
852.75,93.854,101.155,93.613,111.93,77.182,98.489,316.801,118.856
852.92,96.102,100.512,90.297,106.338,76.56,94.746,270.685,115.653
853.09,95.987,100.317,89.611,105.784,72.714,95.391,273.313,112.688
853.26,92.539,100.472,93.671,108.017,73.527,97.399,330.348,116.432
853.43,90.797,98.379,91.594,108.319,74.86,98.236,376.296,117.278
853.6,91.024,99.461,91.461,109.135,75.344,100.333,309.34,125.266
853.77,93.448,101.339,87.693,106.28,73.9,99.729,275,126.165
853.95,91.326,100.072,85.758,104.195,73.158,103.915,250.401,132.778
854.12,90.698,100.57,84.068,102.62,71.29,107.251,224.934,139.147
854.29,95.164,101.939,84.644,102.725,70.467,103.749,199.388,140.599
854.46,93.53,99.696,84.819,98.515,70.847,107.272,187.465,136.207
854.63,91.163,100.454,81.425,96.364,70.532,107.818,188.11,143.346
854.8,90.066,98.685,80.877,94.543,74.664,107.846,180.608,152.884
854.97,88.335,100,79.948,92.202,76.181,107.605,186.567,180.809
855.14,92.553,102.003,82.545,92.487,76.705,107.123,203.997,184.993
855.31,93.551,103.905,82.201,90.208,80.379,107.767,207.543,181.61
855.48,89.355,100.102,82.196,91.939,79.418,106.997,204.87,160.987
855.65,87.736,100.673,83.519,94.465,80.418,105.769,203.409,170.039
855.82,90.021,101.138,87.152,95.956,83.235,105.294,198.593,150.211
855.99,91.699,103.48,88.145,95.784,83.124,105.665,179.7,148.89
856.16,94.839,106.056,88.103,95.124,85.839,107.308,187.851,154.506
856.33,96.027,106.351,87.558,94.454,83.868,106.662,178.555,146.204
856.5,96.401,107.226,89.834,100.05,84.686,107.67,181.191,150.223
856.67,99.267,106.811,89.097,99.563,88.039,107.959,178.482,171.002
856.84,101.096,105.998,87.478,95.172,89.075,108.885,174.359,163.723
857.01,103.699,107.425,89.887,96.045,90.929,110.452,163.879,168.339
857.18,101.234,103.862,86.67,93.799,90.23,107.773,174.532,160.974
857.35,99.247,106.509,89.998,96.493,90.815,108.158,170.413,166.309
857.52,103.253,110.881,90.9,96.95,89.575,106.856,167.53,159.956
857.69,104.059,109.378,87.373,97.383,89.022,103.826,167.141,150.667
857.86,104.65,112.642,83.858,95.417,88.091,104.367,190.337,159.71
858.03,107.207,117.087,82.52,94.46,88.47,105.112,208.009,167.241
858.2,108.769,117.715,82.719,95.121,89.994,105.905,201.531,174.834
858.37,109.115,116.243,83.974,98.026,90.859,108.961,208.467,170.034
858.54,111.859,117.335,83.098,98.909,90.19,112.248,211.612,160.101
858.71,108.544,118.211,82.291,101.57,89.713,111.104,194.272,160.081
858.88,107.222,116.763,84.684,102.859,91.229,114.61,185.296,156.225
859.05,109.951,117.761,85.583,98.978,89.826,113.124,179.218,166.916
859.22,109.278,116.265,84.07,95.946,87.735,112.462,191.464,177.894
859.39,105.886,118.91,84.022,95.614,85.172,115.565,192.732,186.195
859.56,105.645,116.16,83.935,97.705,83.446,118.531,203.295,186.791
859.73,103.666,118.149,85.145,94.996,82.593,122.105,212.254,195.392
859.9,103.645,117.49,85.366,95.687,82.916,123.482,209.091,205.989
860.07,104.688,121.218,84.825,89.698,83.462,123.312,199.451,217.45
860.24,102.836,120.187,85.16,89.973,79.561,118.898,201.982,187.488
860.41,98.947,118.953,85.478,91.694,75.564,116.121,187.129,196.032
860.58,97.938,117.817,83.427,88.497,75.285,118.211,185.514,218.61
860.75,101.342,120.397,84.323,89.558,75.351,119.148,181.602,220.945
860.92,103.669,120.137,85.835,90.593,75.029,118.141,187.916,220.372
861.09,101.587,116.872,85.396,92.162,73.935,122.955,197.461,220.022
861.26,99.971,117.63,85.942,91.581,76.593,126.545,200.877,204.541
861.43,98.954,115.979,88.314,93.996,78.624,128.4,194.086,180.658
861.6,95.311,111.626,87.614,93.673,76.867,126.524,181.752,181.224
861.77,91.962,108.89,88.565,92.441,75.818,127.15,183.142,182.653
861.94,93.966,112.068,83.974,87.416,75.719,121.618,178.414,190.605
862.11,90.962,112.077,84.486,86.361,76.18,120.377,175.998,170.536
862.28,91.362,110.211,86.151,85.394,76.285,122.406,171.554,171.482
862.45,90.872,111.787,84.664,86.6,74.572,115.901,182.036,172.147
862.62,95.02,115.226,83.565,89.069,74.299,111.69,188.024,186.699
862.79,91.983,111.186,82.533,88.853,73.694,114.517,184.118,167.359
862.96,90.565,105.407,85.544,89.67,75.962,114.032,186.228,185.95
863.13,92.58,105.551,86.91,87.456,76.501,113.573,184.358,180.405
863.3,92.438,103.606,84.613,90.141,77.364,111.409,177.988,173.523
863.47,91.629,104.307,86.531,90.712,78.12,109.942,173.164,182.258
863.64,91.921,101.864,85.225,94.987,77.395,114.897,177.764,189.662
863.81,92.069,104.307,85.876,95.055,81.266,120.755,193.035,218.984
863.98,96.526,106.55,86.195,97.081,84.155,123.687,198.978,219.524
864.15,95.349,105.315,88.186,101.135,82.011,120.514,205.431,180.506
864.32,93.768,104.674,90.603,101.446,82.349,121.337,206.413,175.203
864.49,93.547,104.97,89.691,98.074,81.646,127.011,202.229,186.077
864.66,96.815,107.054,88.182,95.335,83.483,121.273,201.991,207.531
864.83,97.889,108.604,89.941,94.144,82.69,114.587,198.679,235.979
864.99,95.627,106.191,91.528,92.188,80.909,112.556,202.424,256.753
865.16,99.03,106.356,94.985,94.781,83.928,113.808,211.953,232.107
865.33,99.507,107.509,94.746,95.882,82.676,115.137,228.791,226.467
865.5,98.044,104.757,95.565,96.808,81.91,117.875,225.721,224.592
865.67,101.01,102.473,99.336,100.375,80.529,116.419,239.389,245.321
865.84,100.923,103.456,99.828,102.407,81.148,115.852,247.011,252.98
866.01,102.964,103.146,101.203,101.731,79.028,120.325,246.951,267.982
866.18,99.186,99.679,101.773,103.14,80.199,124.267,265.871,279.321
866.35,104.306,103.294,101.553,106.565,81.954,124.153,280.962,252.441
866.52,106.234,105.825,95.763,105.991,81.498,117.47,280.751,222.782
866.69,104.007,103.782,93.416,107.977,82.971,115.484,277.035,230.303
866.86,105.491,105.821,94.663,107.99,82.348,117.018,292.181,209.819
867.03,105.045,105.071,96.189,109.207,83.674,117.476,360.787,212.871
867.2,105.51,104.553,97.866,107.635,82.659,119.165,415.735,211.638
867.37,102.588,101.357,98.887,105.477,80.693,118.548,444.288,218.387
867.53,101.655,101.345,97.211,104.985,80.638,115.292,434.3,201.949
867.7,101.355,99.272,94.737,100.145,81.93,113.387,406,208.977
867.87,100.969,98.136,90.74,98.248,83.321,111.685,437.068,214.765
868.04,98.217,95.823,89.117,98.434,85.627,110.706,386.107,203.496
868.21,95.718,92.064,89.628,98.414,84.598,110.978,388.315,199.585
868.38,95.514,88.845,90.442,98.491,86.359,113.216,421.45,176.894
868.55,98.045,88.293,88.281,100.454,89.825,118.153,445.364,175.175
868.72,95.744,87.976,87.229,101.586,87.506,120.181,440.566,185.385
868.89,96.913,87.812,87.876,102.251,87.497,116.131,365.267,173.613
869.06,96.873,87.771,90.303,102.266,88.341,118.139,376.654,160.21
869.23,95.851,89.454,87.846,99.085,85.962,123.367,395.927,166.382
869.4,94.787,88.535,89.476,97.139,85.291,126.153,457.121,155.364
869.56,92.907,87.924,87.401,96.901,86.567,123.991,440.058,151.193
869.73,94.253,90.122,83.474,94.415,83.958,124.885,401.282,150.268
869.9,92.29,88.779,83.792,92.696,85.065,124.207,400.642,166.53
870.07,91.949,88.381,84.945,93.918,84.949,127.936,423.95,162.846
870.24,92.045,89.416,90.005,92.069,82.542,128.829,421.549,160.218
870.41,90.903,88.796,90.463,95.066,81.163,123.844,410.393,156.811
870.58,91.926,89.666,86.304,93.311,78.641,122.58,322.631,154.891
870.75,88.215,88.17,85.806,94.425,80.247,118.643,306.854,144.272
870.92,90.257,90.279,81.709,93.399,83.195,114.277,285.308,132.256
871.08,91.232,90.1,83.643,94.405,82.014,113.023,290.748,138.404
871.25,92.734,93.69,84.481,97.199,83.615,111.367,310.918,144.706
871.42,93.575,96.665,84.983,97.906,84.437,111.1,272.29,138.587
871.59,94.466,96.376,89.58,99.606,84.756,107.584,287.703,143.091
871.76,93.601,97.46,91.016,101.374,85.066,107.525,289.859,141.644
871.93,95.955,99.623,91.827,106.978,82.358,108.58,278.855,163.52
872.1,92.341,100.333,88.566,106.726,81.96,105.291,237.077,164.232
872.27,95.495,100.84,87.217,104.208,83.036,103.308,216.631,156.376
872.43,96.621,101.51,89.406,101.671,83.862,100.779,220.233,172.685
872.6,95.582,100.237,86.624,100.986,81.553,99.089,217.93,193.474
872.77,95.346,99.171,86.679,101.918,85.254,94.302,199.497,186.465
872.94,95.961,99.058,85.869,103.248,85.647,91.895,193.086,191.423
873.11,95.944,98.683,86.201,104.649,86.789,91.323,184.518,201.616
873.28,97.608,96.425,87.328,102.953,87.867,92.846,171.455,183.04
873.45,99.924,97.152,87.183,100.901,87.168,91.332,174.558,194.418
873.62,101.296,96.325,89.338,100.997,89.669,91.828,176.51,203.01
873.78,97.664,96.022,84.324,103.316,91.38,89.47,189.311,238.18
873.95,97.031,97.364,83.501,100.435,92.978,95.98,187.398,264.627
874.12,94.049,96.96,85.57,103.283,94.171,100.131,195.288,260.859
874.29,96.864,100.738,84.591,101.654,93.838,100.603,185.152,311.08
874.46,95.138,95.874,88.996,107.486,90.497,111.822,187.743,308.973
874.63,93.031,96.021,88.092,105.78,92.792,112.441,188.377,304.288
874.8,91.332,93.601,85.714,103.343,90.161,117.739,188.562,286.615
874.96,90.213,91.605,88.473,105.349,88.409,118.16,199.359,279.028
875.13,90.211,92.854,88.257,105.431,85.662,117.545,214.789,268.644
875.3,92.655,97.007,86.67,104.497,84.916,119.428,201.896,257.428
875.47,92.106,97.133,86.964,103.225,85.481,119.913,200.613,224.684
875.64,92.18,96.036,91.55,102.012,83.824,123.204,232.575,221.497
875.81,89.633,96.999,91.496,105.359,82.801,117.932,240.099,232.212
875.97,90.27,97.443,88.291,108.673,84.19,122.085,249.331,216.371
876.14,90.613,98.915,91.501,111.211,84.5,120.197,254.883,195.337
876.31,94.073,99.697,91.891,111.001,83.201,124.712,232.642,190.992
876.48,93.891,100.084,90.012,108.642,84.426,123.413,208.912,174.095
876.65,94.044,99.953,91.348,107.189,84.86,119.559,192.787,158.972
876.82,94.008,100.269,92.57,106.567,84.79,116.771,184.615,152.23
876.98,91.632,98.933,92.978,105.85,84.409,113.306,159.722,138.817
877.15,91.396,99.053,91.055,101.28,83.244,109.004,139.413,127.986
877.32,91.661,97.843,90.198,97.386,83.379,105.09,128.261,113.493
877.49,91.473,95.445,89.461,96.039,83.755,103.154,124.379,106.631
877.66,91.27,94.515,88.466,93.301,83.877,101.225,120.132,99.27
877.83,90.09,93.353,88.897,92.639,84.09,100.945,117.541,94.129
877.99,90.243,93.942,88.672,91.67,84.556,99.367,114.6,94.411
878.16,89.689,93.464,87.739,91.006,84.431,99.407,111.141,92.393
878.33,89.088,93.155,88.328,91.567,83.967,99.487,109.788,90.56
878.5,88.73,93.326,87.721,91.067,84.427,99.686,109.134,88.896
878.67,88.271,93.539,86.271,90.719,84.893,99.787,108.441,85.977
878.83,87.63,92.875,85.868,90.522,84.918,98.853,107.903,85.535
879,87.041,92.448,85.213,90.309,84.737,97.995,108.854,85.037
879.17,86.69,92.789,84.538,90.31,84.382,97.591,107.798,84.234
879.34,86.684,92.671,84.772,90.367,84.231,98.211,107.523,81.878
879.51,86.705,92.783,84.518,90.109,83.753,97.87,105.306,81.708
879.67,86.193,93.141,83.759,90.109,83.963,97.919,105.001,81.781
879.84,85.395,93.022,83.358,90.003,84.071,97.174,107.525,80.408
880.01,85.074,92.819,83.155,90.157,83.126,96.67,108.68,81.328
880.18,85.403,93.344,82.091,89.702,82.799,96.68,109.471,81.621
880.35,84.67,93.394,81.748,89.724,82.745,96.043,110.026,80.819
880.51,84.562,93.21,80.849,89.423,82.557,96.073,112.154,80.866
880.68,84.299,93.491,80.077,89.969,82.172,96.342,113.429,80.799
880.85,75.558,99.899,72.389,90.876,75.897,101.046,107.302,36.5
881.02,84.452,94.582,90.758,111.212,69.288,97.931,135.751,52.761
881.19,99.118,105.882,71.87,97.218,74.841,94.581,71.774,105.687
881.35,69.068,108.192,62.916,100,87.29,99.223,129.775,105.385
881.52,80.46,99.179,77.215,98.734,79.832,97.706,370.588,22.667
881.69,75.712,91.457,77.468,101.519,53.595,83.704,154.701,121.875
881.86,115.262,124.601,45.11,73.852,65.894,82.133,166.154,181.609
882.02,82.547,102.594,79.878,96.951,70.255,78.419,162.676,75.688
882.19,72.832,73.41,53.779,82.849,75.845,84.576,317.188,109.615
882.36,92.308,121.006,45.37,97.84,59.434,93.45,64.545,112.931